football_team,player_count,total_market_value_eur,avg_market_value_eur,attack_market_value_eur,midfield_market_value_eur,defense_market_value_eur,goalkeeper_market_value_eur,other_market_value_eur,year,log_total_market_value,population,log_population,log_talent_output,popularity_class,popularity_score
Afghanistan,1,25000,25000.0,0,0,25000,0,0,2012,10.126631103850338,30560034.0,17.23520363482742,10.126631103850338,unknown,0.0
Afghanistan,1,350000,350000.0,0,0,350000,0,0,2013,12.765688433465597,31622704.0,17.26938590158588,12.765688433465597,unknown,0.0
Afghanistan,2,325000,162500.0,0,25000,300000,0,0,2014,12.691580461311874,32792523.0,17.30571109005108,12.691580461311874,unknown,0.0
Afghanistan,2,450000,225000.0,0,150000,300000,0,0,2015,13.017002861746503,33831764.0,17.33691068246577,13.017002861746503,unknown,0.0
Afghanistan,2,600000,300000.0,0,300000,300000,0,0,2016,13.304684934198283,34700612.0,17.362267881649167,13.304684934198283,unknown,0.0
Afghanistan,2,500000,250000.0,0,300000,200000,0,0,2017,13.122363377404328,35688935.0,17.390351254729715,13.122363377404328,unknown,0.0
Afghanistan,2,350000,175000.0,0,200000,150000,0,0,2018,12.765688433465597,36743039.0,17.419459350715854,12.765688433465597,unknown,0.0
Afghanistan,2,550000,275000.0,0,400000,150000,0,0,2019,13.217673557208654,37856121.0,17.44930324207805,13.217673557208654,unknown,0.0
Afghanistan,2,550000,275000.0,0,400000,150000,0,0,2020,13.217673557208654,39068979.0,17.480839334107248,13.217673557208654,unknown,0.0
Afghanistan,2,475000,237500.0,0,325000,150000,0,0,2021,13.071070083016778,40000412.0,17.504400312025165,13.071070083016778,unknown,0.0
Afghanistan,3,625000,208333.33333333334,0,450000,175000,0,0,2022,13.345506928718539,40578842.0,17.518757355730035,13.345506928718539,unknown,0.0
Afghanistan,3,625000,208333.33333333334,0,450000,175000,0,0,2023,13.345506928718539,41454761.0,17.540113294228174,13.345506928718539,unknown,0.0
Afghanistan,3,625000,208333.33333333334,0,500000,125000,0,0,2024,13.345506928718539,42647492.0,17.568479025952527,13.345506928718539,unknown,0.0
Albania,3,3800000,1266666.6666666667,250000,3500000,50000,0,0,2005,15.150511624696614,3011487.0,14.91794453467094,15.150511624696614,unknown,0.0
Albania,4,6200000,1550000.0,1800000,4350000,50000,0,0,2006,15.64005985001532,2992547.0,14.911635422222425,15.64005985001532,unknown,0.0
Albania,7,10595000,1513571.4285714286,3250000,6645000,700000,0,0,2007,16.175892749684536,2970017.0,14.904078234668225,16.175892749684536,unknown,0.0
Albania,13,22145000,1703461.5384615385,7250000,10595000,4300000,0,0,2008,16.913122295339434,2947314.0,14.896404805076802,16.913122295339434,unknown,0.0
Albania,17,26095000,1535000.0,4550000,14995000,6550000,0,0,2009,17.077254283059652,2927519.0,14.889665864612283,17.077254283059652,unknown,0.0
Albania,21,25950000,1235714.2857142857,4900000,12500000,8475000,75000,0,2010,17.07168216757617,2913021.0,14.884701244978409,17.07168216757617,unknown,0.0
Albania,29,24575000,847413.7931034482,4675000,13275000,6125000,500000,0,2011,17.017240223997504,2905195.0,14.882011071660763,17.017240223997504,unknown,0.0
Albania,38,28025000,737500.0,6425000,14725000,6075000,800000,0,2012,17.148607526922497,2860708.0,14.866579704607537,17.148607526922497,unknown,0.0
Albania,45,29275000,650555.5555555555,7675000,11875000,8600000,1075000,50000,2013,17.192244467448056,2816902.0,14.851148257470973,17.192244467448056,unknown,0.0
Albania,50,33625000,672500.0,8000000,13775000,10450000,1300000,100000,2014,17.330780395886276,2773767.0,14.835716882097046,17.330780395886276,unknown,0.0
Albania,63,36050000,572222.2222222222,9150000,11625000,11825000,3350000,100000,2015,17.40041742169523,2731293.0,14.8202856814092,17.40041742169523,unknown,0.0
Albania,74,41575000,561824.3243243244,11550000,10150000,16275000,3500000,100000,2016,17.543009583043265,2689469.0,14.804854334323002,17.543009583043265,unknown,0.0
Albania,82,56525000,689329.268292683,15300000,11850000,24625000,4650000,100000,2017,17.85019357612831,2648285.0,14.789422818646306,17.85019357612831,unknown,0.0
Albania,93,79275000,852419.3548387097,15025000,11675000,32350000,20125000,100000,2018,18.188433378388684,2607733.0,14.773991819487154,18.188433378388684,unknown,0.0
Albania,100,87850000,878500.0,13775000,14550000,34150000,25275000,100000,2019,18.29114137259738,2567801.0,14.758560448577475,18.29114137259738,unknown,0.0
Albania,110,108275000,984318.1818181818,15025000,19325000,45425000,28400000,100000,2020,18.500184845064965,2528480.0,14.74312888964293,18.500184845064965,unknown,0.0
Albania,121,126550000,1045867.7685950414,13975000,20525000,69125000,22825000,100000,2021,18.65614804495541,2489762.0,14.72769768154329,18.65614804495541,unknown,0.0
Albania,131,126300000,964122.1374045801,25850000,31275000,60650000,8425000,100000,2022,18.65417058732072,2451636.0,14.712266114773712,18.65417058732072,unknown,0.0
Albania,136,145255000,1068051.4705882352,50455000,43925000,44375000,6400000,100000,2023,18.79400137651174,2414095.0,14.696835033634951,18.79400137651174,unknown,0.0
Albania,144,155180000,1077638.888888889,62480000,51425000,36350000,4825000,100000,2024,18.86009629143008,2377128.0,14.681403594282491,18.86009629143008,unknown,0.0
Algeria,8,3400000,425000.0,1750000,450000,1200000,0,0,2005,15.03928598958639,33109249.0,17.315323227296997,15.03928598958639,unknown,0.0
Algeria,11,6500000,590909.0909090909,2600000,950000,2900000,50000,0,2006,15.687312734865866,33623506.0,17.330735963672414,15.687312734865866,unknown,0.0
Algeria,12,7725000,643750.0,3150000,1725000,2800000,50000,0,2007,15.859972380748083,34189416.0,17.34742668045176,15.859972380748083,unknown,0.0
Algeria,21,15350000,730952.380952381,4700000,3750000,6550000,350000,0,2008,16.54662603199748,34816961.0,17.365615211068654,16.54662603199748,unknown,0.0
Algeria,30,30650000,1021666.6666666666,10800000,11150000,8250000,450000,0,2009,17.238143220346494,35490445.0,17.384774063287377,17.238143220346494,unknown,0.0
Algeria,36,40050000,1112500.0,13600000,18850000,7150000,450000,0,2010,17.505639231478643,36188236.0,17.404244651605342,17.505639231478643,unknown,0.0
Algeria,39,49575000,1271153.8461538462,17400000,22175000,8900000,1100000,0,2011,17.718997232370135,36903376.0,17.423813595340658,17.718997232370135,unknown,0.0
Algeria,48,58725000,1223437.5,20850000,27400000,9275000,1200000,0,2012,17.88837608850925,37646166.0,17.443741674355557,17.88837608850925,unknown,0.0
Algeria,61,75175000,1232377.049180328,25850000,35400000,12775000,1150000,0,2013,18.135329286838868,38414171.0,17.463936985939082,18.135329286838868,unknown,0.0
Algeria,65,102975000,1584230.7692307692,43525000,45100000,13600000,750000,0,2014,18.449996798286417,39205031.0,17.484315638362318,18.449996798286417,unknown,0.0
Algeria,73,117925000,1615410.9589041097,47350000,49950000,19375000,1250000,0,2015,18.585559387134598,40019529.0,17.504878117935164,18.585559387134598,unknown,0.0
Algeria,82,159200000,1941463.4146341463,73850000,58525000,26075000,750000,0,2016,18.885671831374555,40850721.0,17.525435029053327,18.885671831374555,unknown,0.0
Algeria,91,199425000,2191483.5164835164,109275000,60125000,28875000,1150000,0,2017,19.11094878376147,41689299.0,17.54575503513178,19.11094878376147,unknown,0.0
Algeria,105,227675000,2168333.3333333335,116475000,61025000,48575000,1600000,0,2018,19.243429731418157,42505035.0,17.565133097465793,19.243429731418157,unknown,0.0
Algeria,113,345050000,3053539.8230088498,168500000,108975000,65775000,1800000,0,2019,19.659199892030884,43294546.0,17.583537226609728,19.659199892030884,unknown,0.0
Algeria,118,404875000,3431144.0677966103,174925000,117350000,107650000,4950000,0,2020,19.819088935455767,44042091.0,17.60065634825567,19.819088935455767,unknown,0.0
Algeria,132,397650000,3012500.0,163750000,136850000,91400000,5650000,0,2021,19.80108277936742,44761099.0,17.61684999427905,19.80108277936742,unknown,0.0
Algeria,140,383350000,2738214.285714286,184775000,112550000,82450000,3575000,0,2022,19.764458967969176,45477389.0,17.632725815348117,19.764458967969176,unknown,0.0
Algeria,148,364725000,2464358.108108108,155300000,119000000,85925000,4500000,0,2023,19.714654202922233,46164219.0,17.647715575467508,19.714654202922233,unknown,0.0
Algeria,158,339950000,2151582.2784810127,135000000,127325000,71975000,5650000,0,2024,19.644309105936742,46814308.0,17.66169944065878,19.644309105936742,unknown,0.0
Andorra,1,50000,50000.0,0,0,0,50000,0,2021,10.819778284410283,78364.0,11.269119917207922,10.819778284410283,unknown,0.0
Andorra,1,200000,200000.0,0,0,0,200000,0,2022,12.206072645530174,79705.0,11.286087598067747,12.206072645530174,unknown,0.0
Andorra,1,500000,500000.0,0,0,0,500000,0,2023,13.122363377404328,80856.0,11.300425073754498,13.122363377404328,unknown,0.0
Andorra,1,800000,800000.0,0,0,0,800000,0,2024,13.592367006650065,81938.0,11.31371814269949,13.592367006650065,unknown,0.0
Angola,2,2000000,1000000.0,1000000,0,0,1000000,0,2005,14.508657738524219,19291161.0,16.775157569695963,14.508657738524219,unknown,0.0
Angola,3,3000000,1000000.0,1500000,0,500000,1000000,0,2006,14.914122846632385,20015279.0,16.812006489856998,14.914122846632385,unknown,0.0
Angola,5,4650000,930000.0,2550000,0,1100000,1000000,0,2007,15.35237777756354,20778561.0,16.84943229195936,15.35237777756354,unknown,0.0
Angola,7,4800000,685714.2857142857,2400000,0,1400000,1000000,0,2008,15.38412647587812,21578655.0,16.887215189623912,15.38412647587812,unknown,0.0
Angola,9,7600000,844444.4444444445,5400000,0,1700000,500000,0,2009,15.84365880525656,22414773.0,16.925230808373396,15.84365880525656,unknown,0.0
Angola,10,10800000,1080000.0,8750000,200000,1350000,500000,0,2010,16.195056692094447,23294825.0,16.96374179086311,16.195056692094447,unknown,0.0
Angola,14,10700000,764285.7142857143,8300000,650000,1200000,550000,0,2011,16.185754299432134,24218352.0,17.002621250834476,16.185754299432134,unknown,0.0
Angola,18,12850000,713888.8888888889,9650000,1150000,1500000,550000,0,2012,16.368854369305502,25177394.0,17.041457086387343,16.368854369305502,unknown,0.0
Angola,27,20950000,775925.925925926,15300000,1800000,2800000,1050000,0,2013,16.85764920433242,26165620.0,17.079956893284507,16.85764920433242,unknown,0.0
Angola,32,25350000,792187.5,19850000,1600000,2850000,1050000,0,2014,17.048289288001467,27160769.0,17.11728417395056,17.048289288001467,unknown,0.0
Angola,33,30350000,919696.9696969697,22850000,2600000,3350000,1550000,0,2015,17.228307075469782,28157798.0,17.15333489017392,17.228307075469782,unknown,0.0
Angola,40,41525000,1038125.0,30875000,2850000,6250000,1550000,0,2016,17.541806213463634,29183070.0,17.18909930457212,17.541806213463634,unknown,0.0
Angola,42,41150000,979761.9047619047,26400000,1875000,12000000,875000,0,2017,17.532734485087353,30234839.0,17.22450542672075,17.532734485087353,unknown,0.0
Angola,45,54175000,1203888.888888889,32325000,2775000,18550000,525000,0,2018,17.807730105386696,31297155.0,17.259037756810528,17.807730105386696,unknown,0.0
Angola,46,62100000,1350000.0,39825000,3000000,18900000,375000,0,2019,17.944256546903706,32375632.0,17.29291659902896,17.944256546903706,unknown,0.0
Angola,49,63175000,1289285.7142857143,41325000,4975000,16575000,300000,0,2020,17.961419211238532,33451132.0,17.325596185520457,17.961419211238532,unknown,0.0
Angola,55,75375000,1370454.5454545454,43350000,5350000,26375000,300000,0,2021,18.137986213011622,34532429.0,17.357409411519967,18.137986213011622,unknown,0.0
Angola,63,75850000,1203968.253968254,35550000,8650000,31350000,300000,0,2022,18.144268263758814,35635029.0,17.388839672724426,18.144268263758814,unknown,0.0
Angola,68,72850000,1071323.5294117648,28175000,7975000,36375000,325000,0,2023,18.103913090605488,36749906.0,17.41964622579672,18.103913090605488,unknown,0.0
Angola,72,81300000,1129166.6666666667,45325000,8875000,26775000,325000,0,2024,18.21365657451804,37885849.0,17.450088223021286,18.21365657451804,unknown,0.0
Antigua and Barbuda,1,50000,50000.0,0,50000,0,0,0,2005,10.819778284410283,79611.0,11.284907553239758,10.819778284410283,unknown,0.0
Antigua and Barbuda,1,300000,300000.0,0,300000,0,0,0,2006,12.611537753638338,80604.0,11.297303555054865,12.611537753638338,unknown,0.0
Antigua and Barbuda,1,825000,825000.0,0,825000,0,0,0,2007,13.623138665316818,81704.0,11.310858239257936,13.623138665316818,unknown,0.0
Antigua and Barbuda,1,1200000,1200000.0,0,1200000,0,0,0,2008,13.997832114758229,82912.0,11.325535083361837,13.997832114758229,unknown,0.0
Antigua and Barbuda,1,1200000,1200000.0,0,1200000,0,0,0,2009,13.997832114758229,84173.0,11.34062948372324,13.997832114758229,unknown,0.0
Antigua and Barbuda,1,800000,800000.0,0,800000,0,0,0,2010,13.592367006650065,85320.0,11.354164172585287,13.592367006650065,unknown,0.0
Antigua and Barbuda,1,1000000,1000000.0,0,1000000,0,0,0,2011,13.815510557964274,86332.0,11.365955607878861,13.815510557964274,unknown,0.0
Antigua and Barbuda,3,1100000,366666.6666666667,50000,1000000,50000,0,0,2012,13.9108207377686,87260.0,11.3766474466776,13.9108207377686,unknown,0.0
Antigua and Barbuda,4,1575000,393750.0,50000,1250000,225000,0,50000,2013,14.269765830241871,88064.0,11.385819101852961,14.269765830241871,unknown,0.0
Antigua and Barbuda,4,1775000,443750.0,400000,1000000,275000,0,100000,2014,14.389310980891652,88765.0,11.393747707140898,14.389310980891652,unknown,0.0
Antigua and Barbuda,4,1575000,393750.0,400000,600000,350000,0,225000,2015,14.269765830241871,89409.0,11.400976627235545,14.269765830241871,unknown,0.0
Antigua and Barbuda,5,1500000,300000.0,425000,600000,250000,0,225000,2016,14.22097566607244,89969.0,11.407220445533344,14.22097566607244,unknown,0.0
Antigua and Barbuda,5,1475000,295000.0,400000,600000,250000,0,225000,2017,14.204168547756057,90468.0,11.412751475999702,14.204168547756057,unknown,0.0
Antigua and Barbuda,5,1375000,275000.0,300000,600000,250000,0,225000,2018,14.133964289082808,90926.0,11.417801267870049,14.133964289082808,unknown,0.0
Antigua and Barbuda,5,1375000,275000.0,300000,600000,250000,0,225000,2019,14.133964289082808,91364.0,11.422606806768524,14.133964289082808,unknown,0.0
Antigua and Barbuda,6,1775000,295833.3333333333,750000,600000,200000,0,225000,2020,14.389310980891652,91846.0,11.427868540429868,14.389310980891652,unknown,0.0
Antigua and Barbuda,6,1625000,270833.3333333333,600000,600000,200000,0,225000,2021,14.301018373745976,92349.0,11.433330157198428,14.301018373745976,unknown,0.0
Antigua and Barbuda,6,1700000,283333.3333333333,600000,600000,275000,0,225000,2022,14.346138809026444,92840.0,11.438632860388374,14.346138809026444,unknown,0.0
Antigua and Barbuda,6,1650000,275000.0,550000,600000,275000,0,225000,2023,14.316285845876763,93316.0,11.44374686195053,14.316285845876763,unknown,0.0
Antigua and Barbuda,6,1375000,229166.66666666666,475000,600000,75000,0,225000,2024,14.133964289082808,93772.0,11.448621582969409,14.133964289082808,unknown,0.0
Argentina,29,165850000,5718965.517241379,48550000,50500000,55050000,11750000,0,2005,18.926594323357335,39216789.0,17.484615503886683,18.926594323357335,unknown,0.0
Argentina,42,217950000,5189285.714285715,62600000,75450000,63250000,16650000,0,2006,19.199776236648674,39622115.0,17.49489797994014,19.199776236648674,unknown,0.0
Argentina,62,323900000,5224193.548387097,117125000,113025000,70500000,23250000,0,2007,19.595945384141558,40016763.0,17.50480899929081,19.595945384141558,unknown,0.0
Argentina,167,631105000,3779071.856287425,256975000,206915000,129105000,38110000,0,2008,20.26298280919778,40424148.0,17.51493788713855,20.26298280919778,unknown,0.0
Argentina,212,766325000,3614740.566037736,302900000,249200000,180500000,33725000,0,2009,20.45711691970705,40854831.0,17.5255356342118,20.45711691970705,unknown,0.0
Argentina,259,889050000,3432625.4826254826,380550000,267625000,205775000,35100000,0,2010,20.60566403486623,41288694.0,17.536099267427428,20.60566403486623,unknown,0.0
Argentina,289,1023475000,3541435.9861591696,493825000,288625000,213000000,28025000,0,2011,20.746469536778047,41730660.0,17.546746668402406,20.746469536778047,unknown,0.0
Argentina,308,1054350000,3423214.285714286,510550000,295200000,222175000,26425000,0,2012,20.7761903002543,42161721.0,17.55702328204735,20.7761903002543,unknown,0.0
Argentina,323,1178425000,3648374.613003096,579550000,324025000,243650000,31200000,0,2013,20.887444638094717,42582455.0,17.566952871944164,20.887444638094717,unknown,0.0
Argentina,351,1149225000,3274145.299145299,554225000,317725000,247100000,30175000,0,2014,20.862353639096625,43024071.0,17.577270307731148,20.862353639096625,unknown,0.0
Argentina,385,1150175000,2987467.5324675324,584500000,295750000,241950000,27525000,450000,2015,20.86317994165734,43477012.0,17.58774289660472,20.86317994165734,unknown,0.0
Argentina,421,1329555000,3158087.8859857484,680355000,333475000,276900000,38125000,700000,2016,21.008110136727367,43900313.0,17.59743200786053,21.008110136727367,unknown,0.0
Argentina,457,1429300000,3127571.1159737417,745550000,352000000,286925000,42625000,2200000,2017,21.080450650879342,44288894.0,17.606244503810657,21.080450650879342,unknown,0.0
Argentina,482,1615475000,3351607.8838174273,923650000,347325000,299325000,43675000,1500000,2018,21.202894868023975,44654882.0,17.614474198615387,21.202894868023975,unknown,0.0
Argentina,503,1857625000,3693091.4512922466,1043850000,416650000,347300000,48625000,1200000,2019,21.342564627043007,44973465.0,17.621583207146163,21.342564627043007,unknown,0.0
Argentina,530,1916475000,3615990.566037736,1046700000,417325000,377300000,74700000,450000,2020,21.373753398087228,45191965.0,17.62642986351358,21.373753398087228,unknown,0.0
Argentina,546,1561475000,2859844.322344322,848175000,321750000,307700000,83500000,350000,2021,21.168896724312685,45312281.0,17.629088657464038,21.168896724312685,unknown,0.0
Argentina,575,1470740000,2557808.695652174,702170000,328225000,339560000,100535000,250000,2022,21.109031512433642,45407904.0,17.631196744774766,21.109031512433642,unknown,0.0
Argentina,597,1565830000,2622830.8207705193,656375000,434525000,376695000,98010000,225000,2023,21.17168187178961,45538401.0,17.634066505993967,21.17168187178961,unknown,0.0
Argentina,605,1791945000,2961892.5619834713,767610000,527855000,407560000,88845000,75000,2024,21.306567459063857,45696159.0,17.637524804192147,21.306567459063857,unknown,0.0
Armenia,1,50000,50000.0,0,0,0,50000,0,2005,10.819778284410283,3146400.0,14.961769500099736,10.819778284410283,unknown,0.0
Armenia,2,350000,175000.0,300000,0,0,50000,0,2006,12.765688433465597,3127100.0,14.955616615461743,12.765688433465597,unknown,0.0
Armenia,2,550000,275000.0,500000,0,0,50000,0,2007,13.217673557208654,3107400.0,14.949296921640038,13.217673557208654,unknown,0.0
Armenia,2,1450000,725000.0,750000,0,0,700000,0,2008,14.187074114396758,3087100.0,14.94274269686957,14.187074114396758,unknown,0.0
Armenia,4,1500000,375000.0,500000,0,350000,650000,0,2009,14.22097566607244,3066000.0,14.935884338413896,14.22097566607244,unknown,0.0
Armenia,14,4975000,355357.14285714284,1425000,2500000,550000,500000,0,2010,15.41993592857483,3044800.0,14.928945775524022,15.41993592857483,unknown,0.0
Armenia,19,8975000,472368.4210526316,2475000,5350000,650000,500000,0,2011,16.009953492338617,3027900.0,14.923379867895061,16.009953492338617,unknown,0.0
Armenia,22,13725000,623863.6363636364,5050000,7600000,575000,500000,0,2012,16.43472954535987,3024100.0,14.922124084517868,16.43472954535987,unknown,0.0
Armenia,29,29100000,1003448.275862069,6475000,21025000,1150000,450000,0,2013,17.18624873214172,3022000.0,14.921429421814821,17.18624873214172,unknown,0.0
Armenia,32,50900000,1590625.0,17450000,31550000,1350000,550000,0,2014,17.74537348152075,3013800.0,14.918712298966192,17.74537348152075,unknown,0.0
Armenia,34,52150000,1533823.5294117648,20100000,29825000,1675000,550000,0,2015,17.769634739411057,3004600.0,14.91565500561046,17.769634739411057,unknown,0.0
Armenia,34,45175000,1328676.4705882352,15125000,26300000,1700000,2050000,0,2016,17.626054394442566,2992300.0,14.911552880429745,17.626054394442566,unknown,0.0
Armenia,38,53425000,1405921.0526315789,8875000,40950000,2050000,1550000,0,2017,17.793789359169484,2979400.0,14.90723249592763,17.793789359169484,unknown,0.0
Armenia,39,50350000,1291025.641025641,7400000,38875000,2525000,1550000,0,2018,17.734509177128846,2969000.0,14.903735753745897,17.734509177128846,unknown,0.0
Armenia,43,46250000,1075581.3953488371,6450000,35225000,3025000,1550000,0,2019,17.649572021922708,2962500.0,14.901544064425524,17.649572021922708,unknown,0.0
Armenia,44,44550000,1012500.0,9025000,31400000,3475000,650000,0,2020,17.612122711881092,2961500.0,14.901206454699157,17.612122711881092,unknown,0.0
Armenia,48,41000000,854166.6666666666,9425000,27250000,4025000,300000,0,2021,17.529082624668582,2962300.0,14.90147655159806,17.529082624668582,unknown,0.0
Armenia,49,32475000,662755.1020408163,7325000,19375000,5575000,200000,0,2022,17.29598112052094,2969200.0,14.903803114225529,17.29598112052094,unknown,0.0
Armenia,52,32250000,620192.3076923077,6350000,21175000,4575000,150000,0,2023,17.289028601206056,2964300.0,14.902151474851165,17.289028601206056,unknown,0.0
Armenia,52,46600000,896153.8461538461,6300000,30100000,10100000,100000,0,2024,17.657111099095875,3033500.0,14.925227626364489,17.657111099095875,unknown,0.0
Aruba,1,50000,50000.0,50000,0,0,0,0,2008,10.819778284410283,100917.0,11.5220536757971,10.819778284410283,unknown,0.0
Aruba,1,500000,500000.0,500000,0,0,0,0,2009,13.122363377404328,101604.0,11.528838183430278,13.122363377404328,unknown,0.0
Aruba,3,625000,208333.33333333334,500000,125000,0,0,0,2010,13.345506928718539,101838.0,11.531138594389587,13.345506928718539,unknown,0.0
Aruba,4,950000,237500.0,500000,450000,0,0,0,2011,13.764217263576723,102591.0,11.538505488572998,13.764217263576723,unknown,0.0
Aruba,5,900000,180000.0,450000,450000,0,0,0,2012,13.710150042306449,104110.0,11.553203311468799,13.710150042306449,unknown,0.0
Aruba,5,1300000,260000.0,800000,500000,0,0,0,2013,14.077874822431765,105675.0,11.56812362543499,14.077874822431765,unknown,0.0
Aruba,5,2025000,405000.0,1450000,575000,0,0,0,2014,14.521080258522776,106807.0,11.578778746431539,14.521080258522776,unknown,0.0
Aruba,5,1950000,390000.0,1200000,750000,0,0,0,2015,14.48333993053993,107906.0,11.58901575674377,14.48333993053993,unknown,0.0
Aruba,5,2050000,410000.0,1050000,1000000,0,0,0,2016,14.53335035111459,108727.0,11.596595432329993,14.53335035111459,unknown,0.0
Aruba,5,2150000,430000.0,850000,1300000,0,0,0,2017,14.580978400103845,108735.0,11.596669008403088,14.580978400103845,unknown,0.0
Aruba,6,2100000,350000.0,850000,1200000,50000,0,0,2018,14.557447902693651,108908.0,11.598258768114503,14.557447902693651,unknown,0.0
Aruba,6,2200000,366666.6666666667,1200000,950000,50000,0,0,2019,14.603967918328545,109203.0,11.600963814443052,14.603967918328545,unknown,0.0
Aruba,6,1950000,325000.0,1250000,650000,50000,0,0,2020,14.48333993053993,108587.0,11.595306973976017,14.48333993053993,unknown,0.0
Aruba,6,1700000,283333.3333333333,1025000,625000,50000,0,0,2021,14.346138809026444,107700.0,11.58710486314448,14.346138809026444,unknown,0.0
Aruba,6,1575000,262500.0,975000,550000,50000,0,0,2022,14.269765830241871,107310.0,11.583477120921174,14.269765830241871,unknown,0.0
Aruba,6,1600000,266666.6666666667,975000,575000,50000,0,0,2023,14.28551418721001,107359.0,11.583933637706092,14.28551418721001,unknown,0.0
Aruba,6,1575000,262500.0,975000,550000,50000,0,0,2024,14.269765830241871,107995.0,11.589840208738353,14.269765830241871,unknown,0.0
Australia,6,6050000,1008333.3333333334,50000,300000,500000,5200000,0,2005,15.615568830007025,20176844.0,16.82004616819137,15.615568830007025,unknown,0.0
Australia,7,5555000,793571.4285714285,125000,380000,500000,4550000,0,2006,15.530208981055868,20450966.0,16.833540676501258,15.530208981055868,unknown,0.0
Australia,9,7130000,792222.2222222222,900000,1030000,1000000,4200000,0,2007,15.779821792390479,20827622.0,16.851790644454184,15.779821792390479,unknown,0.0
Australia,13,9155000,704230.7692307692,1650000,1205000,1350000,4950000,0,2008,16.02981073609075,21249199.0,16.87182975850661,16.02981073609075,unknown,0.0
Australia,16,16700000,1043750.0,6900000,2200000,3700000,3900000,0,2009,16.630919277386983,21691653.0,16.892438090134338,16.630919277386983,unknown,0.0
Australia,27,26825000,993518.5185185185,8650000,6425000,4900000,6850000,0,2010,17.104844846481036,22031750.0,16.907995152754747,17.104844846481036,unknown,0.0
Australia,40,31350000,783750.0,8675000,8075000,6925000,7675000,0,2011,17.260724825043205,22340024.0,16.921890425910927,17.260724825043205,unknown,0.0
Australia,51,32425000,635784.3137254902,9700000,8450000,6825000,7450000,0,2012,17.294440288166783,22733465.0,16.939348625917663,17.294440288166783,unknown,0.0
Australia,59,37175000,630084.7457627119,10200000,13250000,7225000,6500000,0,2013,17.431147050310493,23128129.0,16.956560140317556,17.431147050310493,unknown,0.0
Australia,68,40900000,601470.5882352941,10950000,13550000,8625000,7775000,0,2014,17.52664062101303,23475686.0,16.97147580520884,17.52664062101303,unknown,0.0
Australia,74,44650000,603378.3783783783,12600000,15000000,8700000,8350000,0,2015,17.61436486528678,23815995.0,16.98586797173483,17.61436486528678,unknown,0.0
Australia,78,58525000,750320.5128205129,13250000,20975000,11000000,13300000,0,2016,17.88496457134125,24190907.0,17.001487376715872,17.88496457134125,unknown,0.0
Australia,83,58575000,705722.891566265,13950000,21325000,12800000,10500000,0,2017,17.885818542358134,24592588.0,17.017955654689374,17.885818542358134,unknown,0.0
Australia,91,71250000,782967.032967033,18175000,29125000,11650000,12300000,0,2018,18.081705377113035,24963258.0,17.032915621793506,18.081705377113035,unknown,0.0
Australia,101,86725000,858663.3663366337,20950000,39075000,11625000,15075000,0,2019,18.278252750820087,25334826.0,17.04769052889935,18.278252750820087,unknown,0.0
Australia,110,89725000,815681.8181818182,21600000,38700000,12250000,17175000,0,2020,18.312259994997945,25649248.0,17.06002481141249,18.312259994997945,unknown,0.0
Australia,112,74025000,660937.5,17800000,28325000,14500000,13400000,0,2021,18.11991343195193,25685412.0,17.061433762245418,18.11991343195193,unknown,0.0
Australia,120,77175000,643125.0,18225000,31300000,17625000,10025000,0,2022,18.161586128352496,26018721.0,17.07432687534397,18.161586128352496,unknown,0.0
Australia,125,77875000,623000.0,18800000,30000000,19600000,9475000,0,2023,18.170615535071892,26659922.0,17.098671946979124,18.170615535071892,unknown,0.0
Australia,130,85200000,655384.6153846154,19000000,32750000,24975000,8475000,0,2024,18.260511991799543,27196812.0,17.118610318514726,18.260511991799543,unknown,0.0
Austria,17,13765000,809705.8823529412,1050000,4190000,5200000,3325000,0,2005,16.437639696558843,8227829.0,15.923032746845779,16.437639696558843,unknown,0.0
Austria,24,23350000,972916.6666666666,2750000,8950000,9400000,2250000,0,2006,16.96610754207918,8268641.0,15.927980724596765,16.96610754207918,unknown,0.0
Austria,28,30800000,1100000.0,6200000,10325000,11875000,2400000,0,2007,17.2430252479438,8295487.0,15.931222189949619,17.2430252479438,unknown,0.0
Austria,34,40450000,1189705.8823529412,9225000,10525000,15100000,5600000,0,2008,17.515577201468776,8321496.0,15.934352604326234,17.515577201468776,unknown,0.0
Austria,42,58675000,1397023.8095238095,18875000,14150000,18600000,7050000,0,2009,17.88752429970136,8343323.0,15.936972136225297,17.88752429970136,unknown,0.0
Austria,57,80325000,1409210.5263157894,27850000,16325000,28525000,7625000,0,2010,18.201591462966196,8363404.0,15.939376079220304,18.201591462966196,unknown,0.0
Austria,68,83225000,1223897.0588235294,29525000,17125000,30625000,5950000,0,2011,18.237058341425364,8391643.0,15.94274688763862,18.237058341425364,unknown,0.0
Austria,77,94325000,1225000.0,30300000,18975000,40250000,4800000,0,2012,18.362256823814647,8429991.0,15.94730626236181,18.362256823814647,unknown,0.0
Austria,88,127150000,1444886.3636363635,37100000,27350000,56950000,5750000,0,2013,18.6608780498324,8479823.0,15.95320013490874,18.6608780498324,unknown,0.0
Austria,92,143500000,1559782.608695652,33275000,33625000,69200000,7400000,0,2014,18.78184559316395,8546356.0,15.961015551233999,18.78184559316395,unknown,0.0
Austria,101,154920000,1533861.3861386138,30520000,38325000,78475000,7600000,0,2015,18.858419412610825,8642699.0,15.972225476257695,18.858419412610825,unknown,0.0
Austria,107,188525000,1761915.8878504673,33850000,50025000,97400000,7250000,0,2016,19.054741182052986,8736668.0,15.983039439244974,19.054741182052986,unknown,0.0
Austria,116,210050000,1810775.8620689656,39125000,59175000,104275000,7475000,0,2017,19.162856155579664,8797566.0,15.989985650281024,19.162856155579664,unknown,0.0
Austria,123,257675000,2094918.699186992,56900000,72325000,121875000,6575000,0,2018,19.36720965888713,8840521.0,15.994856369528714,19.36720965888713,unknown,0.0
Austria,137,394400000,2878832.116788321,96225000,128550000,154075000,15550000,0,2019,19.792876180692755,8879920.0,15.999303105918763,19.792876180692755,unknown,0.0
Austria,150,447950000,2986333.3333333335,75325000,149975000,208125000,14525000,0,2020,19.920192177007863,8916864.0,16.003454873234418,19.920192177007863,unknown,0.0
Austria,155,449300000,2898709.6774193547,77225000,152175000,209225000,10675000,0,2021,19.92320137404039,8955797.0,16.007811590074983,19.92320137404039,unknown,0.0
Austria,161,455500000,2829192.546583851,86025000,164950000,190975000,13550000,0,2022,19.936906274664288,9041851.0,16.017374468045748,19.936906274664288,unknown,0.0
Austria,165,472800000,2865454.5454545454,90400000,170750000,199350000,12300000,0,2023,19.974183024056163,9131761.0,16.02726911458544,19.974183024056163,unknown,0.0
Austria,166,460125000,2771837.3493975904,81650000,179750000,187750000,10975000,0,2024,19.94700874966346,9177982.0,16.0323179127234,19.94700874966346,unknown,0.0
Azerbaijan,1,50000,50000.0,0,0,50000,0,0,2008,10.819778284410283,8763400.0,15.986094515464323,10.819778284410283,unknown,0.0
Azerbaijan,1,550000,550000.0,0,0,550000,0,0,2009,13.217673557208654,8947243.0,16.00685599810279,13.217673557208654,unknown,0.0
Azerbaijan,5,2025000,405000.0,200000,0,1375000,450000,0,2010,14.521080258522776,9054332.0,16.01875387518139,14.521080258522776,unknown,0.0
Azerbaijan,7,2675000,382142.85714285716,100000,500000,1475000,600000,0,2011,14.799459938312244,9173082.0,16.031783883730153,14.799459938312244,unknown,0.0
Azerbaijan,10,3275000,327500.0,100000,1300000,1250000,625000,0,2012,15.001828427051489,9295784.0,16.04507152200353,15.001828427051489,unknown,0.0
Azerbaijan,15,3925000,261666.66666666666,600000,1200000,1325000,800000,0,2013,15.182876909198646,9416801.0,16.05800599227359,15.182876909198646,unknown,0.0
Azerbaijan,16,3875000,242187.5,700000,800000,1500000,875000,0,2014,15.170056220769585,9535079.0,16.07048808224715,15.170056220769585,unknown,0.0
Azerbaijan,18,5000000,277777.77777777775,1300000,900000,1925000,875000,0,2015,15.424948470398375,9649341.0,16.08240018082785,15.424948470398375,unknown,0.0
Azerbaijan,20,6350000,317500.0,1850000,1100000,2350000,1050000,0,2016,15.663965370868874,9757812.0,16.09357875292924,15.663965370868874,unknown,0.0
Azerbaijan,22,6700000,304545.45454545453,1850000,950000,2850000,1050000,0,2017,15.717618084361195,9854033.0,16.10339137097429,15.717618084361195,unknown,0.0
Azerbaijan,24,7100000,295833.3333333333,1900000,900000,3450000,850000,0,2018,15.775605342011543,9939771.0,16.112054540137997,15.775605342011543,unknown,0.0
Azerbaijan,25,8050000,322000.0,2325000,1350000,2925000,1450000,0,2019,15.901182649394746,10024283.0,16.120521007402136,15.901182649394746,unknown,0.0
Azerbaijan,26,10950000,421153.8461538461,3225000,2175000,3275000,2275000,0,2020,16.208850014226783,10093121.0,16.12736466065602,16.208850014226783,unknown,0.0
Azerbaijan,27,8975000,332407.4074074074,2450000,2100000,2875000,1550000,0,2021,16.009953492338617,10137750.0,16.131776638014184,16.009953492338617,unknown,0.0
Azerbaijan,28,10825000,386607.14285714284,3775000,2650000,2475000,1925000,0,2022,16.197368831852827,10141756.0,16.132171716676563,16.197368831852827,unknown,0.0
Azerbaijan,28,9825000,350892.85714285716,3125000,3075000,1950000,1675000,0,2023,16.1004407157196,10153958.0,16.133374138179956,16.1004407157196,unknown,0.0
Azerbaijan,28,11550000,412500.0,4975000,3250000,1700000,1625000,0,2024,16.26219599493208,10202830.0,16.138175690752487,16.26219599493208,unknown,0.0
Bahrain,1,25000,25000.0,0,25000,0,0,0,2019,10.126631103850338,1483756.0,14.210087268705758,10.126631103850338,unknown,0.0
Bahrain,1,25000,25000.0,0,25000,0,0,0,2020,10.126631103850338,1472204.0,14.202271155625196,10.126631103850338,unknown,0.0
Bahrain,1,25000,25000.0,0,25000,0,0,0,2021,10.126631103850338,1504365.0,14.22388144021861,10.126631103850338,unknown,0.0
Bahrain,1,300000,300000.0,0,300000,0,0,0,2022,12.611537753638338,1524693.0,14.237303636282364,12.611537753638338,unknown,0.0
Bahrain,1,300000,300000.0,0,300000,0,0,0,2023,12.611537753638338,1577059.0,14.271072278054465,12.611537753638338,unknown,0.0
Bahrain,1,300000,300000.0,0,300000,0,0,0,2024,12.611537753638338,1588670.0,14.278407746166065,12.611537753638338,unknown,0.0
Bangladesh,1,250000,250000.0,0,250000,0,0,0,2017,12.429216196844383,162186147.0,18.904255289093154,12.429216196844383,unknown,0.0
Bangladesh,1,250000,250000.0,0,250000,0,0,0,2018,12.429216196844383,163523103.0,18.912464841071582,12.429216196844383,unknown,0.0
Bangladesh,1,1000000,1000000.0,0,1000000,0,0,0,2019,13.815510557964274,164913055.0,18.920928953589563,13.815510557964274,unknown,0.0
Bangladesh,1,10000000,10000000.0,0,10000000,0,0,0,2020,16.11809565095832,166298024.0,18.929292061951852,16.11809565095832,unknown,0.0
Bangladesh,1,8000000,8000000.0,0,8000000,0,0,0,2021,15.89495209964411,167658854.0,18.937441841888784,15.89495209964411,unknown,0.0
Bangladesh,1,5000000,5000000.0,0,5000000,0,0,0,2022,15.424948470398375,169384897.0,18.947684180363453,15.424948470398375,unknown,0.0
Bangladesh,1,5000000,5000000.0,0,5000000,0,0,0,2023,15.424948470398375,171466990.0,18.959901327909865,15.424948470398375,unknown,0.0
Bangladesh,1,4500000,4500000.0,0,4500000,0,0,0,2024,15.319587954740548,173562364.0,18.972047539451584,15.319587954740548,unknown,0.0
Barbados,1,300000,300000.0,0,0,300000,0,0,2005,12.611537753638338,268706.0,12.501373124090042,12.611537753638338,unknown,0.0
Barbados,1,300000,300000.0,0,0,300000,0,0,2006,12.611537753638338,270002.0,12.506184645360484,12.611537753638338,unknown,0.0
Barbados,1,1600000,1600000.0,0,0,1600000,0,0,2007,14.28551418721001,271288.0,12.510936266190713,14.28551418721001,unknown,0.0
Barbados,1,1500000,1500000.0,0,0,1500000,0,0,2008,14.22097566607244,272714.0,12.516178905983086,14.22097566607244,unknown,0.0
Barbados,1,2000000,2000000.0,0,0,2000000,0,0,2009,14.508657738524219,274123.0,12.521332189751941,14.508657738524219,unknown,0.0
Barbados,2,2950000,1475000.0,150000,0,2800000,0,0,2010,14.897315728316002,275243.0,12.525409622835566,14.897315728316002,unknown,0.0
Barbados,2,3650000,1825000.0,150000,0,3500000,0,0,2011,15.110237725558674,276139.0,12.528659641112098,15.110237725558674,unknown,0.0
Barbados,2,2400000,1200000.0,400000,0,2000000,0,0,2012,14.690979295318174,276938.0,12.531548933401737,14.690979295318174,unknown,0.0
Barbados,2,2000000,1000000.0,500000,0,1500000,0,0,2013,14.508657738524219,277665.0,12.534170630061896,14.508657738524219,unknown,0.0
Barbados,2,2500000,1250000.0,1500000,0,1000000,0,0,2014,14.73180128983843,278348.0,12.53662740838735,14.73180128983843,unknown,0.0
Barbados,2,1700000,850000.0,1200000,0,500000,0,0,2015,14.346138809026444,278990.0,12.538931217867246,14.346138809026444,unknown,0.0
Barbados,2,1400000,700000.0,1200000,0,200000,0,0,2016,14.151982794585487,279598.0,12.541108136240386,14.151982794585487,unknown,0.0
Barbados,3,2750000,916666.6666666666,2550000,0,200000,0,0,2017,14.827111469642754,280171.0,12.543155410027023,14.827111469642754,unknown,0.0
Barbados,3,2275000,758333.3333333334,2075000,0,200000,0,0,2018,14.637490610367188,280711.0,12.545080949327078,14.637490610367188,unknown,0.0
Barbados,4,2350000,587500.0,2150000,0,200000,0,0,2019,14.669925886120343,281207.0,12.54684633192318,14.669925886120343,unknown,0.0
Barbados,4,1200000,300000.0,1000000,0,200000,0,0,2020,13.997832114758229,281698.0,12.548590854087752,13.997832114758229,unknown,0.0
Barbados,4,875000,218750.0,675000,0,200000,0,0,2021,13.681979165339751,282147.0,12.550183490698547,13.681979165339751,unknown,0.0
Barbados,4,725000,181250.0,525000,0,200000,0,0,2022,13.493926933836812,282318.0,12.550789374164241,13.493926933836812,unknown,0.0
Barbados,4,700000,175000.0,500000,0,200000,0,0,2023,13.458835614025542,282336.0,12.550853130021832,13.458835614025542,unknown,0.0
Barbados,4,625000,156250.0,425000,0,200000,0,0,2024,13.345506928718539,282467.0,12.551317008586036,13.345506928718539,unknown,0.0
Belarus,3,7600000,2533333.3333333335,50000,7500000,50000,0,0,2005,15.84365880525656,9663915.0,16.08390940358825,15.84365880525656,unknown,0.0
Belarus,5,11950000,2390000.0,50000,10750000,1150000,0,0,2006,16.296241836341792,9604924.0,16.07778644160794,16.296241836341792,unknown,0.0
Belarus,6,13250000,2208333.3333333335,800000,11250000,1150000,50000,0,2007,16.399508110396507,9560953.0,16.073197966251715,16.399508110396507,unknown,0.0
Belarus,16,20200000,1262500.0,825000,14700000,2175000,2500000,0,2008,16.821193162371433,9527985.0,16.06974381570873,16.821193162371433,unknown,0.0
Belarus,24,33315000,1388125.0,1250000,23940000,2975000,5150000,0,2009,17.321518303978774,9504583.0,16.067284661295776,17.321518303978774,unknown,0.0
Belarus,34,32275000,949264.7058823529,2550000,19550000,4200000,5975000,0,2010,17.28980349469698,9483836.0,16.065099433736183,17.28980349469698,unknown,0.0
Belarus,41,36925000,900609.756097561,5400000,17550000,7850000,6125000,0,2011,17.42439938638172,9461643.0,16.062756604594604,17.42439938638172,unknown,0.0
Belarus,44,36825000,836931.8181818182,6250000,15900000,9650000,5025000,0,2012,17.421687520312968,9446836.0,16.061190428592116,17.421687520312968,unknown,0.0
Belarus,47,39025000,830319.1489361703,6150000,15800000,11750000,5325000,0,2013,17.47971302436577,9443211.0,16.06080662858945,17.47971302436577,unknown,0.0
Belarus,50,40625000,812500.0,4750000,17350000,13450000,5075000,0,2014,17.519894198614175,9448515.0,16.06136814426455,17.519894198614175,unknown,0.0
Belarus,52,41775000,803365.3846153846,5050000,17050000,14450000,5225000,0,2015,17.547808632445733,9461076.0,16.062696676631802,17.547808632445733,unknown,0.0
Belarus,57,36100000,633333.3333333334,3650000,14900000,13050000,4500000,0,2016,17.40180342330311,9469379.0,16.06357388751051,17.40180342330311,unknown,0.0
Belarus,60,32400000,540000.0,3900000,12400000,12150000,3950000,0,2017,17.293668980762558,9458989.0,16.062476064281004,17.293668980762558,unknown,0.0
Belarus,65,33150000,510000.0,4250000,12050000,12500000,4350000,0,2018,17.316553274596146,9438785.0,16.06033782221103,17.316553274596146,unknown,0.0
Belarus,70,33050000,472142.85714285716,4150000,11700000,12900000,4300000,0,2019,17.313532124261968,9419758.0,16.05831995620132,17.313532124261968,unknown,0.0
Belarus,71,33075000,465845.07042253524,4900000,10500000,12950000,4725000,0,2020,17.314288267965292,9379952.0,16.054085203698524,17.314288267965292,unknown,0.0
Belarus,75,27250000,363333.3333333333,5550000,8125000,10000000,3575000,0,2021,17.120564079073528,9302585.0,16.045802876489844,17.120564079073528,unknown,0.0
Belarus,79,24875000,314873.417721519,6300000,7175000,8325000,3075000,0,2022,17.02937384100893,9228071.0,16.03776059222104,17.02937384100893,unknown,0.0
Belarus,82,23325000,284451.2195121951,5425000,6950000,8375000,2575000,0,2023,16.96503630469768,9178298.0,16.032352342357296,16.96503630469768,unknown,0.0
Belarus,82,22900000,279268.2926829268,6400000,6725000,7450000,2325000,0,2024,16.946647468524468,9132629.0,16.027364162928215,16.946647468524468,unknown,0.0
Belgium,77,91215000,1184610.3896103897,14025000,19300000,43140000,6700000,8050000,2005,18.328729915204455,10478617.0,16.164847262500082,18.328729915204455,unknown,0.0
Belgium,95,116475000,1226052.6315789474,17625000,25600000,60450000,10250000,2550000,2006,18.573187215667133,10547958.0,16.17144284464989,18.573187215667133,unknown,0.0
Belgium,118,142575000,1208262.7118644067,18550000,41675000,65225000,14075000,3050000,2007,18.77537873500688,10625700.0,16.17878615295755,18.77537873500688,unknown,0.0
Belgium,142,165650000,1166549.295774648,21600000,59950000,65875000,16675000,1550000,2008,18.925387686710177,10709973.0,16.18668592141235,18.925387686710177,unknown,0.0
Belgium,175,205175000,1172428.5714285714,28100000,78475000,75450000,19500000,3650000,2009,19.13937383148005,10796493.0,16.194731917138547,19.13937383148005,unknown,0.0
Belgium,210,279350000,1330238.0952380951,45625000,99375000,102350000,28850000,3150000,2010,19.44797603386943,10895586.0,16.203868311054865,19.44797603386943,unknown,0.0
Belgium,250,355425000,1421700.0,80725000,110200000,127000000,35850000,1650000,2011,19.688824814486036,11038264.0,16.216878340071904,19.688824814486036,unknown,0.0
Belgium,306,409475000,1338153.5947712418,104750000,121600000,144100000,37825000,1200000,2012,19.830386409332718,11106932.0,16.22307997586528,19.830386409332718,unknown,0.0
Belgium,353,508800000,1441359.7733711048,138025000,162475000,160775000,46725000,800000,2013,20.047565569990187,11159407.0,16.227793377304945,20.047565569990187,unknown,0.0
Belgium,399,628275000,1574624.060150376,186875000,204450000,172875000,63525000,550000,2014,20.258488526672256,11209057.0,16.232232670189696,20.258488526672256,unknown,0.0
Belgium,477,683550000,1433018.8679245282,221700000,221350000,170600000,69000000,900000,2015,20.342810364342274,11274196.0,16.238027132606476,20.342810364342274,unknown,0.0
Belgium,524,823125000,1570849.2366412214,289500000,270475000,177850000,84300000,1000000,2016,20.52861863046182,11331422.0,16.24309013263099,20.52861863046182,unknown,0.0
Belgium,587,850975000,1449701.873935264,312900000,258725000,194275000,84075000,1000000,2017,20.56189330890284,11375158.0,16.24694241281471,20.56189330890284,unknown,0.0
Belgium,627,979250000,1561802.2328548643,387625000,308600000,192500000,89625000,900000,2018,20.702297530510215,11427054.0,16.251494259767462,20.702297530510215,unknown,0.0
Belgium,670,1289425000,1924514.9253731344,477025000,447175000,247275000,117050000,900000,2019,20.977462219515868,11488980.0,16.256898873038445,20.977462219515868,unknown,0.0
Belgium,729,1395050000,1913648.8340192044,468575000,516850000,285250000,123475000,900000,2020,21.05619609387133,11538604.0,16.26120884118944,21.05619609387133,unknown,0.0
Belgium,787,1254250000,1593710.292249047,384925000,481825000,248150000,138450000,900000,2021,20.949803621328638,11586195.0,16.265324861154763,20.949803621328638,unknown,0.0
Belgium,856,1196420000,1397686.9158878506,339350000,482960000,238875000,134310000,925000,2022,20.902599601397462,11680210.0,16.27340651465478,20.902599601397462,unknown,0.0
Belgium,924,1149070000,1243582.251082251,299175000,482920000,241925000,124125000,925000,2023,20.862218756498667,11779946.0,16.28190915213646,20.862218756498667,unknown,0.0
Belgium,973,1329120000,1366002.0554984584,410700000,528745000,289050000,99675000,950000,2024,21.007782906055034,11858610.0,16.288564743990783,21.007782906055034,unknown,0.0
Benin,2,1100000,550000.0,100000,1000000,0,0,0,2007,13.9108207377686,8953969.0,16.007607455637228,13.9108207377686,unknown,0.0
Benin,2,4300000,2150000.0,300000,4000000,0,0,0,2008,15.27412558066379,9228466.0,16.037803395483653,15.27412558066379,unknown,0.0
Benin,4,10450000,2612500.0,500000,9000000,950000,0,0,2009,16.162112536375094,9509423.0,16.06779375970508,16.162112536375094,unknown,0.0
Benin,5,16250000,3250000.0,350000,15000000,900000,0,0,2010,16.603603466740022,9797484.0,16.09763617598493,16.603603466740022,unknown,0.0
Benin,6,10350000,1725000.0,600000,8500000,1100000,150000,0,2011,16.15249707767565,10093623.0,16.127414396264705,16.15249707767565,unknown,0.0
Benin,7,11625000,1660714.2857142857,775000,8500000,1600000,750000,0,2012,16.268668509437695,10397657.0,16.157091050268804,16.268668509437695,unknown,0.0
Benin,10,17925000,1792500.0,1025000,14600000,1500000,800000,0,2013,16.70170694444996,10708834.0,16.186579566282386,16.70170694444996,unknown,0.0
Benin,12,11350000,945833.3333333334,2100000,7250000,1300000,700000,0,2014,16.244728301891687,11030004.0,16.216129753876945,16.244728301891687,unknown,0.0
Benin,16,13850000,865625.0,3450000,7400000,2550000,450000,0,2015,16.443795790597623,11360681.0,16.245668916643616,16.443795790597623,unknown,0.0
Benin,17,18950000,1114705.8823529412,9500000,5500000,3500000,450000,0,2016,16.75731448949271,11697842.0,16.27491493831157,16.75731448949271,unknown,0.0
Benin,19,19300000,1015789.4736842106,11250000,3650000,3750000,650000,0,2017,16.775615653875114,12039780.0,16.30372672525276,16.775615653875114,unknown,0.0
Benin,20,28950000,1447500.0,20450000,3500000,3600000,1400000,0,2018,17.181080761983278,12383347.0,16.33186314409324,17.181080761983278,unknown,0.0
Benin,22,25300000,1150000.0,18450000,2700000,3400000,750000,0,2019,17.04631495369775,12726755.0,16.359217028376385,17.04631495369775,unknown,0.0
Benin,22,22850000,1038636.3636363636,15650000,1950000,4050000,1200000,0,2020,16.94446167530449,13070169.0,16.385843015891712,16.94446167530449,unknown,0.0
Benin,23,19700000,856521.7391304348,12200000,2100000,3550000,1850000,0,2021,16.796129193708218,13413417.0,16.41176603264275,16.796129193708218,unknown,0.0
Benin,23,22025000,957608.695652174,13950000,2525000,4500000,1050000,0,2022,16.907688729786518,13759501.0,16.437240125277015,16.907688729786518,unknown,0.0
Benin,23,20600000,895652.1739130435,11400000,1700000,6750000,750000,0,2023,16.84080163375981,14111034.0,16.462467602504788,16.84080163375981,unknown,0.0
Benin,23,20800000,904347.8260869565,12150000,1550000,6450000,650000,0,2024,16.850463544671545,14462724.0,16.48708513869602,16.850463544671545,unknown,0.0
Bermuda,1,50000,50000.0,50000,0,0,0,0,2012,10.819778284410283,63646.0,11.06109175833445,10.819778284410283,unknown,0.0
Bermuda,1,50000,50000.0,50000,0,0,0,0,2013,10.819778284410283,63574.0,11.05995986071321,10.819778284410283,unknown,0.0
Bermuda,1,750000,750000.0,750000,0,0,0,0,2014,13.527828485512494,63529.0,11.0592517735417,13.527828485512494,unknown,0.0
Bermuda,1,1500000,1500000.0,1500000,0,0,0,0,2015,14.22097566607244,63464.0,11.058228094981839,14.22097566607244,unknown,0.0
Bermuda,1,1500000,1500000.0,1500000,0,0,0,0,2016,14.22097566607244,63449.0,11.057991712577044,14.22097566607244,unknown,0.0
Bermuda,1,3000000,3000000.0,3000000,0,0,0,0,2017,14.914122846632385,63578.0,11.060022777537188,14.914122846632385,unknown,0.0
Bermuda,1,5000000,5000000.0,5000000,0,0,0,0,2018,15.424948470398375,63831.0,11.063994244741828,15.424948470398375,unknown,0.0
Bermuda,2,4750000,2375000.0,4750000,0,0,0,0,2019,15.373655176010823,64107.0,11.068308841314574,15.373655176010823,unknown,0.0
Bermuda,2,4200000,2100000.0,4200000,0,0,0,0,2020,15.250595083253597,64382.0,11.072589369918582,15.250595083253597,unknown,0.0
Bermuda,2,4175000,2087500.0,4175000,0,0,0,0,2021,15.244624916267092,64648.0,11.076712447913284,15.244624916267092,unknown,0.0
Bermuda,2,2150000,1075000.0,2150000,0,0,0,0,2022,14.580978400103845,64749.0,11.07827353542708,14.580978400103845,unknown,0.0
Bermuda,2,1350000,675000.0,1350000,0,0,0,0,2023,14.115615150414612,64698.0,11.077485568110127,14.115615150414612,unknown,0.0
Bermuda,2,900000,450000.0,900000,0,0,0,0,2024,13.710150042306449,64636.0,11.076526810092139,13.710150042306449,unknown,0.0
Bolivia,2,700000,350000.0,300000,400000,0,0,0,2009,13.458835614025542,10016275.0,16.119721828015393,13.458835614025542,unknown,0.0
Bolivia,2,1200000,600000.0,500000,700000,0,0,0,2010,13.997832114758229,10182345.0,16.136165896193905,13.997832114758229,unknown,0.0
Bolivia,2,1400000,700000.0,500000,900000,0,0,0,2011,14.151982794585487,10348929.0,16.152393594060538,14.151982794585487,unknown,0.0
Bolivia,3,2250000,750000.0,1200000,1050000,0,0,0,2012,14.626440774180603,10515807.0,16.168390111677564,14.626440774180603,unknown,0.0
Bolivia,3,3100000,1033333.3333333334,2000000,1100000,0,0,0,2013,14.946912669455374,10682608.0,16.184127556442192,14.946912669455374,unknown,0.0
Bolivia,3,2200000,733333.3333333334,1000000,1200000,0,0,0,2014,14.603967918328545,10848888.0,16.199573144219176,14.603967918328545,unknown,0.0
Bolivia,5,2000000,400000.0,500000,1250000,250000,0,0,2015,14.508657738524219,11014705.0,16.214741756198574,14.508657738524219,unknown,0.0
Bolivia,6,2825000,470833.3333333333,1000000,1325000,500000,0,0,2016,14.854018922562679,11180020.0,16.229638814598392,14.854018922562679,unknown,0.0
Bolivia,6,2600000,433333.3333333333,850000,1250000,500000,0,0,2017,14.77102200299171,11344587.0,16.244251271831377,14.77102200299171,unknown,0.0
Bolivia,6,2200000,366666.6666666667,300000,1400000,500000,0,0,2018,14.603967918328545,11508368.0,16.258584980896902,14.603967918328545,unknown,0.0
Bolivia,8,2675000,334375.0,600000,1425000,650000,0,0,2019,14.799459938312244,11671386.0,16.272650763277447,14.799459938312244,unknown,0.0
Bolivia,10,3475000,347500.0,600000,1725000,1150000,0,0,2020,15.06110503698103,11816299.0,16.284990407544825,15.06110503698103,unknown,0.0
Bolivia,11,3525000,320454.54545454547,700000,1525000,1300000,0,0,2021,15.075390994228506,11937360.0,16.29518353595366,15.075390994228506,unknown,0.0
Bolivia,12,4400000,366666.6666666667,1200000,1700000,1500000,0,0,2022,15.29711509888849,12077154.0,16.306826126687348,15.29711509888849,unknown,0.0
Bolivia,13,4775000,367307.6923076923,1225000,1425000,2125000,0,0,2023,15.378904531896968,12244159.0,16.320559564915428,15.378904531896968,unknown,0.0
Bolivia,14,4925000,351785.71428571426,1225000,1625000,2075000,0,0,2024,15.409834832588325,12413315.0,16.334280244797387,15.409834832588325,unknown,0.0
Bosnia and Herzegovina,5,1000000,200000.0,250000,600000,150000,0,0,2005,13.815510557964274,4096493.0,15.225641799786763,13.815510557964274,unknown,0.0
Bosnia and Herzegovina,11,10800000,981818.1818181818,1500000,7050000,2150000,100000,0,2006,16.195056692094447,4063272.0,15.217499118335802,16.195056692094447,unknown,0.0
Bosnia and Herzegovina,15,13175000,878333.3333333334,1750000,8675000,2650000,100000,0,2007,16.3938316523917,4013424.0,15.205155300283785,16.3938316523917,unknown,0.0
Bosnia and Herzegovina,31,27960000,901935.4838709678,6825000,14325000,6640000,170000,0,2008,17.146285475329883,3947544.0,15.188604171344938,17.146285475329883,unknown,0.0
Bosnia and Herzegovina,39,49225000,1262179.4871794872,13200000,28425000,7000000,600000,0,2009,17.711912182489463,3879794.0,15.171292617406479,17.711912182489463,unknown,0.0
Bosnia and Herzegovina,48,95050000,1980208.3333333333,37825000,44600000,11525000,1100000,0,2010,18.36991362689871,3811472.0,15.153526024194317,18.36991362689871,unknown,0.0
Bosnia and Herzegovina,57,112400000,1971929.8245614036,45600000,47900000,15900000,3000000,0,2011,18.537574495423865,3741798.0,15.1350768025312,18.537574495423865,unknown,0.0
Bosnia and Herzegovina,61,109225000,1790573.7704918033,41825000,45200000,17150000,5050000,0,2012,18.508920532801774,3670113.0,15.11573300974748,18.508920532801774,unknown,0.0
Bosnia and Herzegovina,77,123150000,1599350.6493506494,46875000,51200000,19625000,5450000,0,2013,18.628913682530822,3610859.0,15.099456252141923,18.628913682530822,unknown,0.0
Bosnia and Herzegovina,90,133450000,1482777.7777777778,49000000,53275000,23150000,8025000,0,2014,18.709237433814806,3564829.0,15.0866266443407,18.709237433814806,unknown,0.0
Bosnia and Herzegovina,96,161825000,1685677.0833333333,47850000,72300000,28650000,13025000,0,2015,18.902026062395848,3518541.0,15.073556973013757,18.902026062395848,unknown,0.0
Bosnia and Herzegovina,108,161325000,1493750.0,38050000,77875000,31800000,13600000,0,2016,18.898931521786178,3473003.0,15.060530195532346,18.898931521786178,unknown,0.0
Bosnia and Herzegovina,121,165350000,1366528.9256198348,41875000,81350000,29425000,12700000,0,2017,18.923574997392077,3428682.0,15.047686488736886,18.923574997392077,unknown,0.0
Bosnia and Herzegovina,125,195175000,1561400.0,51400000,95500000,37775000,10500000,0,2018,19.08940714997063,3387000.0,15.035455131799909,19.08940714997063,unknown,0.0
Bosnia and Herzegovina,136,232750000,1711397.0588235294,53325000,121625000,47425000,10375000,0,2019,19.265475474121452,3345533.0,15.023136581152773,19.265475474121452,unknown,0.0
Bosnia and Herzegovina,141,235275000,1668617.0212765958,44725000,132700000,49450000,8400000,0,2020,19.276265600709127,3299349.0,15.009235734248612,19.276265600709127,unknown,0.0
Bosnia and Herzegovina,148,183500000,1239864.8648648649,38625000,104175000,35575000,5125000,0,2021,19.027725225458898,3244907.0,14.992597248233519,19.027725225458898,unknown,0.0
Bosnia and Herzegovina,154,140660000,913376.6233766234,32700000,69010000,32375000,6575000,0,2022,18.761856188844146,3204802.0,14.9801608679574,18.761856188844146,unknown,0.0
Bosnia and Herzegovina,160,146235000,913968.75,34225000,65835000,36650000,9525000,0,2023,18.80072547471362,3185073.0,14.973985766662949,18.80072547471362,unknown,0.0
Bosnia and Herzegovina,163,172660000,1059263.8036809815,42350000,69560000,49775000,10975000,0,2024,18.96683490077165,3164253.0,14.96742756674621,18.96683490077165,unknown,0.0
Brazil,61,191830000,3144754.098360656,38675000,79305000,68850000,5000000,0,2005,19.07212012111252,184688101.0,19.03417901970491,19.07212012111252,unknown,0.0
Brazil,87,321975000,3700862.0689655175,73800000,114325000,123400000,10450000,0,2006,19.589984460743008,186653106.0,19.044762403957908,19.589984460743008,unknown,0.0
Brazil,128,409730000,3201015.625,92400000,138755000,158350000,20225000,0,2007,19.8310089641468,188552320.0,19.054886086021476,19.8310089641468,unknown,0.0
Brazil,193,724550000,3754145.077720207,160950000,275575000,255125000,32900000,0,2008,20.40106133045621,190367302.0,19.06446593238043,20.40106133045621,unknown,0.0
Brazil,337,932925000,2768323.4421364986,225400000,327625000,325200000,54700000,0,2009,20.653835369728412,192079951.0,19.0734222547752,20.653835369728412,unknown,0.0
Brazil,426,1195375000,2806044.600938967,281050000,426450000,415625000,72250000,0,2010,20.90172578063398,193701929.0,19.081831087026657,20.90172578063398,unknown,0.0
Brazil,497,1273025000,2561418.5110663986,294500000,441800000,452150000,84525000,50000,2011,20.964661794977705,195284734.0,19.08996922586903,20.964661794977705,unknown,0.0
Brazil,578,1418700000,2454498.269896194,359700000,479975000,502650000,76125000,250000,2012,21.073006796282215,196876111.0,19.098085210702852,21.073006796282215,unknown,0.0
Brazil,660,1581125000,2395643.9393939395,448675000,551600000,518600000,62050000,200000,2013,21.18140245593198,198478299.0,19.106190327178084,21.18140245593198,unknown,0.0
Brazil,755,1672575000,2215331.1258278145,458975000,586275000,575450000,51225000,650000,2014,21.237630192010567,200085127.0,19.11425346895543,21.237630192010567,unknown,0.0
Brazil,812,1758550000,2165701.97044335,463975000,619950000,619525000,54200000,900000,2015,21.28775544279795,201675532.0,19.12217068669136,21.28775544279795,unknown,0.0
Brazil,969,2022445000,2087146.5428276574,569870000,730050000,659325000,62150000,1050000,2016,21.427573012460407,203218114.0,19.129790413396325,21.427573012460407,unknown,0.0
Brazil,1055,1982645000,1879284.3601895734,558220000,717750000,648250000,57575000,850000,2017,21.40769764877346,204703445.0,19.1370728799965,21.40769764877346,unknown,0.0
Brazil,1158,2312150000,1996675.3022452504,673075000,864550000,690800000,83075000,650000,2018,21.561443664544733,206107261.0,19.143907275710756,21.561443664544733,unknown,0.0
Brazil,1215,3177475000,2615205.761316872,946650000,1195125000,858300000,176850000,550000,2019,21.87935269317632,207455459.0,19.15042721917157,21.87935269317632,unknown,0.0
Brazil,1314,3624750000,2758561.6438356163,1249800000,1240400000,913625000,220375000,550000,2020,22.011051157357578,208660842.0,19.156220726268646,22.011051157357578,unknown,0.0
Brazil,1381,3239550000,2345800.1448225924,1120075000,1030425000,901525000,186975000,550000,2021,21.898700268215805,209550294.0,19.160474335340812,21.898700268215805,unknown,0.0
Brazil,1471,3160675000,2148657.375934738,1154025000,941125000,899400000,165575000,550000,2022,21.874051449329315,210306415.0,19.164076144249535,21.874051449329315,unknown,0.0
Brazil,1522,3398555000,2232953.3508541393,1330605000,966425000,952550000,148425000,550000,2023,21.946616178230432,211140729.0,19.168035431205283,21.946616178230432,unknown,0.0
Brazil,1579,3650190000,2311709.9430019,1473755000,1019650000,1016010000,140225000,550000,2024,22.01804505798053,211998573.0,19.172090101481558,22.01804505798053,unknown,0.0
Brunei,1,200000,200000.0,200000,0,0,0,0,2021,12.206072645530174,451721.0,13.020820011595893,12.206072645530174,unknown,0.0
Brunei,1,200000,200000.0,200000,0,0,0,0,2022,12.206072645530174,455370.0,13.028865554289014,12.206072645530174,unknown,0.0
Brunei,1,200000,200000.0,200000,0,0,0,0,2023,12.206072645530174,458949.0,13.036694371758275,12.206072645530174,unknown,0.0
Brunei,1,175000,175000.0,175000,0,0,0,0,2024,12.072541252905651,462721.0,13.04487955964431,12.072541252905651,unknown,0.0
Bulgaria,8,19750000,2468750.0,17300000,2000000,450000,0,0,2005,16.798664049311405,7658972.0,15.851388329055306,16.798664049311405,unknown,0.0
Bulgaria,10,34250000,3425000.0,29800000,4000000,450000,0,0,2006,17.349197122672507,7601022.0,15.843793269899995,17.349197122672507,unknown,0.0
Bulgaria,13,37150000,2857692.3076923075,32100000,4050000,700000,300000,0,2007,17.430474329128042,7545338.0,15.836440447060081,17.430474329128042,unknown,0.0
Bulgaria,17,49250000,2897058.8235294116,41650000,4150000,2950000,500000,0,2008,17.71241992558237,7492561.0,15.829421219614622,17.71241992558237,unknown,0.0
Bulgaria,21,60100000,2861904.761904762,52000000,4050000,3350000,700000,0,2009,17.911520399505434,7444443.0,15.82297840598915,17.911520399505434,unknown,0.0
Bulgaria,26,64000000,2461538.4615384615,52250000,4500000,6550000,700000,0,2010,17.974393641323946,7395599.0,15.816395651522791,17.974393641323946,unknown,0.0
Bulgaria,35,56475000,1613571.4285714286,38925000,6850000,9700000,1000000,0,2011,17.84930862031834,7348328.0,15.809983362317642,17.84930862031834,unknown,0.0
Bulgaria,39,59050000,1514102.564102564,36000000,7550000,11500000,4000000,0,2012,17.893895100607644,7305888.0,15.804191156353998,17.893895100607644,unknown,0.0
Bulgaria,45,49475000,1099444.4444444445,19025000,11300000,14150000,5000000,0,2013,17.716978049452905,7160005.0,15.784021237260607,17.716978049452905,unknown,0.0
Bulgaria,47,51850000,1103191.4893617022,16550000,18250000,14050000,3000000,0,2014,17.76386549263981,7073572.0,15.771876143665825,17.76386549263981,unknown,0.0
Bulgaria,50,49175000,983500.0,13850000,22050000,12475000,800000,0,2015,17.7108959222394,6984225.0,15.75916459247748,17.7108959222394,unknown,0.0
Bulgaria,51,45725000,896568.6274509804,9700000,25600000,9775000,650000,0,2016,17.638155752241204,6894139.0,15.746182188315798,17.638155752241204,unknown,0.0
Bulgaria,54,35300000,653703.7037037037,8325000,17700000,8875000,400000,0,2017,17.379393521903527,6803468.0,15.732943040140535,17.379393521903527,unknown,0.0
Bulgaria,57,31575000,553947.3684210526,8750000,14400000,8100000,325000,0,2018,17.26787622620083,6710798.0,15.719228428851277,17.26787622620083,unknown,0.0
Bulgaria,61,32600000,534426.2295081967,10750000,14000000,7450000,400000,0,2019,17.299822846336937,6616726.0,15.705111243643566,17.299822846336937,unknown,0.0
Bulgaria,65,36850000,566923.0769230769,12075000,16175000,7850000,750000,0,2020,17.42236617659962,6550696.0,15.695081861508275,17.42236617659962,unknown,0.0
Bulgaria,69,29175000,422826.0869565217,9725000,13475000,5325000,650000,0,2021,17.188822736136895,6507301.0,15.688435335283392,17.188822736136895,unknown,0.0
Bulgaria,71,30645000,431619.71830985916,10185000,13875000,5185000,1400000,0,2022,17.23798007490197,6465097.0,15.681928573942514,17.23798007490197,unknown,0.0
Bulgaria,73,38800000,531506.8493150685,10985000,18375000,5590000,3850000,0,2023,17.4739308045935,6446596.0,15.679062797523901,17.4739308045935,unknown,0.0
Bulgaria,74,45475000,614527.027027027,12085000,22375000,6340000,4675000,0,2024,17.63267328236846,6441421.0,15.678259725914339,17.63267328236846,unknown,0.0
Burkina Faso,2,400000,200000.0,400000,0,0,0,0,2005,12.89921982609012,13932123.0,16.449707739025094,12.89921982609012,unknown,0.0
Burkina Faso,2,1050000,525000.0,1050000,0,0,0,0,2006,13.864300722133706,14373707.0,16.480911192776052,13.864300722133706,unknown,0.0
Burkina Faso,3,3150000,1050000.0,3000000,150000,0,0,0,2007,14.962913010801817,14816307.0,16.511238956495756,14.962913010801817,unknown,0.0
Burkina Faso,5,5250000,1050000.0,2500000,2500000,250000,0,0,2008,15.473738634567807,15258093.0,16.54062060877693,15.473738634567807,unknown,0.0
Burkina Faso,10,10550000,1055000.0,3850000,5800000,650000,250000,0,2009,16.17163641788635,15710066.0,16.569812211368745,16.17163641788635,unknown,0.0
Burkina Faso,11,14600000,1327272.7272727273,6650000,5700000,2050000,200000,0,2010,16.496532086678563,16176498.0,16.599070006118648,16.496532086678563,unknown,0.0
Burkina Faso,12,22000000,1833333.3333333333,9400000,10400000,2050000,150000,0,2011,16.90655301132259,16661908.0,16.628635713955713,16.90655301132259,unknown,0.0
Burkina Faso,14,24300000,1735714.2857142857,7000000,12900000,4300000,100000,0,2012,17.005986908310778,17172287.0,16.658807421441058,17.005986908310778,unknown,0.0
Burkina Faso,20,29375000,1468750.0,9025000,15500000,4750000,100000,0,2013,17.195654530428598,17695409.0,16.688815785368554,17.195654530428598,unknown,0.0
Burkina Faso,25,33025000,1321000.0,10075000,17850000,4900000,200000,0,2014,17.312775408372662,18229461.0,16.718549579569363,17.312775408372662,unknown,0.0
Burkina Faso,26,33000000,1269230.7692307692,9100000,19000000,4700000,200000,0,2015,17.312018119430753,18777487.0,16.74816921022413,17.312018119430753,unknown,0.0
Burkina Faso,28,35300000,1260714.2857142857,13200000,17950000,4000000,150000,0,2016,17.379393521903527,19334856.0,16.777420035361978,17.379393521903527,unknown,0.0
Burkina Faso,30,35325000,1177500.0,12300000,19775000,3000000,250000,0,2017,17.380101486534866,19894407.0,16.805949194914902,17.380101486534866,unknown,0.0
Burkina Faso,31,36200000,1167741.935483871,15750000,16775000,3025000,650000,0,2018,17.404569676796,20438288.0,16.832920562453385,17.404569676796,unknown,0.0
Burkina Faso,36,50375000,1399305.5555555555,31675000,14275000,3775000,650000,0,2019,17.73500557823112,20961952.0,16.8582195428518,17.73500557823112,unknown,0.0
Burkina Faso,39,51550000,1321794.8717948718,24700000,11400000,14300000,1150000,0,2020,17.758062768427244,21478690.0,16.88257183878054,17.758062768427244,unknown,0.0
Burkina Faso,41,75400000,1839024.3902439023,24525000,7825000,41100000,1950000,0,2021,18.138317832978185,21995243.0,16.906336760669376,18.138317832978185,unknown,0.0
Burkina Faso,49,93500000,1908163.2653061224,36775000,5600000,48575000,2550000,0,2022,18.353471994258914,22509038.0,16.929427475408154,18.353471994258914,unknown,0.0
Burkina Faso,50,86075000,1721500.0,38950000,5050000,40425000,1650000,0,2023,18.270729567188862,23025776.0,16.952124842035015,18.270729567188862,unknown,0.0
Burkina Faso,50,112100000,2242000.0,44925000,5700000,60025000,1450000,0,2024,18.534901888042388,23548781.0,16.974584614878925,18.534901888042388,unknown,0.0
Burundi,1,2250000,2250000.0,2250000,0,0,0,0,2005,14.626440774180603,7587299.0,15.841986223059955,14.626440774180603,unknown,0.0
Burundi,1,4500000,4500000.0,4500000,0,0,0,0,2006,15.319587954740548,7865547.0,15.878002640689306,15.319587954740548,unknown,0.0
Burundi,1,4500000,4500000.0,4500000,0,0,0,0,2007,15.319587954740548,8161874.0,15.914984357435934,15.319587954740548,unknown,0.0
Burundi,2,7700000,3850000.0,7500000,200000,0,0,0,2008,15.856730886823913,8505637.0,15.956239678126792,15.856730886823913,unknown,0.0
Burundi,3,7900000,2633333.3333333335,7150000,750000,0,0,0,2009,15.88237331743725,8947646.0,16.006901038896288,15.88237331743725,unknown,0.0
Burundi,4,7300000,1825000.0,5450000,1500000,350000,0,0,2010,15.80338490611862,9376444.0,16.053711144626526,15.80338490611862,unknown,0.0
Burundi,4,6350000,1587500.0,5000000,1200000,150000,0,0,2011,15.663965370868874,9717978.0,16.089488130105128,15.663965370868874,unknown,0.0
Burundi,5,7300000,1460000.0,5300000,1000000,1000000,0,0,2012,15.80338490611862,10071028.0,16.12517334488657,15.80338490611862,unknown,0.0
Burundi,5,6900000,1380000.0,4200000,2000000,700000,0,0,2013,15.747031969567487,10439341.0,16.161092015821087,15.747031969567487,unknown,0.0
Burundi,6,8000000,1333333.3333333333,3900000,3400000,700000,0,0,2014,15.89495209964411,10799785.0,16.195036784488885,15.89495209964411,unknown,0.0
Burundi,7,9600000,1371428.5714285714,6300000,2600000,700000,0,0,2015,16.077273656438063,11047580.0,16.217721957418156,16.077273656438063,unknown,0.0
Burundi,7,18400000,2628571.4285714286,16000000,2000000,400000,0,0,2016,16.727861222579214,11239451.0,16.234940557820572,16.727861222579214,unknown,0.0
Burundi,7,17750000,2535714.285714286,15600000,1750000,400000,0,0,2017,16.691896073885697,11506762.0,16.258445420529213,16.691896073885697,unknown,0.0
Burundi,7,14050000,2007142.857142857,12600000,1050000,400000,0,0,2018,16.45813295374403,11859446.0,16.288635238807082,16.45813295374403,unknown,0.0
Burundi,7,10050000,1435714.2857142857,8600000,1050000,400000,0,0,2019,16.12308319246936,12255336.0,16.32147199194916,16.12308319246936,unknown,0.0
Burundi,10,6800000,680000.0,5200000,1150000,450000,0,0,2020,15.732433170146335,12617036.0,16.350558522198984,15.732433170146335,unknown,0.0
Burundi,10,5950000,595000.0,3200000,1150000,1600000,0,0,2021,15.598901777521812,12965481.0,16.377801076151023,15.598901777521812,unknown,0.0
Burundi,12,6475000,539583.3333333334,2200000,1200000,3075000,0,0,2022,15.683459165549875,13321097.0,16.404859577042693,15.683459165549875,unknown,0.0
Burundi,12,10950000,912500.0,2200000,1300000,7450000,0,0,2023,16.208850014226783,13689450.0,16.432136021147137,16.208850014226783,unknown,0.0
Burundi,14,20800000,1485714.2857142857,1300000,1000000,18450000,50000,0,2024,16.850463544671545,14047786.0,16.457975361255812,16.850463544671545,unknown,0.0
Cameroon,20,50425000,2521250.0,30000000,11025000,4400000,5000000,0,2005,17.73599764180455,17074594.0,16.653102185686024,17.73599764180455,unknown,0.0
Cameroon,23,72900000,3169565.217391304,37600000,16050000,11250000,8000000,0,2006,18.104599196978885,17550407.0,16.680587698490434,18.104599196978885,unknown,0.0
Cameroon,30,82950000,2765000.0,45550000,18700000,10700000,8000000,0,2007,18.233748574600728,18049896.0,16.70865048095371,18.233748574600728,unknown,0.0
Cameroon,39,97950000,2511538.4615384615,49300000,23450000,13050000,12150000,0,2008,18.399967702354825,18574056.0,16.737276326280703,18.399967702354825,unknown,0.0
Cameroon,48,123400000,2570833.3333333335,57750000,36950000,16300000,12400000,0,2009,18.63094166943556,19113974.0,16.765930248547843,18.63094166943556,unknown,0.0
Cameroon,59,160800000,2725423.7288135593,64700000,49600000,33900000,12600000,0,2010,18.89567191470914,19668066.0,16.794506863213034,18.89567191470914,unknown,0.0
Cameroon,66,185700000,2813636.3636363638,68200000,55800000,51200000,10500000,0,2011,19.039643026322935,20232304.0,16.822791092920912,19.039643026322935,unknown,0.0
Cameroon,71,193350000,2723239.436619718,65000000,60200000,62500000,5650000,0,2012,19.08001257601758,20809529.0,16.850921564764327,19.08001257601758,unknown,0.0
Cameroon,88,209250000,2377840.909090909,69150000,55300000,79050000,5750000,0,2013,19.159040267333857,21402376.0,16.879012501866306,19.159040267333857,unknown,0.0
Cameroon,98,184525000,1882908.163265306,50825000,48200000,81000000,4500000,0,2014,19.03329551362039,22059893.0,16.90927172136989,19.03329551362039,unknown,0.0
Cameroon,104,177650000,1708173.076923077,58000000,41700000,73200000,4750000,0,2015,18.99532588043131,22763414.0,16.94066515597353,18.99532588043131,unknown,0.0
Cameroon,123,184525000,1500203.2520325202,73950000,39500000,62425000,8650000,0,2016,19.03329551362039,23454161.0,16.97055847848031,19.03329551362039,unknown,0.0
Cameroon,137,181050000,1321532.8467153285,77050000,33750000,60850000,9350000,50000,2017,19.014283794175924,24128601.0,16.99890845829923,19.014283794175924,unknown,0.0
Cameroon,147,174325000,1185884.3537414966,74000000,29450000,57800000,13025000,50000,2018,18.97643193107135,24806383.0,17.02661155705117,18.97643193107135,unknown,0.0
Cameroon,157,261675000,1666719.7452229299,99475000,64825000,66150000,31175000,50000,2019,19.38261383370522,25506095.0,17.05442800117586,19.38261383370522,unknown,0.0
Cameroon,170,313200000,1842352.9411764706,93625000,71475000,100475000,47575000,50000,2020,19.56235252208092,26210558.0,17.081672864657097,19.56235252208092,unknown,0.0
Cameroon,178,272475000,1530758.426966292,92700000,65350000,76200000,38175000,50000,2021,19.42305742473965,26915758.0,17.108222472315166,19.42305742473965,unknown,0.0
Cameroon,186,261975000,1408467.7419354839,101625000,78225000,62950000,19125000,50000,2022,19.38375963732528,27632771.0,17.134512981411294,19.38375963732528,unknown,0.0
Cameroon,196,278100000,1418877.551020408,106525000,80525000,74325000,16675000,50000,2023,19.443491319204192,28372687.0,17.160937515024777,19.443491319204192,unknown,0.0
Cameroon,201,308235000,1533507.462686567,106625000,98900000,60275000,42385000,50000,2024,19.546373037024217,29123744.0,17.187064344456733,19.546373037024217,unknown,0.0
Canada,3,2325000,775000.0,750000,1500000,75000,0,0,2005,14.659230597003594,32242732.0,17.28880321146661,14.659230597003594,unknown,0.0
Canada,3,3350000,1116666.6666666667,750000,2500000,100000,0,0,2006,15.02447090380125,32571193.0,17.298938805381106,15.02447090380125,unknown,0.0
Canada,4,4100000,1025000.0,750000,3000000,350000,0,0,2007,15.226497531674536,32888886.0,17.308645347114272,15.226497531674536,unknown,0.0
Canada,5,5700000,1140000.0,750000,3600000,1350000,0,0,2008,15.555976732804778,33247298.0,17.319484058606214,15.555976732804778,unknown,0.0
Canada,9,9375000,1041666.6666666666,1575000,6300000,1500000,0,0,2009,16.05355712982075,33630069.0,17.330931135453866,16.05355712982075,unknown,0.0
Canada,11,9775000,888636.3636363636,1625000,6350000,1500000,300000,0,2010,16.095338663835705,34005902.0,17.342044655751035,16.095338663835705,unknown,0.0
Canada,14,9650000,689285.7142857143,3200000,4150000,1500000,800000,0,2011,16.082468473315167,34339221.0,17.351798728260746,16.082468473315167,unknown,0.0
Canada,16,14075000,879687.5,6600000,4200000,2425000,850000,0,2012,16.45991073199003,34713395.0,17.36263619348411,16.45991073199003,unknown,0.0
Canada,16,20150000,1259375.0,12300000,2475000,3850000,1525000,0,2013,16.818714846356965,35080992.0,17.373170003289644,16.818714846356965,unknown,0.0
Canada,17,17250000,1014705.8823529412,7575000,2125000,5650000,1900000,0,2014,16.663322701441643,35434066.0,17.38318423175861,16.663322701441643,unknown,0.0
Canada,21,16500000,785714.2857142857,7075000,3800000,3975000,1650000,0,2015,16.61887093887081,35704498.0,17.390787233211,16.61887093887081,unknown,0.0
Canada,25,15675000,627000.0,5675000,4475000,3675000,1850000,0,2016,16.567577644483258,36110803.0,17.4021026306137,16.567577644483258,unknown,0.0
Canada,29,18000000,620689.6551724138,7250000,5075000,3775000,1900000,0,2017,16.70588231586044,36545075.0,17.414056988158855,16.70588231586044,unknown,0.0
Canada,33,18300000,554545.4545454546,7400000,5000000,4000000,1900000,0,2018,16.722411617811648,37072620.0,17.42838924972679,16.722411617811648,unknown,0.0
Canada,39,32675000,837820.5128205129,9975000,6125000,14175000,2400000,0,2019,17.30212081747456,37618495.0,17.443006375720604,17.30212081747456,unknown,0.0
Canada,44,70725000,1607386.3636363635,30250000,7875000,28900000,3700000,0,2020,18.074309675151905,38028638.0,17.453850065431926,18.074309675151905,unknown,0.0
Canada,48,137950000,2873958.3333333335,43125000,6500000,86100000,2225000,0,2021,18.74240185862757,38239864.0,17.459389089655794,18.74240185862757,unknown,0.0
Canada,57,170760000,2995789.4736842103,81260000,10550000,77225000,1725000,0,2022,18.955769619854035,38935934.0,17.47742813540461,18.955769619854035,unknown,0.0
Canada,61,179925000,2949590.1639344264,75825000,19325000,82525000,2250000,0,2023,19.008050655358144,40083484.0,17.50647493711073,19.008050655358144,unknown,0.0
Canada,63,194025000,3079761.904761905,73950000,29650000,87875000,2550000,0,2024,19.083497574704477,41288599.0,17.53609696655278,19.083497574704477,unknown,0.0
Cape Verde,1,4250000,4250000.0,4250000,0,0,0,0,2005,15.2624295409006,485115.0,13.092141255214742,15.2624295409006,unknown,0.0
Cape Verde,1,4250000,4250000.0,4250000,0,0,0,0,2006,15.2624295409006,490728.0,13.103645281791,15.2624295409006,unknown,0.0
Cape Verde,1,4250000,4250000.0,4250000,0,0,0,0,2007,15.2624295409006,496190.0,13.114714196872713,15.2624295409006,unknown,0.0
Cape Verde,2,1800000,900000.0,1500000,300000,0,0,0,2008,14.403297222866392,501355.0,13.125069711975044,14.403297222866392,unknown,0.0
Cape Verde,8,6625000,828125.0,5300000,375000,950000,0,0,2009,15.70636092983656,506141.0,13.134570565578677,15.70636092983656,unknown,0.0
Cape Verde,12,4800000,400000.0,2100000,700000,2000000,0,0,2010,15.38412647587812,509784.0,13.141742385574831,15.38412647587812,unknown,0.0
Cape Verde,17,7450000,438235.29411764705,3800000,1175000,2475000,0,0,2011,15.823724590355742,511447.0,13.14499924219193,15.823724590355742,unknown,0.0
Cape Verde,23,13875000,603260.8695652174,9100000,1550000,3225000,0,0,2012,16.445599217596772,511955.0,13.145992009534037,16.445599217596772,unknown,0.0
Cape Verde,26,20450000,786538.4615384615,13850000,1750000,4450000,400000,0,2013,16.833493440453086,512225.0,13.146519260615399,16.833493440453086,unknown,0.0
Cape Verde,42,30375000,723214.2857142857,18150000,3600000,8025000,600000,0,2014,17.229130459624987,512326.0,13.146716420152265,17.229130459624987,unknown,0.0
Cape Verde,48,36125000,752604.1666666666,19725000,4400000,10900000,1100000,0,2015,17.40249570439687,512394.0,13.146849139334284,17.40249570439687,unknown,0.0
Cape Verde,61,39100000,640983.606557377,20375000,5575000,12025000,1125000,0,2016,17.481633024955595,512554.0,13.147161350297766,17.481633024955595,unknown,0.0
Cape Verde,66,42050000,637121.2121212122,25200000,5100000,10600000,1150000,0,2017,17.554369944383232,512893.0,13.147822525399649,17.554369944383232,unknown,0.0
Cape Verde,72,44750000,621527.7777777778,24300000,5675000,12075000,2700000,0,2018,17.616602002685138,513415.0,13.148839763977177,17.616602002685138,unknown,0.0
Cape Verde,74,68600000,927027.027027027,45025000,6075000,12300000,5200000,0,2019,18.043803092696113,514104.0,13.150180858600761,18.043803092696113,unknown,0.0
Cape Verde,80,80975000,1012187.5,57350000,7625000,12325000,3675000,0,2020,18.209651023021667,514679.0,13.151298684342192,18.209651023021667,unknown,0.0
Cape Verde,85,67475000,793823.5294117647,46150000,8300000,10450000,2575000,0,2021,18.02726771686834,516649.0,13.15511900609432,18.02726771686834,unknown,0.0
Cape Verde,89,63000000,707865.1685393258,38600000,10525000,9300000,4575000,0,2022,17.958645284355807,519741.0,13.16108588955302,17.958645284355807,unknown,0.0
Cape Verde,90,57700000,641111.1111111111,32375000,11875000,8850000,4600000,0,2023,17.870767731478328,522331.0,13.166056765525418,17.870767731478328,unknown,0.0
Cape Verde,92,58625000,637228.2608695652,30325000,9675000,14025000,4600000,0,2024,17.88667178473072,524877.0,13.17091922841029,17.88667178473072,unknown,0.0
Central African Republic,3,1550000,516666.6666666667,350000,1000000,0,0,200000,2007,14.253765488895429,4462770.0,15.311280207441406,14.253765488895429,unknown,0.0
Central African Republic,3,2400000,800000.0,550000,1500000,0,0,350000,2008,14.690979295318174,4558984.0,15.332610349647855,14.690979295318174,unknown,0.0
Central African Republic,4,3575000,893750.0,2075000,900000,0,0,600000,2009,15.089475734110245,4529047.0,15.326022100051295,15.089475734110245,unknown,0.0
Central African Republic,5,3800000,760000.0,2250000,500000,0,50000,1000000,2010,15.150511624696614,4492995.0,15.318030075209478,15.150511624696614,unknown,0.0
Central African Republic,5,3000000,600000.0,1300000,750000,0,150000,800000,2011,14.914122846632385,4565021.0,15.333933672219683,14.914122846632385,unknown,0.0
Central African Republic,8,5000000,625000.0,1150000,2250000,300000,300000,1000000,2012,15.424948470398375,4610848.0,15.343922345995747,15.424948470398375,unknown,0.0
Central African Republic,9,7950000,883333.3333333334,850000,5100000,900000,300000,800000,2013,15.888682486630515,4642419.0,15.350746124560827,15.888682486630515,unknown,0.0
Central African Republic,11,21800000,1981818.1818181819,800000,18800000,1000000,200000,1000000,2014,16.897420527759316,4623182.0,15.346593770570962,16.897420527759316,unknown,0.0
Central African Republic,12,20700000,1725000.0,850000,16600000,1050000,200000,2000000,2015,16.8456442582356,4629320.0,15.34792054702568,16.8456442582356,unknown,0.0
Central African Republic,13,30950000,2380769.230769231,1100000,25450000,2500000,400000,1500000,2016,17.24788355709488,4713663.0,15.365975870741577,17.24788355709488,unknown,0.0
Central African Republic,13,26725000,2055769.2307692308,675000,21650000,3150000,250000,1000000,2017,17.101110014875385,4793511.0,15.38277368627073,17.101110014875385,unknown,0.0
Central African Republic,14,30975000,2212500.0,475000,26550000,2650000,300000,1000000,2018,17.24869098547948,4878657.0,15.400380535035474,17.24869098547948,unknown,0.0
Central African Republic,14,32850000,2346428.5714285714,575000,26875000,4600000,300000,500000,2019,17.307462302894894,4944703.0,15.413827460567894,17.307462302894894,unknown,0.0
Central African Republic,17,35175000,2069117.6470588236,1575000,29800000,3100000,450000,250000,2020,17.375846160964727,5026628.0,15.430259939538697,17.375846160964727,unknown,0.0
Central African Republic,20,23925000,1196250.0,1775000,18900000,2650000,450000,150000,2021,16.99043449530329,5112100.0,15.447120836663515,16.99043449530329,unknown,0.0
Central African Republic,21,20500000,976190.4761904762,1925000,16525000,1350000,550000,150000,2022,16.835935444108635,5098039.0,15.444366513947783,16.835935444108635,unknown,0.0
Central African Republic,21,25375000,1208333.3333333333,1925000,21450000,1350000,500000,150000,2023,17.049274995326225,5152421.0,15.454977259266279,17.049274995326225,unknown,0.0
Central African Republic,22,20775000,944318.1818181818,2425000,16350000,1450000,400000,150000,2024,16.849260898705786,5330690.0,15.488991243673278,16.849260898705786,unknown,0.0
Chad,2,250000,125000.0,200000,50000,0,0,0,2010,12.429216196844383,12312575.0,16.32613165581449,12.429216196844383,unknown,0.0
Chad,2,175000,87500.0,100000,75000,0,0,0,2011,12.072541252905651,12754997.0,16.36143367435614,12.072541252905651,unknown,0.0
Chad,2,575000,287500.0,500000,75000,0,0,0,2012,13.262125319779487,13210998.0,16.396560222471486,13.262125319779487,unknown,0.0
Chad,2,1050000,525000.0,1000000,50000,0,0,0,2013,13.864300722133706,13691079.0,16.432255010813254,13.864300722133706,unknown,0.0
Chad,2,1600000,800000.0,1300000,300000,0,0,0,2014,14.28551418721001,14188678.0,16.467954880596032,14.28551418721001,unknown,0.0
Chad,2,1700000,850000.0,1300000,400000,0,0,0,2015,14.346138809026444,14647621.0,16.499788491162317,14.346138809026444,unknown,0.0
Chad,3,1650000,550000.0,1150000,500000,0,0,0,2016,14.316285845876763,15114655.0,16.53117536092693,14.316285845876763,unknown,0.0
Chad,3,3050000,1016666.6666666666,2650000,400000,0,0,0,2017,14.930652148583594,15622759.0,16.564239319300533,14.930652148583594,unknown,0.0
Chad,3,3450000,1150000.0,3150000,300000,0,0,0,2018,15.053884789007542,16156531.0,16.59783492217163,15.053884789007542,unknown,0.0
Chad,4,3050000,762500.0,2750000,300000,0,0,0,2019,14.930652148583594,16685223.0,16.630034035376468,14.930652148583594,unknown,0.0
Chad,4,4000000,1000000.0,3875000,125000,0,0,0,2020,15.201804919084164,17224679.0,16.66185373898643,15.201804919084164,unknown,0.0
Chad,4,3075000,768750.0,2975000,100000,0,0,0,2021,14.938815459222756,17828273.0,16.696296125922142,14.938815459222756,unknown,0.0
Chad,4,2325000,581250.0,2225000,100000,0,0,0,2022,14.659230597003594,18455316.0,16.73086301703061,14.659230597003594,unknown,0.0
Chad,4,2550000,637500.0,2450000,100000,0,0,0,2023,14.75160391713461,19319064.0,16.776602938370072,14.75160391713461,unknown,0.0
Chad,4,2250000,562500.0,2150000,100000,0,0,0,2024,14.626440774180603,20299123.0,16.82608824110834,14.626440774180603,unknown,0.0
Chile,7,13400000,1914285.7142857143,6000000,5000000,2400000,0,0,2005,16.41076526492114,16348778.0,16.609663712453198,16.41076526492114,unknown,0.0
Chile,7,21400000,3057142.8571428573,5500000,13500000,2400000,0,0,2006,16.87890147999208,16509195.0,16.6194280563793,16.87890147999208,unknown,0.0
Chile,10,31150000,3115000.0,5800000,20500000,3350000,1500000,0,2007,17.254324803197736,16671581.0,16.629216091261643,17.254324803197736,unknown,0.0
Chile,17,57800000,3400000.0,13800000,37100000,4900000,2000000,0,2008,17.872499333642605,16838988.0,16.6392074699608,17.872499333642605,unknown,0.0
Chile,23,66450000,2889130.434782609,17500000,38450000,8900000,1600000,0,2009,18.01196034312353,17009731.0,16.649296150020074,18.01196034312353,unknown,0.0
Chile,35,83550000,2387142.8571428573,22025000,43150000,15375000,3000000,0,2010,18.240955813005677,17181464.0,16.659341686256464,18.240955813005677,unknown,0.0
Chile,40,113075000,2826875.0,28825000,59400000,18850000,6000000,0,2011,18.54356187332818,17351816.0,16.669207727467665,18.54356187332818,unknown,0.0
Chile,51,141425000,2773039.2156862747,47500000,65025000,23900000,5000000,0,2012,18.767280099193492,17519119.0,16.67880335682004,18.767280099193492,unknown,0.0
Chile,51,180800000,3545098.0392156863,72950000,74150000,28700000,5000000,0,2013,19.01290200592235,17687006.0,16.688340803649076,19.01290200592235,unknown,0.0
Chile,51,172525000,3382843.137254902,53075000,92100000,23350000,4000000,0,2014,18.96605271147094,17864195.0,16.698308988250883,18.96605271147094,unknown,0.0
Chile,51,195300000,3829411.7647058824,65050000,98800000,21450000,10000000,0,2015,19.090047395846906,18047625.0,16.708524655138525,19.090047395846906,unknown,0.0
Chile,53,224800000,4241509.433962264,83450000,103600000,22650000,15100000,0,2016,19.23072167598381,18267221.0,16.72061880950501,19.23072167598381,unknown,0.0
Chile,60,221275000,3687916.6666666665,85225000,103300000,17550000,15200000,0,2017,19.214916829819213,18558868.0,16.73645829208297,19.214916829819213,unknown,0.0
Chile,65,205175000,3156538.4615384615,91675000,89450000,15800000,8250000,0,2018,19.13937383148005,18893191.0,16.754312150568744,19.13937383148005,unknown,0.0
Chile,67,164600000,2456716.417910448,80925000,64300000,16625000,2750000,0,2019,18.919028846207244,19197744.0,16.770303330094343,18.919028846207244,unknown,0.0
Chile,67,150550000,2247014.925373134,57625000,65575000,25600000,1750000,0,2020,18.829805812892015,19370624.0,16.779268249629396,18.829805812892015,unknown,0.0
Chile,68,113950000,1675735.294117647,39050000,53150000,20500000,1250000,0,2021,18.551270313655966,19456334.0,16.78368323054147,18.551270313655966,unknown,0.0
Chile,69,99400000,1440579.7101449275,34400000,37975000,25875000,1150000,0,2022,18.414662671626804,19553036.0,16.78864112645641,18.414662671626804,unknown,0.0
Chile,72,101175000,1405208.3333333333,43325000,29725000,26875000,1250000,0,2023,18.432362248726204,19658835.0,16.794037413552125,18.432362248726204,unknown,0.0
Chile,72,89725000,1246180.5555555555,37800000,26225000,24400000,1300000,0,2024,18.312259994997945,19764771.0,16.799411668508693,18.312259994997945,unknown,0.0
China,4,1000000,250000.0,900000,25000,75000,0,0,2011,13.815510557964274,1345035000.0,21.019685871966473,13.815510557964274,unknown,0.0
China,4,1100000,275000.0,1000000,25000,75000,0,0,2012,13.9108207377686,1354190000.0,21.026469326554942,13.9108207377686,unknown,0.0
China,6,1900000,316666.6666666667,1500000,350000,50000,0,0,2013,14.457364444136669,1363240000.0,21.033130056331842,14.457364444136669,unknown,0.0
China,11,2950000,268181.8181818182,1225000,1525000,125000,75000,0,2014,14.897315728316002,1371860000.0,21.03943332022726,14.897315728316002,unknown,0.0
China,12,4100000,341666.6666666667,1775000,1775000,475000,75000,0,2015,15.226497531674536,1379860000.0,21.045247881693836,15.226497531674536,unknown,0.0
China,14,5200000,371428.5714285714,1900000,1975000,1225000,100000,0,2016,15.464169183551656,1387790000.0,21.050978390754533,15.464169183551656,unknown,0.0
China,16,5850000,365625.0,2425000,1950000,1375000,100000,0,2017,15.58195221920804,1396215000.0,21.05703084088936,15.58195221920804,unknown,0.0
China,16,9475000,592187.5,4625000,3475000,1300000,75000,0,2018,16.064167308932763,1402760000.0,21.061707561423983,16.064167308932763,unknown,0.0
China,18,11800000,655555.5555555555,6250000,4125000,1350000,75000,0,2019,16.283610089435893,1407745000.0,21.06525497032569,16.283610089435893,unknown,0.0
China,20,16550000,827500.0,12350000,2950000,1075000,175000,0,2020,16.621896659787346,1411100000.0,21.06763537902799,16.621896659787346,unknown,0.0
China,20,13200000,660000.0,8850000,2400000,1500000,450000,0,2021,16.3957273875566,1412360000.0,21.068527901028403,16.3957273875566,unknown,0.0
China,20,9460000,473000.0,5525000,1910000,1625000,400000,0,2022,16.06258294102806,1412175000.0,21.068396906014875,16.06258294102806,unknown,0.0
China,20,7975000,398750.0,4575000,1375000,1650000,375000,0,2023,15.891822206635183,1410710000.0,21.067358960698986,15.891822206635183,unknown,0.0
China,21,6910000,329047.61904761905,3625000,1275000,1635000,375000,0,2024,15.748480195743852,1408975000.0,21.066128326625346,15.748480195743852,unknown,0.0
Colombia,3,11500000,3833333.3333333335,1000000,1500000,9000000,0,0,2005,16.25785759333348,42128977.0,17.55624635167605,16.25785759333348,unknown,0.0
Colombia,5,8850000,1770000.0,750000,1500000,6600000,0,0,2006,15.995928016984113,42691084.0,17.569500650775314,15.995928016984113,unknown,0.0
Colombia,7,12250000,1750000.0,1200000,2350000,8700000,0,0,2007,16.32103649495501,43235374.0,17.582169560738237,16.32103649495501,unknown,0.0
Colombia,12,24150000,2012500.0,6700000,8150000,9300000,0,0,2008,16.999794938062855,43758808.0,17.59420347621888,16.999794938062855,unknown,0.0
Colombia,18,40650000,2258333.3333333335,13850000,9300000,15500000,2000000,0,2009,17.520509393958093,44271541.0,17.60585261322832,17.520509393958093,unknown,0.0
Colombia,27,66800000,2474074.074074074,23000000,15200000,24300000,4300000,0,2010,18.017213638506874,44777319.0,17.617212296864682,18.017213638506874,unknown,0.0
Colombia,44,95225000,2164204.5454545454,48475000,19800000,20950000,6000000,0,2011,18.371753070328943,45259614.0,17.62792566963131,18.371753070328943,unknown,0.0
Colombia,50,134125000,2682500.0,72500000,32675000,22450000,6500000,0,2012,18.714282758915136,45715810.0,17.637954747896842,18.714282758915136,unknown,0.0
Colombia,64,193775000,3027734.375,105950000,54575000,27750000,5500000,0,2013,19.08220825013185,46151584.0,17.647441841184357,19.08220825013185,unknown,0.0
Colombia,70,302625000,4323214.285714285,162050000,99425000,36150000,5000000,0,2014,19.528004973222497,46565429.0,17.65636895682362,19.528004973222497,unknown,0.0
Colombia,74,365175000,4934797.297297297,180700000,134525000,42950000,7000000,0,2015,19.715887248701147,46969940.0,17.66501838059125,19.715887248701147,unknown,0.0
Colombia,78,383175000,4912500.0,180925000,154775000,39475000,8000000,0,2016,19.764002361849247,47437512.0,17.67492386608452,19.764002361849247,unknown,0.0
Colombia,117,348700000,2980341.8803418805,150975000,135275000,54150000,8300000,0,2017,19.66972251164588,48131078.0,17.689438638701436,19.66972251164588,unknown,0.0
Colombia,126,358480000,2845079.365079365,148900000,117705000,84575000,7300000,0,2018,19.697383428442162,49024465.0,17.707830017187547,19.697383428442162,unknown,0.0
Colombia,141,463300000,3285815.6028368794,139775000,172125000,142600000,8800000,0,2019,19.953885350386876,49907985.0,17.725691567959988,19.953885350386876,unknown,0.0
Colombia,150,504175000,3361166.6666666665,188875000,157800000,151950000,5550000,0,2020,20.038433987990178,50629997.0,17.740054784692685,20.038433987990178,unknown,0.0
Colombia,154,460275000,2988798.701298701,201200000,134550000,117875000,6650000,0,2021,19.947334694907543,51188173.0,17.751019067232278,19.947334694907543,unknown,0.0
Colombia,163,486975000,2987576.6871165643,236275000,126350000,117050000,7300000,0,2022,20.003723345026934,51737944.0,17.76170199678534,20.003723345026934,unknown,0.0
Colombia,173,467975000,2705057.8034682083,253825000,102750000,104850000,6550000,0,2023,19.963925433651667,52321152.0,17.77291128321944,19.963925433651667,unknown,0.0
Colombia,177,413200000,2334463.2768361582,234025000,90300000,84225000,4650000,0,2024,19.839442295209757,52886363.0,17.783656075315644,19.839442295209757,unknown,0.0
Comoros,2,450000,225000.0,350000,0,100000,0,0,2008,13.017002861746503,629307.0,13.352374492923682,13.017002861746503,unknown,0.0
Comoros,4,1750000,437500.0,950000,0,800000,0,0,2009,14.375126345899696,641947.0,13.372261024747152,14.375126345899696,unknown,0.0
Comoros,5,3200000,640000.0,2500000,0,700000,0,0,2010,14.978661367769956,654836.0,13.392140101587273,14.978661367769956,unknown,0.0
Comoros,5,3450000,690000.0,2400000,0,1050000,0,0,2011,15.053884789007542,668056.0,13.412127281340378,15.053884789007542,unknown,0.0
Comoros,9,7350000,816666.6666666666,2300000,150000,1650000,3250000,0,2012,15.81021087118902,681630.0,13.432242267613159,15.81021087118902,unknown,0.0
Comoros,11,9500000,863636.3636363636,2550000,700000,2250000,4000000,0,2013,16.06680235657077,696192.0,13.453380763342578,16.06680235657077,unknown,0.0
Comoros,11,11200000,1018181.8181818182,3300000,1700000,2700000,3500000,0,2014,16.231424336265324,711503.0,13.475134912947286,16.231424336265324,unknown,0.0
Comoros,11,10300000,936363.6363636364,3200000,1400000,3700000,2000000,0,2015,16.147654453199863,726682.0,13.496244246791973,16.147654453199863,unknown,0.0
Comoros,12,9950000,829166.6666666666,3100000,1800000,3550000,1500000,0,2016,16.113083109134777,741741.0,13.516755404611308,16.113083109134777,unknown,0.0
Comoros,12,9300000,775000.0,3200000,1300000,2800000,2000000,0,2017,16.045524958123483,756669.0,13.536681184485161,16.045524958123483,unknown,0.0
Comoros,15,8000000,533333.3333333334,3550000,1300000,1650000,1500000,0,2018,15.89495209964411,771590.0,13.556208599846784,15.89495209964411,unknown,0.0
Comoros,17,20300000,1194117.6470588236,12250000,5500000,1800000,750000,0,2019,16.826131444012017,786578.0,13.575447170116817,16.826131444012017,unknown,0.0
Comoros,20,26375000,1318750.0,13000000,10050000,2925000,400000,0,2020,17.087927149760503,802163.0,13.595067108093078,17.087927149760503,unknown,0.0
Comoros,26,27650000,1063461.5384615385,11750000,10125000,5575000,200000,0,2021,17.135136285932617,818174.0,13.614830306900913,17.135136285932617,unknown,0.0
Comoros,28,25075000,895535.7142857143,9750000,6550000,8625000,150000,0,2022,17.037381891812274,834188.0,13.634214075601957,17.037381891812274,unknown,0.0
Comoros,31,24475000,789516.1290322581,7000000,4750000,12375000,350000,0,2023,17.01316274638085,850387.0,13.653446818969229,17.01316274638085,unknown,0.0
Comoros,31,23800000,767741.9354838709,5550000,5450000,12500000,300000,0,2024,16.985196138641705,866628.0,13.67236509794369,16.985196138641705,unknown,0.0
Congo,2,300000,150000.0,0,0,100000,200000,0,2006,12.611537753638338,3837409.0,15.160307957241375,12.611537753638338,unknown,0.0
Congo,2,700000,350000.0,0,0,500000,200000,0,2007,13.458835614025542,3980430.0,15.196900411625704,13.458835614025542,unknown,0.0
Congo,6,4800000,800000.0,1750000,0,2450000,600000,0,2008,15.38412647587812,4113517.0,15.229788938316265,15.38412647587812,unknown,0.0
Congo,9,9200000,1022222.2222222222,2200000,250000,6350000,400000,0,2009,16.034714042019267,4281219.0,15.269748340090544,16.034714042019267,unknown,0.0
Congo,9,10900000,1211111.111111111,1600000,2250000,6650000,400000,0,2010,16.204273347199372,4462290.0,15.311172645139202,16.204273347199372,unknown,0.0
Congo,12,16200000,1350000.0,2700000,4600000,8500000,400000,0,2011,16.600521800202614,4609724.0,15.343678543332404,16.600521800202614,unknown,0.0
Congo,15,20050000,1336666.6666666667,2950000,6400000,10300000,400000,0,2012,16.813739711716853,4740450.0,15.371642625873916,16.813739711716853,unknown,0.0
Congo,18,25125000,1395833.3333333333,4025000,5900000,14800000,400000,0,2013,17.039373924343515,4857099.0,15.395951904072593,17.039373924343515,unknown,0.0
Congo,19,24350000,1281578.9473684211,6300000,4500000,13150000,400000,0,2014,17.008042407492873,4975880.0,15.420112797354737,17.008042407492873,unknown,0.0
Congo,21,24600000,1171428.5714285714,5650000,7350000,11300000,300000,0,2015,17.01825700090259,5097581.0,15.444276671446726,17.01825700090259,unknown,0.0
Congo,24,24725000,1030208.3333333334,5950000,7250000,11225000,300000,0,2016,17.02332543547305,5222536.0,15.468493665639459,17.02332543547305,unknown,0.0
Congo,29,18525000,638793.1034482758,7350000,6100000,4775000,300000,0,2017,16.734631729146425,5351011.0,15.492796072981854,16.734631729146425,unknown,0.0
Congo,34,17650000,519117.64705882355,7250000,4375000,5725000,300000,0,2018,16.68624634134358,5483118.0,15.517184475219722,16.68624634134358,unknown,0.0
Congo,39,19425000,498076.92307692306,7000000,6500000,5625000,300000,0,2019,16.782071454217984,5616661.0,15.54124791719195,16.782071454217984,unknown,0.0
Congo,42,19925000,474404.7619047619,7375000,5325000,6925000,300000,0,2020,16.80748578264055,5752791.0,15.565195686313627,16.80748578264055,unknown,0.0
Congo,42,18800000,447619.04761904763,6775000,4925000,6800000,300000,0,2021,16.749367427800177,5892183.0,15.589137115145471,16.749367427800177,unknown,0.0
Congo,45,19950000,443333.3333333333,7275000,4775000,7450000,450000,0,2022,16.808739701300148,6035104.0,15.613103645173902,16.808739701300148,unknown,0.0
Congo,47,23550000,501063.829787234,8100000,7025000,7975000,450000,0,2023,16.974636378426702,6182885.0,15.637295548982323,16.974636378426702,unknown,0.0
Congo,48,26900000,560416.6666666666,7500000,11050000,7900000,450000,0,2024,17.107636844572067,6332961.0,15.661278457260751,17.107636844572067,unknown,0.0
Costa Rica,3,1575000,525000.0,700000,875000,0,0,0,2007,14.269765830241871,4380248.0,15.292615901754287,14.269765830241871,unknown,0.0
Costa Rica,3,2450000,816666.6666666666,700000,1750000,0,0,0,2008,14.71159858252091,4440056.0,15.306177546941482,14.71159858252091,unknown,0.0
Costa Rica,4,4800000,1200000.0,500000,3800000,500000,0,0,2009,15.38412647587812,4499791.0,15.319541509217528,15.38412647587812,unknown,0.0
Costa Rica,6,10500000,1750000.0,1300000,7400000,1800000,0,0,2010,16.166885815127753,4555962.0,15.331947262864734,16.166885815127753,unknown,0.0
Costa Rica,11,20625000,1875000.0,1650000,15050000,2525000,1400000,0,2011,16.84201449018502,4609833.0,15.343702188720139,16.84201449018502,unknown,0.0
Costa Rica,13,24675000,1898076.923076923,3850000,15950000,2075000,2800000,0,2012,17.021301143283818,4663934.0,15.355369855968943,17.021301143283818,unknown,0.0
Costa Rica,22,32525000,1478409.0909090908,5600000,15025000,7100000,4800000,0,2013,17.297519582362842,4716147.0,15.36650271063707,17.297519582362842,unknown,0.0
Costa Rica,25,37850000,1514000.0,7100000,17525000,7725000,5500000,0,2014,17.449141537847733,4767119.0,15.377252697164666,17.449141537847733,unknown,0.0
Costa Rica,26,51350000,1975000.0,11500000,11925000,14925000,13000000,0,2015,17.754175494338842,4818038.0,15.38787734921593,17.754175494338842,unknown,0.0
Costa Rica,26,52575000,2022115.3846153845,8975000,10500000,15600000,17500000,0,2016,17.777751279553037,4866998.0,15.397987877884749,17.777751279553037,unknown,0.0
Costa Rica,27,60425000,2237962.962962963,12450000,14250000,11225000,22500000,0,2017,17.91691348455382,4913177.0,15.407431337369328,17.91691348455382,unknown,0.0
Costa Rica,30,46225000,1540833.3333333333,8125000,10150000,8600000,19350000,0,2018,17.649031335237463,4957818.0,15.416476282553363,17.649031335237463,unknown,0.0
Costa Rica,32,36675000,1146093.75,7600000,6700000,6825000,15550000,0,2019,17.41760588199332,4999553.0,15.424859066401956,17.41760588199332,unknown,0.0
Costa Rica,35,26600000,760000.0,6200000,4125000,5750000,10525000,0,2020,17.096421773751928,5034320.0,15.431789020396428,17.096421773751928,unknown,0.0
Costa Rica,37,28575000,772297.2972972973,8375000,2700000,6875000,10625000,0,2021,17.168042767645147,5059988.0,15.436874669719334,17.168042767645147,unknown,0.0
Costa Rica,40,29325000,733125.0,10600000,2325000,5825000,10575000,0,2022,17.193950952503812,5081765.0,15.441169200155919,17.193950952503812,unknown,0.0
Costa Rica,41,25825000,629878.0487804879,11750000,2450000,5975000,5650000,0,2023,17.066853572969976,5105525.0,15.445833844645792,17.066853572969976,unknown,0.0
Costa Rica,41,24800000,604878.0487804879,14600000,2475000,4950000,2775000,0,2024,17.02635421113521,5129910.0,15.450598673133408,17.02635421113521,unknown,0.0
Croatia,10,31250000,3125000.0,19000000,7500000,3150000,1600000,0,2005,17.257529934146685,4310145.0,15.276482104205444,17.257529934146685,unknown,0.0
Croatia,23,53550000,2328260.8695652173,27950000,13700000,9050000,2850000,0,2006,17.796126354858032,4311159.0,15.27671733544301,17.796126354858032,unknown,0.0
Croatia,34,64275000,1890441.1764705882,31050000,15550000,14625000,3050000,0,2007,17.978681311116226,4310217.0,15.276498808840353,17.978681311116226,unknown,0.0
Croatia,61,112070000,1837213.1147540985,43000000,29440000,33430000,6200000,0,2008,18.53463423402821,4309705.0,15.276380014261793,18.53463423402821,unknown,0.0
Croatia,78,170660000,2187948.717948718,58625000,52935000,46600000,12500000,0,2009,18.955183831072713,4305181.0,15.275329739094865,18.955183831072713,unknown,0.0
Croatia,91,198325000,2179395.604395604,67825000,58900000,58500000,13100000,0,2010,19.10541765715234,4295427.0,15.273061526386682,19.10541765715234,unknown,0.0
Croatia,105,221700000,2111428.5714285714,62850000,73325000,72575000,12950000,0,2011,19.21683567458654,4280622.0,15.269608884101823,19.21683567458654,unknown,0.0
Croatia,122,243850000,1998770.4918032787,74300000,86925000,68775000,13850000,0,2012,19.312063840120334,4260368.0,15.264866099491112,19.312063840120334,unknown,0.0
Croatia,137,253700000,1851824.8175182482,75525000,96900000,65775000,15500000,0,2013,19.35166302456951,4233922.0,15.258639308211553,19.35166302456951,unknown,0.0
Croatia,165,290950000,1763333.3333333333,82500000,113850000,78200000,16400000,0,2014,19.48866198906695,4201598.0,15.250975487081362,19.48866198906695,unknown,0.0
Croatia,188,362175000,1926462.7659574468,83600000,162550000,98450000,17575000,0,2015,19.70763807839199,4151725.0,15.239034468493696,19.70763807839199,unknown,0.0
Croatia,208,392850000,1888701.923076923,89575000,185325000,100600000,17350000,0,2016,19.788938417586106,4106867.0,15.228171008679245,19.788938417586106,unknown,0.0
Croatia,225,468475000,2082111.111111111,116625000,222975000,109200000,19675000,0,2017,19.964993296426005,4041407.0,15.212103456633077,19.964993296426005,unknown,0.0
Croatia,242,531575000,2196590.909090909,145700000,238400000,127375000,20100000,0,2018,20.091354855857038,3988775.0,15.198994724182652,20.091354855857038,unknown,0.0
Croatia,255,688275000,2699117.6470588236,172975000,322025000,171425000,21850000,0,2019,20.34969902533746,3949390.0,15.18907169457196,20.34969902533746,unknown,0.0
Croatia,276,668450000,2421920.2898550723,156425000,316575000,167275000,28175000,0,2020,20.320472157393407,3914206.0,15.180123057132112,20.320472157393407,unknown,0.0
Croatia,291,622425000,2138917.525773196,132900000,288600000,167025000,33900000,0,2021,20.249133697116896,3878981.0,15.171083048240476,20.249133697116896,unknown,0.0
Croatia,303,644175000,2125990.099009901,130925000,299625000,183700000,29925000,0,2022,20.283480986284673,3855641.0,15.165047828718594,20.283480986284673,unknown,0.0
Croatia,308,681085000,2211314.935064935,121900000,275110000,247475000,36600000,0,2023,20.339197672771263,3859686.0,15.166096390981895,20.339197672771263,unknown,0.0
Croatia,309,595545000,1927330.0970873786,99160000,226535000,233700000,36150000,0,2024,20.204987510655236,3866200.0,15.167782670469729,20.204987510655236,unknown,0.0
Cuba,1,250000,250000.0,250000,0,0,0,0,2012,12.429216196844383,11303175.0,16.24059421766825,12.429216196844383,unknown,0.0
Cuba,1,175000,175000.0,175000,0,0,0,0,2013,12.072541252905651,11298167.0,16.240151058135336,12.072541252905651,unknown,0.0
Cuba,1,125000,125000.0,125000,0,0,0,0,2014,11.736069016284437,11285775.0,16.239053641108345,11.736069016284437,unknown,0.0
Cuba,1,75000,75000.0,75000,0,0,0,0,2015,11.225243392518447,11275065.0,16.238104208303138,11.225243392518447,unknown,0.0
Cuba,1,150000,150000.0,150000,0,0,0,0,2016,11.918390573078392,11265612.0,16.237265457936044,11.918390573078392,unknown,0.0
Cuba,1,300000,300000.0,300000,0,0,0,0,2017,12.611537753638338,11247829.0,16.235685690214318,12.611537753638338,unknown,0.0
Cuba,2,1050000,525000.0,1000000,0,0,50000,0,2018,13.864300722133706,11227118.0,16.233842659762452,13.864300722133706,unknown,0.0
Cuba,2,2050000,1025000.0,2000000,0,0,50000,0,2019,14.53335035111459,11202846.0,16.231678411128428,14.53335035111459,unknown,0.0
Cuba,2,4250000,2125000.0,4000000,0,0,250000,0,2020,15.2624295409006,11176354.0,16.229310854435187,15.2624295409006,unknown,0.0
Cuba,3,3300000,1100000.0,3000000,0,0,300000,0,2021,15.009433026436708,11122168.0,16.224450791812473,15.009433026436708,unknown,0.0
Cuba,3,2500000,833333.3333333334,2000000,0,0,500000,0,2022,14.73180128983843,11059820.0,16.218829279061648,14.73180128983843,unknown,0.0
Cuba,3,2200000,733333.3333333334,1700000,0,0,500000,0,2023,14.603967918328545,11019931.0,16.215216100326426,14.603967918328545,unknown,0.0
Cuba,3,1900000,633333.3333333334,1400000,0,0,500000,0,2024,14.457364444136669,10979783.0,16.211566230644536,14.457364444136669,unknown,0.0
Curaçao,1,300000,300000.0,0,0,300000,0,0,2005,12.611537753638338,137658.0,11.832527627298218,12.611537753638338,unknown,0.0
Curaçao,2,800000,400000.0,0,500000,300000,0,0,2006,13.592367006650065,141239.0,11.858208769869991,13.592367006650065,unknown,0.0
Curaçao,3,850000,283333.3333333333,50000,500000,300000,0,0,2007,13.652991628466498,144056.0,11.87795739184934,13.652991628466498,unknown,0.0
Curaçao,4,2050000,512500.0,50000,1700000,300000,0,0,2008,14.53335035111459,145880.0,11.890539644922617,14.53335035111459,unknown,0.0
Curaçao,10,3675000,367500.0,475000,2750000,350000,100000,0,2009,15.117063690629074,146833.0,11.897051165540125,15.117063690629074,unknown,0.0
Curaçao,13,5500000,423076.92307692306,1100000,3800000,400000,200000,0,2010,15.520258650202699,148703.0,11.909706307093426,15.520258650202699,unknown,0.0
Curaçao,16,8775000,548437.5,2100000,5800000,575000,300000,0,2011,15.987417327316203,150831.0,11.923915283721092,15.987417327316203,unknown,0.0
Curaçao,17,11075000,651470.5882352941,3275000,6500000,550000,750000,0,2012,16.22020087389547,152088.0,11.932214579671463,16.22020087389547,unknown,0.0
Curaçao,23,17850000,776086.9565217391,4750000,11550000,800000,750000,0,2013,16.69751406618992,153822.0,11.943551368736893,16.69751406618992,unknown,0.0
Curaçao,31,19400000,625806.4516129033,5600000,10800000,2250000,750000,0,2014,16.780783624033557,155909.0,11.957027782693258,16.780783624033557,unknown,0.0
Curaçao,34,25650000,754411.7647058824,10850000,10575000,3475000,750000,0,2015,17.060054129581054,157980.0,11.97022372171841,17.060054129581054,unknown,0.0
Curaçao,40,33975000,849375.0,10775000,8975000,11225000,3000000,0,2016,17.341135518001483,159664.0,11.980826886124094,17.341135518001483,unknown,0.0
Curaçao,42,45475000,1082738.0952380951,8650000,9100000,23225000,4500000,0,2017,17.63267328236846,160175.0,11.984022246507223,17.63267328236846,unknown,0.0
Curaçao,47,39000000,829787.2340425532,9650000,8700000,16650000,4000000,0,2018,17.47907220409392,159336.0,11.978770459067105,17.47907220409392,unknown,0.0
Curaçao,50,37750000,755000.0,12450000,8000000,15200000,2100000,0,2019,17.446496033659308,157441.0,11.966806063891925,17.446496033659308,unknown,0.0
Curaçao,54,33900000,627777.7777777778,10975000,10250000,11375000,1300000,0,2020,17.33892557235068,155482.0,11.954285248274216,17.33892557235068,unknown,0.0
Curaçao,59,39425000,668220.3389830509,15800000,11625000,10900000,1100000,0,2021,17.489910690813375,153948.0,11.944370162037341,17.489910690813375,unknown,0.0
Curaçao,63,34450000,546825.3968253968,11075000,9800000,12650000,925000,0,2022,17.35501955542394,153321.0,11.94028904177951,17.35501955542394,unknown,0.0
Curaçao,65,37975000,584230.7692307692,10300000,7800000,19150000,725000,0,2023,17.452438606446112,154654.0,11.948945642634852,17.452438606446112,unknown,0.0
Curaçao,65,40150000,617692.3076923077,11700000,7450000,20400000,600000,0,2024,17.508132998357045,155967.0,11.957399725392719,17.508132998357045,unknown,0.0
Cyprus,3,1250000,416666.6666666667,0,300000,600000,350000,0,2006,14.038654109278484,1054418.0,13.86849951390485,14.038654109278484,unknown,0.0
Cyprus,3,1250000,416666.6666666667,0,300000,600000,350000,0,2007,14.038654109278484,1072714.0,13.885702443679621,14.038654109278484,unknown,0.0
Cyprus,4,2050000,512500.0,0,700000,1000000,350000,0,2008,14.53335035111459,1091026.0,13.902629095878634,14.53335035111459,unknown,0.0
Cyprus,5,3750000,750000.0,0,2000000,1400000,350000,0,2009,15.137266397946593,1109371.0,13.919303746005614,15.137266397946593,unknown,0.0
Cyprus,6,4175000,695833.3333333334,0,2000000,1675000,500000,0,2010,15.244624916267092,1127816.0,13.935793577167159,15.244624916267092,unknown,0.0
Cyprus,9,5025000,558333.3333333334,50000,2600000,1875000,500000,0,2011,15.429936011909414,1146493.0,13.952218275722862,15.429936011909414,unknown,0.0
Cyprus,12,6700000,558333.3333333334,500000,2700000,2200000,1300000,0,2012,15.717618084361195,1165397.0,13.968572359464355,15.717618084361195,unknown,0.0
Cyprus,13,10550000,811538.4615384615,500000,2550000,3800000,3700000,0,2013,16.17163641788635,1183895.0,13.984320408061135,16.17163641788635,unknown,0.0
Cyprus,14,10550000,753571.4285714285,500000,2550000,4100000,3400000,0,2014,16.17163641788635,1201801.0,13.999331822966823,16.17163641788635,unknown,0.0
Cyprus,15,11175000,745000.0,850000,2575000,3150000,4600000,0,2015,16.229189698463905,1219502.0,14.013953136653168,16.229189698463905,unknown,0.0
Cyprus,18,12125000,673611.1111111111,900000,2200000,3575000,5450000,0,2016,16.310779994787822,1237112.0,14.028290188908962,16.310779994787822,unknown,0.0
Cyprus,22,13600000,618181.8181818182,1900000,2375000,4975000,4350000,0,2017,16.42558035070628,1254275.0,14.042068274378272,16.42558035070628,unknown,0.0
Cyprus,26,15025000,577884.6153846154,2550000,3275000,7350000,1850000,0,2018,16.525226038385547,1270737.0,14.055107605077792,16.525226038385547,unknown,0.0
Cyprus,27,15200000,562962.9629629629,1900000,3150000,9150000,1000000,0,2019,16.536805985816503,1286671.0,14.06756882064288,16.536805985816503,unknown,0.0
Cyprus,30,18550000,618333.3333333334,2400000,4000000,11250000,900000,0,2020,16.73598034701772,1302247.0,14.079601791899659,16.73598034701772,unknown,0.0
Cyprus,32,16900000,528125.0,2650000,3850000,9400000,1000000,0,2021,16.642824179893303,1317309.0,14.091101577351264,16.642824179893303,unknown,0.0
Cyprus,33,19500000,590909.0909090909,4350000,4450000,9600000,1100000,0,2022,16.785925023533974,1331370.0,14.1017190452225,16.785925023533974,unknown,0.0
Cyprus,34,20500000,602941.1764705882,4550000,5150000,9700000,1100000,0,2023,16.835935444108635,1344976.0,14.111886726992703,16.835935444108635,unknown,0.0
Cyprus,34,19075000,561029.4117647059,3475000,4950000,9750000,900000,0,2024,16.763889135134797,1358282.0,14.121731223863835,16.763889135134797,unknown,0.0
Czech Republic,16,70400000,4400000.0,16000000,25000000,14350000,15050000,0,2005,18.06970382112827,10211216.0,16.13899728197176,18.06970382112827,unknown,0.0
Czech Republic,20,80000000,4000000.0,13250000,24700000,15950000,26100000,0,2006,18.197537192638155,10238905.0,16.14170523826408,18.197537192638155,unknown,0.0
Czech Republic,29,89675000,3092241.379310345,10950000,29300000,22400000,27025000,0,2007,18.31170258138262,10298828.0,16.147540660317933,18.31170258138262,unknown,0.0
Czech Republic,47,115425000,2455851.063829787,9150000,38750000,33700000,33825000,0,2008,18.564131526357325,10384603.0,16.155834786347864,18.564131526357325,unknown,0.0
Czech Republic,66,136800000,2072727.2727272727,13450000,48525000,39775000,35050000,0,2009,18.734030563152725,10443936.0,16.161532080862045,18.734030563152725,unknown,0.0
Czech Republic,71,158900000,2238028.1690140846,22550000,50950000,47550000,37850000,0,2010,18.883785631506946,10474410.0,16.16444569760385,18.883785631506946,unknown,0.0
Czech Republic,80,151175000,1889687.5,26800000,46125000,43450000,34800000,0,2011,18.83394866412355,10496088.0,16.166513174277203,18.83394866412355,unknown,0.0
Czech Republic,88,167025000,1898011.3636363635,34000000,50100000,46200000,36325000,400000,2012,18.933654059775815,10510785.0,16.167912430834612,18.933654059775815,unknown,0.0
Czech Republic,96,177275000,1846614.5833333333,31350000,54350000,56450000,34725000,400000,2013,18.993212757154335,10514272.0,16.168244130295115,18.993212757154335,unknown,0.0
Czech Republic,103,164850000,1600485.436893204,28625000,48500000,53325000,34250000,150000,2014,18.920546527482013,10525347.0,16.16929690611039,18.920546527482013,unknown,0.0
Czech Republic,110,133025000,1209318.1818181819,23550000,40500000,42725000,26100000,150000,2015,18.70604763844671,10546059.0,16.171262793595115,18.70604763844671,unknown,0.0
Czech Republic,114,122225000,1072149.1228070175,24500000,37250000,38375000,21950000,150000,2016,18.621374166428982,10566332.0,16.173183277753544,18.621374166428982,unknown,0.0
Czech Republic,126,128325000,1018452.380952381,30775000,40325000,34700000,22225000,300000,2017,18.67007666641064,10594438.0,16.175839704389034,18.67007666641064,unknown,0.0
Czech Republic,132,173350000,1313257.5757575757,49025000,65525000,38625000,19950000,225000,2018,18.970823230095306,10629928.0,16.17918397701203,18.970823230095306,unknown,0.0
Czech Republic,135,203225000,1505370.3703703703,45175000,83050000,34050000,40775000,175000,2019,19.12982429759691,10671870.0,16.18312186565405,19.12982429759691,unknown,0.0
Czech Republic,138,218075000,1580253.6231884058,43100000,94400000,38950000,41500000,125000,2020,19.200349598283555,10697858.0,16.18555409247617,19.200349598283555,unknown,0.0
Czech Republic,140,220325000,1573750.0,56825000,94500000,42325000,26475000,200000,2021,19.210614286949998,10505772.0,16.167435378375917,19.210614286949998,unknown,0.0
Czech Republic,147,251150000,1708503.4013605441,80325000,104600000,47375000,18650000,200000,2022,19.341560928160327,10672118.0,16.183145104047927,19.341560928160327,unknown,0.0
Czech Republic,149,226075000,1517281.8791946308,73850000,91875000,40125000,20025000,200000,2023,19.23637736059082,10864042.0,16.20096899475252,19.23637736059082,unknown,0.0
Czech Republic,150,215575000,1437166.6666666667,73075000,77550000,43625000,21125000,200000,2024,19.188819434802664,10905028.0,16.2047345252441,19.188819434802664,unknown,0.0
DR Congo,7,7550000,1078571.4285714286,4050000,800000,2700000,0,0,2005,15.837058121225207,58775724.0,17.889239470477023,15.837058121225207,unknown,0.0
DR Congo,9,9950000,1105555.5555555555,5075000,1500000,3375000,0,0,2006,16.113083109134777,60615908.0,17.920067924841106,16.113083109134777,unknown,0.0
DR Congo,15,15425000,1028333.3333333334,6375000,2650000,6400000,0,0,2007,16.551500127755727,62477752.0,17.95032108333498,16.551500127755727,unknown,0.0
DR Congo,22,21500000,977272.7272727273,8150000,5450000,7900000,0,0,2008,16.883563493097892,64390664.0,17.98047921162147,16.883563493097892,unknown,0.0
DR Congo,27,28225000,1045370.3703703703,15275000,4900000,8050000,0,0,2009,17.155718668,66412044.0,18.011388983540463,17.155718668,unknown,0.0
DR Congo,30,37100000,1236666.6666666667,13900000,8000000,15150000,50000,0,2010,17.429127527577663,68563038.0,18.043264142823997,17.429127527577663,unknown,0.0
DR Congo,41,43175000,1053048.780487805,15475000,10900000,16625000,175000,0,2011,17.580772181997016,70849311.0,18.076065799283036,17.580772181997016,unknown,0.0
DR Congo,48,49275000,1026562.5,13450000,23000000,12550000,275000,0,2012,17.712927411003058,73254618.0,18.109451848242838,17.712927411003058,unknown,0.0
DR Congo,54,52450000,971296.2962962963,17775000,21650000,12250000,600000,175000,2013,17.77537089280658,75789395.0,18.143468933172898,17.77537089280658,unknown,0.0
DR Congo,64,83975000,1312109.375,31275000,32300000,18600000,1300000,500000,2014,18.24602969346263,78403242.0,18.17737583650648,18.24602969346263,unknown,0.0
DR Congo,75,99050000,1320666.6666666667,45150000,28500000,23700000,1450000,250000,2015,18.411135331108834,81035531.0,18.21039827077702,18.411135331108834,unknown,0.0
DR Congo,85,143000000,1682352.9411764706,67400000,41200000,32650000,1550000,200000,2016,18.778355188224182,83956415.0,18.24580835310084,18.778355188224182,unknown,0.0
DR Congo,92,165500000,1798913.043478261,92250000,39400000,32200000,1450000,200000,2017,18.924481752781393,87083398.0,18.282376815158642,18.924481752781393,unknown,0.0
DR Congo,101,179000000,1772277.2277227722,110825000,29175000,36900000,1900000,200000,2018,19.00289636380503,90047644.0,18.315849466001332,19.00289636380503,unknown,0.0
DR Congo,108,192450000,1781944.4444444445,108275000,32450000,50025000,1500000,200000,2019,19.07534693769403,92947442.0,18.347544751580905,19.07534693769403,unknown,0.0
DR Congo,118,229275000,1943008.4745762711,99300000,34025000,93200000,2550000,200000,2020,19.250432714409282,95989998.0,18.379754556504217,19.250432714409282,unknown,0.0
DR Congo,127,221425000,1743503.937007874,95300000,30550000,93275000,2100000,200000,2021,19.21559448965992,99148932.0,18.41213364131382,19.21559448965992,unknown,0.0
DR Congo,131,250550000,1912595.4198473282,118750000,31150000,97250000,3200000,200000,2022,19.339169059370008,102396968.0,18.444367660756317,19.339169059370008,unknown,0.0
DR Congo,132,205335000,1555568.1818181819,93375000,35485000,72875000,3400000,200000,2023,19.14015334967986,105789731.0,18.476964012186304,19.14015334967986,unknown,0.0
DR Congo,135,207085000,1533962.962962963,98975000,36635000,67975000,3300000,200000,2024,19.148639894964354,109276265.0,18.509389774944978,19.148639894964354,unknown,0.0
Denmark,43,46400000,1079069.7674418604,8700000,19050000,8950000,9700000,0,2005,17.652810017196483,5419432.0,15.505501570876264,17.652810017196483,unknown,0.0
Denmark,52,67575000,1299519.2307692308,14350000,25050000,18600000,9575000,0,2006,18.028748650126786,5437272.0,15.508788022465463,18.028748650126786,unknown,0.0
Denmark,84,102400000,1219047.619047619,19440000,40790000,31975000,10195000,0,2007,18.44439727056968,5461438.0,15.513222683008678,18.44439727056968,unknown,0.0
Denmark,120,116985000,974875.0,23225000,50315000,32700000,10745000,0,2008,18.577556279414846,5493621.0,15.519098158911268,18.577556279414846,unknown,0.0
Denmark,213,191620000,899624.4131455399,43775000,78850000,54620000,14375000,0,2009,19.071024802187,5523095.0,15.524448949532061,19.071024802187,unknown,0.0
Denmark,255,209350000,820980.3921568628,46850000,79000000,64800000,18700000,0,2010,19.159518050429426,5547683.0,15.528890921077156,19.159518050429426,unknown,0.0
Denmark,302,232650000,770364.238410596,53000000,78675000,78325000,22650000,0,2011,19.265045736254933,5570572.0,15.533008299629106,19.265045736254933,unknown,0.0
Denmark,343,236175000,688556.8513119534,49650000,84450000,81325000,20750000,0,2012,19.28008361361947,5591572.0,15.536771022055307,19.28008361361947,unknown,0.0
Denmark,386,240825000,623898.9637305699,47025000,89750000,82900000,21150000,0,2013,19.29958108660796,5614932.0,15.540940035662826,19.29958108660796,unknown,0.0
Denmark,431,262550000,609164.7331786543,66100000,85975000,89100000,21375000,0,2014,19.385952098048143,5643475.0,15.546010568492928,19.385952098048143,unknown,0.0
Denmark,468,260975000,557638.8888888889,62275000,93450000,85350000,19900000,0,2015,19.379935175258638,5683483.0,15.553074806989798,19.379935175258638,unknown,0.0
Denmark,515,275600000,535145.6310679612,65575000,98975000,88000000,23050000,0,2016,19.434461097103778,5728010.0,15.560878733431151,19.434461097103778,unknown,0.0
Denmark,575,326700000,568173.9130434783,74100000,109225000,116125000,27250000,0,2017,19.604552876571297,5764980.0,15.567312242468525,19.604552876571297,unknown,0.0
Denmark,649,423000000,651771.9568567026,115250000,139550000,140250000,27950000,0,2018,19.86288273701055,5793636.0,15.572270631727315,19.86288273701055,unknown,0.0
Denmark,750,592625000,790166.6666666666,146775000,219150000,190950000,35750000,0,2019,20.200072379186558,5814422.0,15.575851940886242,20.200072379186558,unknown,0.0
Denmark,769,680100000,884395.3185955787,176775000,263650000,204075000,35600000,0,2020,20.33775040414587,5831404.0,15.578768352661008,20.33775040414587,unknown,0.0
Denmark,865,599650000,693236.9942196532,169400000,212850000,186800000,30600000,0,2021,20.211856709642003,5856733.0,15.583102497555105,20.211856709642003,unknown,0.0
Denmark,924,690700000,747510.8225108226,185650000,230825000,247275000,26950000,0,2022,20.353216134059203,5903037.0,15.590977522202506,20.353216134059203,unknown,0.0
Denmark,965,792350000,821088.0829015544,223350000,275325000,260125000,33550000,0,2023,20.49051377135309,5946952.0,15.598389377359705,20.49051377135309,unknown,0.0
Denmark,1011,994100000,983283.8773491592,319775000,313375000,301925000,59025000,0,2024,20.717348363182374,5976992.0,15.603427989341384,20.717348363182374,unknown,0.0
Dominican Republic,1,150000,150000.0,0,0,150000,0,0,2007,11.918390573078392,9455658.0,16.062123850461266,11.918390573078392,unknown,0.0
Dominican Republic,1,500000,500000.0,0,0,500000,0,0,2008,13.122363377404328,9573130.0,16.07447077369631,13.122363377404328,unknown,0.0
Dominican Republic,1,900000,900000.0,0,0,900000,0,0,2009,13.710150042306449,9695265.0,16.087148179962483,13.710150042306449,unknown,0.0
Dominican Republic,2,1050000,525000.0,0,0,1000000,50000,0,2010,13.864300722133706,9820175.0,16.09994950094579,13.864300722133706,unknown,0.0
Dominican Republic,2,850000,425000.0,0,0,800000,50000,0,2011,13.652991628466498,9945621.0,16.112642911759615,13.652991628466498,unknown,0.0
Dominican Republic,2,650000,325000.0,0,0,600000,50000,0,2012,13.38472764187182,10070411.0,16.125112078161767,13.38472764187182,unknown,0.0
Dominican Republic,2,650000,325000.0,0,0,600000,50000,0,2013,13.38472764187182,10193833.0,16.137293487562335,13.38472764187182,unknown,0.0
Dominican Republic,2,600000,300000.0,0,0,500000,100000,0,2014,13.304684934198283,10315528.0,16.149160890768336,13.304684934198283,unknown,0.0
Dominican Republic,3,700000,233333.33333333334,0,0,500000,200000,0,2015,13.458835614025542,10434829.0,16.160659711200566,13.458835614025542,unknown,0.0
Dominican Republic,5,1000000,200000.0,0,25000,800000,175000,0,2016,13.815510557964274,10551430.0,16.17177195372465,13.815510557964274,unknown,0.0
Dominican Republic,7,3475000,496428.5714285714,2000000,200000,1050000,225000,0,2017,15.06110503698103,10666843.0,16.18265070320925,15.06110503698103,unknown,0.0
Dominican Republic,8,9850000,1231250.0,8000000,400000,1200000,250000,0,2018,16.10298201314827,10782053.0,16.193393550581742,16.10298201314827,unknown,0.0
Dominican Republic,8,56400000,7050000.0,20000000,10000000,26100000,300000,0,2019,17.847979716468288,10894043.0,16.203726684044828,17.847979716468288,unknown,0.0
Dominican Republic,8,55050000,6881250.0,16000000,11000000,25925000,2125000,0,2020,17.823752421132962,11008300.0,16.214160091690886,17.823752421132962,unknown,0.0
Dominican Republic,12,38600000,3216666.6666666665,12300000,7050000,16150000,3100000,0,2021,17.468762834435058,11123476.0,16.224568387868715,17.468762834435058,unknown,0.0
Dominican Republic,15,30675000,2045000.0,7925000,6100000,13600000,3050000,0,2022,17.23895854856125,11230734.0,16.234164685219852,17.23895854856125,unknown,0.0
Dominican Republic,17,25975000,1527941.1764705882,4325000,7125000,13775000,750000,0,2023,17.072645094949564,11331265.0,16.243076277257174,17.072645094949564,unknown,0.0
Dominican Republic,17,19925000,1172058.8235294118,3700000,7125000,8650000,450000,0,2024,16.80748578264055,11427557.0,16.25153827714322,16.80748578264055,unknown,0.0
Ecuador,2,2850000,1425000.0,600000,0,2250000,0,0,2007,14.862829552244833,14328773.0,16.477780171574512,14.862829552244833,unknown,0.0
Ecuador,3,5700000,1900000.0,2700000,1000000,2000000,0,0,2008,15.555976732804778,14575202.0,16.49483214945299,15.555976732804778,unknown,0.0
Ecuador,3,12500000,4166666.6666666665,4000000,4000000,4500000,0,0,2009,16.34123920227253,14825954.0,16.511889851536495,16.34123920227253,unknown,0.0
Ecuador,5,24650000,4930000.0,4800000,5500000,14350000,0,0,2010,17.020287458452973,15076695.0,16.528660732067813,17.020287458452973,unknown,0.0
Ecuador,5,34350000,6870000.0,7000000,8000000,19350000,0,0,2011,17.35211257663263,15326227.0,16.545076101834354,17.35211257663263,unknown,0.0
Ecuador,8,43400000,5425000.0,14000000,8000000,21400000,0,0,2012,17.585969999070635,15572194.0,16.560997445893292,17.585969999070635,unknown,0.0
Ecuador,8,51400000,6425000.0,15500000,8000000,27900000,0,0,2013,17.755148730425393,15807128.0,16.57597153550499,17.755148730425393,unknown,0.0
Ecuador,15,49850000,3323333.3333333335,18550000,9100000,22200000,0,0,2014,17.72452905437212,16035124.0,16.590292124163373,17.72452905437212,unknown,0.0
Ecuador,18,56100000,3116666.6666666665,24650000,14100000,17350000,0,0,2015,17.842646370492925,16266225.0,16.60460143014731,17.842646370492925,unknown,0.0
Ecuador,22,51200000,2327272.727272727,25700000,9550000,15950000,0,0,2016,17.751250090009737,16505139.0,16.619182344924365,17.751250090009737,unknown,0.0
Ecuador,27,49650000,1838888.888888889,25550000,8050000,16050000,0,0,2017,17.720508948455457,16759519.0,16.63447695332237,17.720508948455457,unknown,0.0
Ecuador,29,45825000,1580172.4137931035,21250000,5350000,19225000,0,0,2018,17.640340351690043,17049547.0,16.651634192425885,17.640340351690043,unknown,0.0
Ecuador,36,45750000,1270833.3333333333,18550000,6700000,20500000,0,0,2019,17.638702349685804,17340021.0,16.6685277403886,17.638702349685804,unknown,0.0
Ecuador,41,56375000,1375000.0,21875000,6000000,28500000,0,0,2020,17.847536355787117,17546065.0,16.68034026621165,17.847536355787117,unknown,0.0
Ecuador,45,73050000,1623333.3333333333,20350000,16400000,36300000,0,0,2021,18.106654696160984,17682454.0,16.688083406446793,18.106654696160984,unknown,0.0
Ecuador,49,93125000,1900510.2040816327,21750000,18175000,53200000,0,0,2022,18.349453234663997,17823897.0,16.696050642967137,18.349453234663997,unknown,0.0
Ecuador,52,159500000,3067307.6923076925,24675000,57675000,77150000,0,0,2023,18.887554480189173,17980083.0,16.70477520323736,18.887554480189173,unknown,0.0
Ecuador,56,259975000,4642410.714285715,33925000,103775000,122275000,0,0,2024,19.37609603051057,18135478.0,16.713380688223296,19.37609603051057,unknown,0.0
Egypt,2,2250000,1125000.0,0,2200000,50000,0,0,2005,14.626440774180603,81101004.0,18.211205898787064,14.626440774180603,unknown,0.0
Egypt,3,3400000,1133333.3333333333,800000,2500000,100000,0,0,2006,15.03928598958639,82700403.0,18.230735033017112,15.03928598958639,unknown,0.0
Egypt,5,6650000,1330000.0,2800000,3750000,100000,0,0,2007,15.710127412632037,84276225.0,18.249610354724826,15.710127412632037,unknown,0.0
Egypt,5,7050000,1410000.0,2800000,4150000,100000,0,0,2008,15.768538174788452,85864789.0,18.268284396051246,15.768538174788452,unknown,0.0
Egypt,7,7850000,1121428.5714285714,4150000,2100000,1600000,0,0,2009,15.876024089758591,87501636.0,18.28716804829591,15.876024089758591,unknown,0.0
Egypt,15,10825000,721666.6666666666,6700000,1850000,2200000,75000,0,2010,16.197368831852827,89196072.0,18.30634756070619,16.197368831852827,unknown,0.0
Egypt,22,13325000,605681.8181818182,7950000,2125000,3175000,75000,0,2011,16.40515252801618,91093059.0,18.327392168328604,16.40515252801618,unknown,0.0
Egypt,27,18000000,666666.6666666666,7675000,2625000,7650000,50000,0,2012,16.70588231586044,93161001.0,18.349839747877603,16.70588231586044,unknown,0.0
Egypt,29,20075000,692241.3793103448,10650000,3025000,6300000,100000,0,2013,16.8149858177971,95333553.0,18.372892384309168,16.8149858177971,unknown,0.0
Egypt,34,29000000,852941.1764705882,16100000,6325000,6475000,100000,0,2014,17.182806387950748,97528654.0,18.395656779971183,17.182806387950748,unknown,0.0
Egypt,39,38775000,994230.7692307692,21375000,7500000,9800000,100000,0,2015,17.473286267026875,99597342.0,18.41664603545174,17.473286267026875,unknown,0.0
Egypt,41,52175000,1272560.975609756,33450000,8075000,10550000,100000,0,2016,17.77011401092754,101644589.0,18.43699286494445,17.77011401092754,unknown,0.0
Egypt,44,66425000,1509659.0909090908,42550000,12275000,11500000,100000,0,2017,18.01158404961015,103696057.0,18.456974649333173,18.01158404961015,unknown,0.0
Egypt,45,82850000,1841111.111111111,58000000,13850000,10900000,100000,0,2018,18.232542301836848,105682094.0,18.475946032516482,18.232542301836848,unknown,0.0
Egypt,46,203225000,4417934.782608695,172725000,13850000,16550000,100000,0,2019,19.12982429759691,107553158.0,18.493495776333862,19.12982429759691,unknown,0.0
Egypt,48,201550000,4198958.333333333,176275000,11000000,14175000,100000,0,2020,19.121548047527448,109315124.0,18.509745315029033,19.121548047527448,unknown,0.0
Egypt,48,168600000,3512500.0,147400000,11050000,10050000,100000,0,2021,18.94303960353203,110957008.0,18.524653368935343,18.94303960353203,unknown,0.0
Egypt,49,159825000,3261734.6938775512,135900000,13500000,10300000,125000,0,2022,18.889590024617064,112618250.0,18.539514338689372,18.889590024617064,unknown,0.0
Egypt,52,141650000,2724038.4615384615,118500000,14600000,8425000,125000,0,2023,18.7688697842408,114535772.0,18.556397751379823,18.7688697842408,unknown,0.0
Egypt,52,134225000,2581250.0,114175000,10200000,9725000,125000,0,2024,18.715028054272906,116538258.0,18.57373017191003,18.715028054272906,unknown,0.0
El Salvador,1,200000,200000.0,200000,0,0,0,0,2010,12.206072645530174,6068249.0,15.618580653546026,12.206072645530174,unknown,0.0
El Salvador,1,250000,250000.0,250000,0,0,0,0,2011,12.429216196844383,6090127.0,15.622179493327426,12.429216196844383,unknown,0.0
El Salvador,2,300000,150000.0,300000,0,0,0,0,2012,12.611537753638338,6113975.0,15.626087692448436,12.611537753638338,unknown,0.0
El Salvador,3,725000,241666.66666666666,650000,0,75000,0,0,2013,13.493926933836812,6138839.0,15.630146194296062,13.493926933836812,unknown,0.0
El Salvador,3,850000,283333.3333333333,750000,0,100000,0,0,2014,13.652991628466498,6162955.0,15.63406692827891,13.652991628466498,unknown,0.0
El Salvador,4,1075000,268750.0,950000,0,125000,0,0,2015,13.8878312195439,6183676.0,15.637423474603857,13.8878312195439,unknown,0.0
El Salvador,4,1200000,300000.0,1100000,0,100000,0,0,2016,13.997832114758229,6200800.0,15.64018887394944,13.997832114758229,unknown,0.0
El Salvador,6,1450000,241666.66666666666,1150000,150000,150000,0,0,2017,14.187074114396758,6213533.0,15.642240213230417,14.187074114396758,unknown,0.0
El Salvador,6,1425000,237500.0,1100000,200000,125000,0,0,2018,14.169682371684887,6219807.0,15.643249435295047,14.169682371684887,unknown,0.0
El Salvador,6,1575000,262500.0,1200000,200000,175000,0,0,2019,14.269765830241871,6222318.0,15.643653064101878,14.269765830241871,unknown,0.0
El Salvador,6,2150000,358333.3333333333,1600000,350000,200000,0,0,2020,14.580978400103845,6234673.0,15.645636689850853,14.580978400103845,unknown,0.0
El Salvador,6,1850000,308333.3333333333,1400000,300000,150000,0,0,2021,14.430696197054507,6255782.0,15.649016714052815,14.430696197054507,unknown,0.0
El Salvador,7,1775000,253571.42857142858,1225000,400000,150000,0,0,2022,14.389310980891652,6280319.0,15.652931333332644,14.389310980891652,unknown,0.0
El Salvador,7,1525000,217857.14285714287,1025000,350000,150000,0,0,2023,14.237504968023648,6309624.0,15.657586644786337,14.237504968023648,unknown,0.0
El Salvador,7,1300000,185714.2857142857,950000,250000,100000,0,0,2024,14.077874822431765,6338193.0,15.662104270015824,14.077874822431765,unknown,0.0
England,131,413350000,3155343.5114503815,107050000,172375000,104750000,29175000,0,2005,19.83980524966296,60401206.0,17.916519629593125,19.83980524966296,unknown,0.0
England,161,538725000,3346118.0124223605,149100000,207100000,153600000,28925000,0,2006,20.10471579459325,60846820.0,17.923870116377337,20.10471579459325,unknown,0.0
England,185,632475000,3418783.7837837837,178725000,234400000,187450000,31900000,0,2007,20.26515125209309,61322463.0,17.93165677750175,20.26515125209309,unknown,0.0
England,215,723680000,3365953.488372093,202875000,251850000,234530000,34425000,0,2008,20.399859863693806,61806995.0,17.93952710372494,20.399859863693806,unknown,0.0
England,255,825055000,3235509.8039215687,214475000,287050000,282380000,41150000,0,2009,20.5309606087435,62276270.0,17.947091012320875,20.5309606087435,unknown,0.0
England,298,992100000,3329194.6308724834,250475000,343250000,352525000,45850000,0,2010,20.71533446662013,62766365.0,17.954929898787338,20.71533446662013,unknown,0.0
England,393,1036775000,2638104.3256997457,303800000,331400000,352075000,49500000,0,2011,20.75938077061725,63258810.0,17.962744964409705,20.75938077061725,unknown,0.0
England,434,1124510000,2591036.866359447,353550000,334050000,375675000,61235000,0,2012,20.840613222165366,63711000.0,17.969867790092547,20.840613222165366,unknown,0.0
England,474,1178785000,2486888.1856540083,391350000,326275000,395875000,65285000,0,2013,20.887750083941967,64139000.0,17.976563161212827,20.887750083941967,unknown,0.0
England,524,1169785000,2232414.1221374045,375925000,321450000,400750000,71660000,0,2014,20.88008580818625,64620000.0,17.984034518360627,20.88008580818625,unknown,0.0
England,588,1168860000,1987857.142857143,364200000,341825000,392775000,70060000,0,2015,20.87929475178544,65088000.0,17.99125075839037,20.87929475178544,unknown,0.0
England,651,1346750000,2068740.3993855608,452025000,370800000,449225000,74700000,0,2016,21.02096011952492,65607000.0,17.999192955538568,21.02096011952492,unknown,0.0
England,737,1522250000,2065468.1139755766,494700000,427375000,517225000,82950000,0,2017,21.143455340452956,65966000.0,18.00465001573942,21.143455340452956,unknown,0.0
England,815,1826050000,2240552.1472392636,575600000,509475000,634350000,106375000,250000,2018,21.3254210010006,66289000.0,18.009534528872233,21.3254210010006,unknown,0.0
England,869,2792600000,3213578.826237054,911525000,764250000,970125000,146500000,200000,2019,21.750238898472368,66631000.0,18.014680492680636,21.750238898472368,unknown,0.0
England,962,3624000000,3767151.767151767,1205850000,993375000,1270000000,154575000,200000,2020,22.010844225127144,66744000.0,18.016374963564047,22.010844225127144,unknown,0.0
England,1048,3505200000,3344656.4885496185,1231225000,924250000,1202550000,146975000,200000,2021,21.97751341714597,66984000.0,18.019964342866405,21.97751341714597,unknown,0.0
England,1168,3800600000,3253938.3561643837,1245600000,1092000000,1302550000,160100000,350000,2022,22.05842478595153,67604000.0,18.029177710860257,22.05842478595153,unknown,0.0
England,1291,4118495000,3190158.791634392,1270025000,1316370000,1366300000,165350000,450000,2023,22.138753642310604,68492000.0,18.042227508091,22.138753642310604,unknown,0.0
England,1402,4467185000,3186294.579172611,1333695000,1599395000,1363145000,170400000,550000,2024,22.220024293278613,69226000.0,18.05288707256521,22.220024293278613,unknown,0.0
Equatorial Guinea,1,400000,400000.0,400000,0,0,0,0,2005,12.89921982609012,947367.0,13.761441836692873,12.89921982609012,unknown,0.0
Equatorial Guinea,2,1000000,500000.0,1000000,0,0,0,0,2006,13.815510557964274,990343.0,13.80580662675222,13.815510557964274,unknown,0.0
Equatorial Guinea,2,4500000,2250000.0,4500000,0,0,0,0,2007,15.319587954740548,1036044.0,13.850920171942168,15.319587954740548,unknown,0.0
Equatorial Guinea,3,4600000,1533333.3333333333,4500000,0,100000,0,0,2008,15.341566861459324,1084530.0,13.896657271383754,15.341566861459324,unknown,0.0
Equatorial Guinea,3,5600000,1866666.6666666667,5000000,0,600000,0,0,2009,15.538277155705378,1135673.0,13.942735984713186,15.538277155705378,unknown,0.0
Equatorial Guinea,4,4400000,1100000.0,3500000,100000,800000,0,0,2010,15.29711509888849,1189085.0,13.988694661763649,15.29711509888849,unknown,0.0
Equatorial Guinea,5,4875000,975000.0,2200000,100000,2575000,0,0,2011,15.399630662414085,1241835.0,14.03210068240864,15.399630662414085,unknown,0.0
Equatorial Guinea,5,5175000,1035000.0,1300000,800000,3075000,0,0,2012,15.459349897115708,1293483.0,14.072849137885598,15.459349897115708,unknown,0.0
Equatorial Guinea,8,8925000,1115625.0,1700000,3950000,3275000,0,0,2013,16.004366885629977,1346218.0,14.112809737439497,16.004366885629977,unknown,0.0
Equatorial Guinea,9,13475000,1497222.2222222222,1500000,9550000,2425000,0,0,2014,16.416346674759335,1399828.0,14.151859929895073,16.416346674759335,unknown,0.0
Equatorial Guinea,9,13775000,1530555.5555555555,2100000,9150000,2525000,0,0,2015,16.438365913003253,1453923.0,14.189775978314302,16.438365913003253,unknown,0.0
Equatorial Guinea,10,13275000,1327500.0,1000000,9750000,2525000,0,0,2016,16.401393125092277,1508186.0,14.226418162119083,16.401393125092277,unknown,0.0
Equatorial Guinea,11,14650000,1331818.1818181819,1300000,10500000,2850000,0,0,2017,16.49995089342735,1562396.0,14.261731098377478,16.49995089342735,unknown,0.0
Equatorial Guinea,12,18800000,1566666.6666666667,1750000,14550000,2500000,0,0,2018,16.749367427800177,1616422.0,14.295725622586286,16.749367427800177,unknown,0.0
Equatorial Guinea,12,21500000,1791666.6666666667,1800000,17050000,2650000,0,0,2019,16.883563493097892,1670177.0,14.328440166800556,16.883563493097892,unknown,0.0
Equatorial Guinea,13,27200000,2092307.6923076923,1300000,23850000,2050000,0,0,2020,17.118727531266227,1716468.0,14.35577924911945,17.118727531266227,unknown,0.0
Equatorial Guinea,15,19850000,1323333.3333333333,1300000,16750000,1800000,0,0,2021,16.803714565097472,1758786.0,14.380134356284403,16.803714565097472,unknown,0.0
Equatorial Guinea,19,13075000,688157.8947368421,1825000,9150000,1900000,200000,0,2022,16.386212567915262,1803545.0,14.405264730497676,16.386212567915262,unknown,0.0
Equatorial Guinea,19,10625000,559210.5263157894,1875000,6400000,2150000,200000,0,2023,16.178720272774754,1847549.0,14.429370453780253,16.178720272774754,unknown,0.0
Equatorial Guinea,19,9800000,515789.4736842105,1550000,3500000,4550000,200000,0,2024,16.0978929436408,1892516.0,14.453417718683365,16.0978929436408,unknown,0.0
Eritrea,1,150000,150000.0,150000,0,0,0,0,2005,11.918390573078392,2661215.0,14.794293343388922,11.918390573078392,unknown,0.0
Eritrea,1,50000,50000.0,50000,0,0,0,0,2006,10.819778284410283,2703502.0,14.810058527585687,10.819778284410283,unknown,0.0
Eritrea,1,50000,50000.0,50000,0,0,0,0,2007,10.819778284410283,2743222.0,14.824643699929544,10.819778284410283,unknown,0.0
Eritrea,1,3000000,3000000.0,3000000,0,0,0,0,2008,14.914122846632385,2816327.0,14.850944111677505,14.914122846632385,unknown,0.0
Eritrea,1,2600000,2600000.0,2600000,0,0,0,0,2009,14.77102200299171,2887885.0,14.87603495825742,14.77102200299171,unknown,0.0
Eritrea,1,2000000,2000000.0,2000000,0,0,0,0,2010,14.508657738524219,2945186.0,14.895682530968186,14.508657738524219,unknown,0.0
Eritrea,1,1600000,1600000.0,1600000,0,0,0,0,2011,14.28551418721001,2998485.0,14.913617719076939,14.28551418721001,unknown,0.0
Eritrea,1,1000000,1000000.0,1000000,0,0,0,0,2012,13.815510557964274,3036988.0,14.92637679275238,13.815510557964274,unknown,0.0
Eritrea,1,1000000,1000000.0,1000000,0,0,0,0,2013,13.815510557964274,3074360.0,14.938607307479383,13.815510557964274,unknown,0.0
Eritrea,2,1200000,600000.0,1000000,200000,0,0,0,2014,13.997832114758229,3095173.0,14.945354359146108,13.997832114758229,unknown,0.0
Eritrea,2,1050000,525000.0,800000,250000,0,0,0,2015,13.864300722133706,3105546.0,14.948700103301352,13.864300722133706,unknown,0.0
Eritrea,3,1525000,508333.3333333333,1200000,325000,0,0,0,2016,14.237504968023648,3124698.0,14.954848196482693,14.237504968023648,unknown,0.0
Eritrea,3,1750000,583333.3333333334,750000,1000000,0,0,0,2017,14.375126345899696,3150347.0,14.963023163464948,14.375126345899696,unknown,0.0
Eritrea,3,1950000,650000.0,500000,1450000,0,0,0,2018,14.48333993053993,3192760.0,14.976396304449759,14.48333993053993,unknown,0.0
Eritrea,3,1350000,450000.0,500000,850000,0,0,0,2019,14.115615150414612,3240194.0,14.991143762519194,14.115615150414612,unknown,0.0
Eritrea,3,1800000,600000.0,600000,1200000,0,0,0,2020,14.403297222866392,3291271.0,15.006784370326802,14.403297222866392,unknown,0.0
Eritrea,3,1800000,600000.0,400000,1400000,0,0,0,2021,14.403297222866392,3350183.0,15.024525529174928,14.403297222866392,unknown,0.0
Eritrea,3,1500000,500000.0,200000,1300000,0,0,0,2022,14.22097566607244,3409447.0,15.042060666020733,14.22097566607244,unknown,0.0
Eritrea,3,1300000,433333.3333333333,200000,1100000,0,0,0,2023,14.077874822431765,3470390.0,15.059777537538379,14.077874822431765,unknown,0.0
Eritrea,3,1450000,483333.3333333333,200000,1250000,0,0,0,2024,14.187074114396758,3535603.0,15.078394422680844,14.187074114396758,unknown,0.0
Estonia,1,50000,50000.0,0,0,0,50000,0,2005,10.819778284410283,1354775.0,14.119145946847318,10.819778284410283,unknown,0.0
Estonia,3,675000,225000.0,0,0,625000,50000,0,2006,13.422467969854667,1346810.0,14.113249391248916,13.422467969854667,unknown,0.0
Estonia,3,900000,300000.0,0,0,850000,50000,0,2007,13.710150042306449,1340680.0,14.108687505898017,13.710150042306449,unknown,0.0
Estonia,3,1450000,483333.3333333333,0,0,1000000,450000,0,2008,14.187074114396758,1337090.0,14.106006168702605,14.187074114396758,unknown,0.0
Estonia,7,3150000,450000.0,400000,500000,1850000,400000,0,2009,14.962913010801817,1334515.0,14.104078487928401,14.962913010801817,unknown,0.0
Estonia,10,5475000,547500.0,825000,1100000,2650000,900000,0,2010,15.515702833666838,1331475.0,14.101797908243109,15.515702833666838,unknown,0.0
Estonia,12,6825000,568750.0,2075000,1350000,2300000,1100000,0,2011,15.736102899035297,1327439.0,14.098762080006669,15.736102899035297,unknown,0.0
Estonia,14,7925000,566071.4285714285,2375000,1200000,2850000,1500000,0,2012,15.885532877727618,1322696.0,14.09518263589223,15.885532877727618,unknown,0.0
Estonia,14,6800000,485714.28571428574,1575000,1375000,2700000,1150000,0,2013,15.732433170146335,1317997.0,14.091623717865975,15.732433170146335,unknown,0.0
Estonia,14,8175000,583928.5714285715,2150000,2150000,3275000,600000,0,2014,15.91659127474759,1314545.0,14.089001156114996,15.91659127474759,unknown,0.0
Estonia,16,9200000,575000.0,2700000,2200000,3800000,500000,0,2015,16.034714042019267,1315407.0,14.089656681410414,16.034714042019267,unknown,0.0
Estonia,16,7825000,489062.5,1900000,800000,4625000,500000,0,2016,15.872834294390492,1315790.0,14.089947803665954,15.872834294390492,unknown,0.0
Estonia,16,7900000,493750.0,1650000,925000,5075000,250000,0,2017,15.88237331743725,1317384.0,14.091158509980621,15.88237331743725,unknown,0.0
Estonia,16,7825000,489062.5,1550000,1075000,4900000,300000,0,2018,15.872834294390492,1321977.0,14.094638901360426,15.872834294390492,unknown,0.0
Estonia,17,6900000,405882.35294117645,1250000,950000,4500000,200000,0,2019,15.747031969567487,1326898.0,14.098354445250802,15.747031969567487,unknown,0.0
Estonia,18,6350000,352777.77777777775,1275000,925000,3450000,700000,0,2020,15.663965370868874,1329522.0,14.100330037102578,15.663965370868874,unknown,0.0
Estonia,21,5400000,257142.85714285713,950000,1300000,2450000,700000,0,2021,15.501909511534503,1330932.0,14.10139000666568,15.501909511534503,unknown,0.0
Estonia,22,4750000,215909.0909090909,1025000,1025000,2000000,700000,0,2022,15.373655176010823,1348840.0,14.114755521780507,15.373655176010823,unknown,0.0
Estonia,23,6675000,290217.39130434784,1025000,1825000,2000000,1825000,0,2023,15.713879762250587,1370286.0,14.130530035141241,15.713879762250587,unknown,0.0
Estonia,24,7525000,313541.6666666667,850000,1975000,2450000,2250000,0,2024,15.833741368599213,1372341.0,14.132028598660506,15.833741368599213,unknown,0.0
Ethiopia,1,75000,75000.0,0,0,75000,0,0,2007,11.225243392518447,83103217.0,18.235593971471076,11.225243392518447,unknown,0.0
Ethiopia,1,75000,75000.0,0,0,75000,0,0,2008,11.225243392518447,85543668.0,18.264537540367424,11.225243392518447,unknown,0.0
Ethiopia,1,350000,350000.0,0,0,350000,0,0,2009,12.765688433465597,88007636.0,18.29293414140522,12.765688433465597,unknown,0.0
Ethiopia,1,450000,450000.0,0,0,450000,0,0,2010,13.017002861746503,90538514.0,18.321285887202098,13.017002861746503,unknown,0.0
Ethiopia,1,200000,200000.0,0,0,200000,0,0,2011,12.206072645530174,93149970.0,18.34972133295063,12.206072645530174,unknown,0.0
Ethiopia,1,150000,150000.0,0,0,150000,0,0,2012,11.918390573078392,95798767.0,18.37776037229459,11.918390573078392,unknown,0.0
Ethiopia,2,700000,350000.0,200000,0,500000,0,0,2013,13.458835614025542,98438751.0,18.4049450954749,13.458835614025542,unknown,0.0
Ethiopia,2,850000,425000.0,350000,0,500000,0,0,2014,13.652991628466498,101115610.0,18.431775073654595,13.652991628466498,unknown,0.0
Ethiopia,2,1000000,500000.0,400000,0,600000,0,0,2015,13.815510557964274,103867135.0,18.45862309226847,13.815510557964274,unknown,0.0
Ethiopia,2,950000,475000.0,350000,0,600000,0,0,2016,13.764217263576723,106718162.0,18.485701917344596,13.764217263576723,unknown,0.0
Ethiopia,2,650000,325000.0,350000,0,300000,0,0,2017,13.38472764187182,109666481.0,18.512954327050984,13.38472764187182,unknown,0.0
Ethiopia,3,700000,233333.33333333334,300000,100000,300000,0,0,2018,13.458835614025542,112664152.0,18.539921845003473,13.458835614025542,unknown,0.0
Ethiopia,3,750000,250000.0,300000,150000,300000,0,0,2019,13.527828485512494,115737383.0,18.566834242829625,13.527828485512494,unknown,0.0
Ethiopia,3,800000,266666.6666666667,300000,200000,300000,0,0,2020,13.592367006650065,118917671.0,18.593941971307704,13.592367006650065,unknown,0.0
Ethiopia,3,800000,266666.6666666667,300000,200000,300000,0,0,2021,13.592367006650065,122138588.0,18.6206669251881,13.592367006650065,unknown,0.0
Ethiopia,3,775000,258333.33333333334,300000,175000,300000,0,0,2022,13.560618308335483,125384287.0,18.646893875281712,13.560618308335483,unknown,0.0
Ethiopia,3,775000,258333.33333333334,300000,175000,300000,0,0,2023,13.560618308335483,128691692.0,18.672930117258154,13.560618308335483,unknown,0.0
Ethiopia,3,775000,258333.33333333334,300000,175000,300000,0,0,2024,13.560618308335483,132059767.0,18.698765158379604,13.560618308335483,unknown,0.0
Faroe Islands,1,1250000,1250000.0,0,0,0,1250000,0,2007,14.038654109278484,48378.0,10.786800443913076,14.038654109278484,unknown,0.0
Faroe Islands,2,1750000,875000.0,0,500000,0,1250000,0,2008,14.375126345899696,48547.0,10.790287679843225,14.375126345899696,unknown,0.0
Faroe Islands,2,1035000,517500.0,0,785000,0,250000,0,2009,13.849911984681606,48791.0,10.795301148603121,13.849911984681606,unknown,0.0
Faroe Islands,2,1250000,625000.0,0,1000000,0,250000,0,2010,14.038654109278484,48657.0,10.792550962155799,14.038654109278484,unknown,0.0
Faroe Islands,3,1325000,441666.6666666667,0,1000000,75000,250000,0,2011,14.09692301740246,48543.0,10.790205282067918,14.09692301740246,unknown,0.0
Faroe Islands,3,1275000,425000.0,0,1000000,25000,250000,0,2012,14.058456736574664,48291.0,10.785000486874338,14.058456736574664,unknown,0.0
Faroe Islands,7,1175000,167857.14285714287,100000,850000,175000,50000,0,2013,13.976778705560397,48246.0,10.784068201776204,13.976778705560397,unknown,0.0
Faroe Islands,9,1000000,111111.11111111111,100000,400000,275000,225000,0,2014,13.815510557964274,48428.0,10.787833437827631,13.815510557964274,unknown,0.0
Faroe Islands,11,1200000,109090.90909090909,100000,400000,500000,200000,0,2015,13.997832114758229,48899.0,10.79751222535611,13.997832114758229,unknown,0.0
Faroe Islands,11,1450000,131818.18181818182,150000,700000,400000,200000,0,2016,14.187074114396758,49464.0,10.809000411238404,14.187074114396758,unknown,0.0
Faroe Islands,12,2100000,175000.0,450000,800000,650000,200000,0,2017,14.557447902693651,50180.0,10.823371819920414,14.557447902693651,unknown,0.0
Faroe Islands,13,2450000,188461.53846153847,700000,800000,750000,200000,0,2018,14.71159858252091,50996.0,10.839502477258012,14.71159858252091,unknown,0.0
Faroe Islands,14,3350000,239285.7142857143,975000,1175000,1050000,150000,0,2019,15.02447090380125,51792.0,10.854990976166025,15.02447090380125,unknown,0.0
Faroe Islands,15,3150000,210000.0,1075000,1175000,850000,50000,0,2020,14.962913010801817,52565.0,10.869805778009932,14.962913010801817,unknown,0.0
Faroe Islands,15,2975000,198333.33333333334,925000,1200000,800000,50000,0,2021,14.905754596961867,53296.0,10.883616560433461,14.905754596961867,unknown,0.0
Faroe Islands,16,2860000,178750.0,875000,1000000,935000,50000,0,2022,14.866332182796036,53912.0,10.895108366626053,14.866332182796036,unknown,0.0
Faroe Islands,17,2525000,148529.41176470587,475000,950000,1075000,25000,0,2023,14.741751620691597,54414.0,10.904376752675622,14.741751620691597,unknown,0.0
Faroe Islands,17,2225000,130882.35294117648,425000,850000,925000,25000,0,2024,14.615267473582477,54681.0,10.909271578893042,14.615267473582477,unknown,0.0
Finland,9,12700000,1411111.111111111,1350000,1050000,3550000,6750000,0,2005,16.35711255142882,5246096.0,15.4729947388984,16.35711255142882,unknown,0.0
Finland,9,13700000,1522222.2222222222,1600000,550000,5050000,6500000,0,2006,16.432906390798355,5266268.0,15.476832510261453,16.432906390798355,unknown,0.0
Finland,12,16750000,1395833.3333333333,4150000,2200000,3650000,6750000,0,2007,16.63390881623535,5288720.0,15.481086808582457,16.63390881623535,unknown,0.0
Finland,15,20600000,1373333.3333333333,3900000,4850000,4800000,7050000,0,2008,16.84080163375981,5313399.0,15.485742301427535,16.84080163375981,unknown,0.0
Finland,26,24450000,940384.6153846154,3550000,5550000,8950000,6400000,0,2009,17.012140773885154,5338871.0,15.490524765362364,17.012140773885154,unknown,0.0
Finland,26,29400000,1130769.2307692308,3600000,10050000,9450000,6300000,0,2010,17.19650523230891,5363352.0,15.495099710717023,17.19650523230891,unknown,0.0
Finland,28,27100000,967857.1428571428,3050000,9025000,9175000,5850000,0,2011,17.11504428584993,5388272.0,15.499735297792014,17.11504428584993,unknown,0.0
Finland,30,33450000,1115000.0,4525000,16400000,8325000,4200000,0,2012,17.32556234453851,5413971.0,15.504493392658846,17.32556234453851,unknown,0.0
Finland,40,38425000,960625.0,7000000,18550000,10450000,2425000,0,2013,17.464218847388935,5438972.0,15.5091006303867,17.464218847388935,unknown,0.0
Finland,41,41825000,1020121.9512195121,5900000,21150000,11800000,2975000,0,2014,17.54900480483716,5461512.0,15.513236232461892,17.54900480483716,unknown,0.0
Finland,46,41875000,910326.0869565217,6750000,19850000,11425000,3850000,0,2015,17.550199548109504,5479531.0,15.516530071320078,17.550199548109504,unknown,0.0
Finland,54,49600000,918518.5185185185,6500000,29100000,9100000,4900000,0,2016,17.719501391695157,5495303.0,15.519404285336954,17.719501391695157,unknown,0.0
Finland,58,45075000,777155.1724137932,6325000,24600000,8100000,6050000,0,2017,17.623838327053654,5508214.0,15.52175099065401,17.623838327053654,unknown,0.0
Finland,62,48750000,786290.3225806452,7100000,25525000,9525000,6600000,0,2018,17.70221575540813,5515525.0,15.523077401061927,17.70221575540813,unknown,0.0
Finland,67,46150000,688805.9701492537,8250000,14475000,10575000,12850000,0,2019,17.647407518913134,5521606.0,15.524179317966839,17.647407518913134,unknown,0.0
Finland,72,57425000,797569.4444444445,16450000,15250000,11075000,14650000,0,2020,17.865990306539437,5529543.0,15.525615729938966,17.865990306539437,unknown,0.0
Finland,76,56300000,740789.4736842106,18250000,15350000,9050000,13650000,0,2021,17.84620509310992,5541017.0,15.52768861588304,17.84620509310992,unknown,0.0
Finland,80,55725000,696562.5,17425000,20100000,8575000,9625000,0,2022,17.835939437236206,5556106.0,15.530408061148101,17.835939437236206,unknown,0.0
Finland,83,49225000,593072.2891566266,15225000,21250000,7050000,5700000,0,2023,17.711912182489463,5583911.0,15.535399984901913,17.711912182489463,unknown,0.0
Finland,84,50725000,603869.0476190476,17850000,20200000,6350000,6325000,0,2024,17.741929443676153,5619911.0,15.541826385445546,17.741929443676153,unknown,0.0
France,1,100000,100000.0,0,0,100000,0,0,2002,11.512925464970229,61812142.0,17.939610375621637,11.512925464970229,unknown,0.0
France,1,100000,100000.0,0,0,100000,0,0,2003,11.512925464970229,62249855.0,17.94666676398911,11.512925464970229,unknown,0.0
France,1,100000,100000.0,0,0,100000,0,0,2004,11.512925464970229,62707588.0,17.953993019014383,11.512925464970229,unknown,0.0
France,151,380475000,2519701.986754967,126900000,84600000,132700000,36275000,0,2005,19.756931030085138,63180854.0,17.961511870182598,19.756931030085138,unknown,0.0
France,178,444380000,2496516.853932584,129800000,112050000,163705000,38825000,0,2006,19.912190610216566,63622342.0,17.968475255930883,19.912190610216566,unknown,0.0
France,232,532730000,2296250.0,133000000,136975000,205005000,57750000,0,2007,20.093525287177783,64016890.0,17.974657512756817,20.093525287177783,unknown,0.0
France,293,776725000,2650938.566552901,201600000,205675000,291600000,77850000,0,2008,20.470596920331637,64375116.0,17.980237718888297,20.470596920331637,unknown,0.0
France,345,974150000,2823623.188405797,258600000,277175000,347125000,91250000,0,2009,20.69707585385617,64706436.0,17.98537122902155,20.69707585385617,unknown,0.0
France,393,1168375000,2972964.3765903306,319400000,334425000,405950000,108600000,0,2010,20.878879731467023,65026211.0,17.99030099273188,20.878879731467023,unknown,0.0
France,457,1256805000,2750120.350109409,352475000,367680000,411450000,125200000,0,2011,20.951838623255505,65340830.0,17.99512766684195,20.951838623255505,unknown,0.0
France,527,1236025000,2345398.4819734343,343300000,375275000,400525000,116925000,0,2012,20.935166422314573,65657659.0,17.9999648160363,20.935166422314573,unknown,0.0
France,587,1249725000,2129003.4071550258,350475000,384250000,399700000,115300000,0,2013,20.94618936405707,65997932.0,18.00513396616647,20.94618936405707,unknown,0.0
France,666,1312100000,1970120.1201201202,358550000,437250000,408275000,108025000,0,2014,20.994894744075943,66312067.0,18.009882444628186,20.994894744075943,unknown,0.0
France,732,1398875000,1911031.4207650274,391850000,492675000,410350000,103950000,50000,2015,21.058934179102465,66548272.0,18.013438137028768,21.058934179102465,unknown,0.0
France,814,1499625000,1842291.154791155,446725000,508650000,434725000,109475000,50000,2016,21.128480913799365,66724104.0,18.01607682491442,21.128480913799365,unknown,0.0
France,908,1812050000,1995649.7797356828,555600000,634800000,500925000,120675000,50000,2017,21.31772463800548,66918020.0,18.018978846077932,21.31772463800548,unknown,0.0
France,963,2326400000,2415784.0083073727,805600000,774900000,630125000,115725000,50000,2018,21.567587845303475,67158348.0,18.022563791896093,21.567587845303475,unknown,0.0
France,1049,3475875000,3313512.869399428,1178100000,1152200000,1000450000,145075000,50000,2019,21.96911208282838,67382061.0,18.025889383186374,21.96911208282838,unknown,0.0
France,1174,3952125000,3366375.638841567,1264025000,1317475000,1206400000,164175000,50000,2020,22.097519245886485,67601110.0,18.02913496099673,22.097519245886485,unknown,0.0
France,1266,3612825000,2853732.2274881518,1125500000,1133325000,1200825000,153125000,50000,2021,22.007755851736242,67842811.0,18.03270398432062,22.007755851736242,unknown,0.0
France,1374,3485340000,2536637.554585153,1015700000,1099675000,1214465000,155450000,50000,2022,21.971831437375744,68184457.0,18.037727193613996,21.971831437375744,unknown,0.0
France,1486,3767830000,2535551.8169582775,1178585000,1099275000,1327770000,162150000,50000,2023,22.04976507586991,68372286.0,18.040478125048434,22.04976507586991,unknown,0.0
France,1572,4023030000,2559179.389312977,1257225000,1160060000,1412020000,193675000,50000,2024,22.11530118700781,68551653.0,18.043098077467423,22.11530118700781,unknown,0.0
Gabon,1,100000,100000.0,0,0,100000,0,0,2008,11.512925464970229,1607175.0,14.289988537359392,11.512925464970229,unknown,0.0
Gabon,2,1700000,850000.0,700000,0,1000000,0,0,2009,14.346138809026444,1661556.0,14.323265070692702,14.346138809026444,unknown,0.0
Gabon,5,5150000,1030000.0,1600000,0,2000000,1550000,0,2010,15.454507272639919,1719879.0,14.357764497477831,15.454507272639919,unknown,0.0
Gabon,7,9150000,1307142.857142857,3700000,400000,3500000,1550000,0,2011,16.029264437251705,1781985.0,14.393238469469047,16.029264437251705,unknown,0.0
Gabon,9,13450000,1494444.4444444445,6000000,650000,6000000,800000,0,2012,16.414489664012123,1846889.0,14.42901315992012,16.414489664012123,unknown,0.0
Gabon,12,18100000,1508333.3333333333,9800000,950000,6650000,700000,0,2013,16.711422496236054,1913059.0,14.464214089556833,16.711422496236054,unknown,0.0
Gabon,18,32300000,1794444.4444444445,18250000,6900000,6650000,500000,0,2014,17.290577788192884,1978399.0,14.49779848973026,17.290577788192884,unknown,0.0
Gabon,19,37700000,1984210.5263157894,21000000,8400000,6950000,1350000,0,2015,17.445170652418238,2040989.0,14.528945052262515,17.445170652418238,unknown,0.0
Gabon,21,58400000,2780952.380952381,40300000,9950000,7050000,1100000,0,2016,17.882826447798454,2100306.0,14.55759360636407,17.882826447798454,unknown,0.0
Gabon,22,82600000,3754545.4545454546,50050000,23950000,7600000,1000000,0,2017,18.229520238491208,2156900.0,14.584182563610465,18.229520238491208,unknown,0.0
Gabon,23,104900000,4560869.565217392,69650000,27900000,6750000,600000,0,2018,18.468518073366525,2212318.0,14.609551392593685,18.468518073366525,unknown,0.0
Gabon,23,119600000,5200000.0,83200000,29500000,6300000,600000,0,2019,18.599663399480807,2267706.0,14.634279305797504,18.599663399480807,unknown,0.0
Gabon,27,115050000,4261111.111111111,83000000,25600000,6050000,400000,0,2020,18.56087737444565,2322539.0,14.658171541778874,18.56087737444565,unknown,0.0
Gabon,28,80300000,2867857.1428571427,55250000,18475000,6250000,325000,0,2021,18.20128017891699,2376722.0,14.681232785358784,18.20128017891699,unknown,0.0
Gabon,29,54250000,1870689.6551724137,33700000,16425000,3800000,325000,0,2022,17.809113550384843,2430747.0,14.703709175484162,17.809113550384843,unknown,0.0
Gabon,31,46875000,1512096.7741935484,30775000,12525000,3275000,300000,0,2023,17.66299504225485,2484789.0,14.725698304451114,17.66299504225485,unknown,0.0
Gabon,33,45000000,1363636.3636363635,23425000,15675000,5600000,300000,0,2024,17.622173047734595,2538952.0,14.747261955427371,17.622173047734595,unknown,0.0
Gambia,2,800000,400000.0,750000,0,50000,0,0,2005,13.592367006650065,1667037.0,14.326558357047501,13.592367006650065,unknown,0.0
Gambia,3,1200000,400000.0,800000,0,400000,0,0,2006,13.997832114758229,1715275.0,14.35508397558174,13.997832114758229,unknown,0.0
Gambia,4,1000000,250000.0,500000,0,500000,0,0,2007,13.815510557964274,1765774.0,14.38409967913689,13.815510557964274,unknown,0.0
Gambia,5,1875000,375000.0,1475000,0,400000,0,0,2008,14.444119217386648,1817852.0,14.413166142264924,14.444119217386648,unknown,0.0
Gambia,5,3475000,695000.0,3000000,0,475000,0,0,2009,15.06110503698103,1871422.0,14.44220912765952,15.06110503698103,unknown,0.0
Gambia,5,4350000,870000.0,3700000,0,650000,0,0,2010,15.285686403064867,1926630.0,14.471282920657487,15.285686403064867,unknown,0.0
Gambia,6,3750000,625000.0,2900000,400000,450000,0,0,2011,15.137266397946593,1983784.0,14.50051668993234,15.137266397946593,unknown,0.0
Gambia,6,3150000,525000.0,2300000,400000,450000,0,0,2012,14.962913010801817,2043094.0,14.529975883509774,14.962913010801817,unknown,0.0
Gambia,9,3225000,358333.3333333333,2500000,400000,325000,0,0,2013,14.98644350821201,2103820.0,14.559265297849215,14.98644350821201,unknown,0.0
Gambia,12,4725000,393750.0,3775000,300000,650000,0,0,2014,15.36837811890998,2164528.0,14.587712881793438,15.36837811890998,unknown,0.0
Gambia,17,5525000,325000.0,3375000,150000,2000000,0,0,2015,15.524793805368091,2224529.0,14.615055765780705,15.524793805368091,unknown,0.0
Gambia,21,6650000,316666.6666666667,4150000,250000,2250000,0,0,2016,15.710127412632037,2283769.0,14.641337706289445,15.710127412632037,unknown,0.0
Gambia,26,10625000,408653.8461538461,6000000,975000,3650000,0,0,2017,16.178720272774754,2342189.0,14.666596520139901,16.178720272774754,unknown,0.0
Gambia,30,19175000,639166.6666666666,7950000,2825000,8400000,0,0,2018,16.769117905217595,2399632.0,14.690825950228083,16.769117905217595,unknown,0.0
Gambia,33,32600000,987878.7878787878,15475000,3425000,13700000,0,0,2019,17.299822846336937,2456844.0,14.714388157424118,17.299822846336937,unknown,0.0
Gambia,36,36300000,1008333.3333333334,19125000,3750000,13425000,0,0,2020,17.40732829923508,2515733.0,14.738074770344546,17.40732829923508,unknown,0.0
Gambia,41,48200000,1175609.756097561,35550000,3275000,9375000,0,0,2021,17.690869579020827,2576010.0,14.761752248186424,17.690869579020827,unknown,0.0
Gambia,42,50450000,1201190.4761904762,36025000,5700000,8725000,0,0,2022,17.736493304763894,2636470.0,14.784951459166134,17.736493304763894,unknown,0.0
Gambia,45,44560000,990222.2222222222,31385000,5100000,8075000,0,0,2023,17.612347153583304,2697845.0,14.80796386413659,17.612347153583304,unknown,0.0
Gambia,53,52185000,984622.641509434,37735000,5800000,8650000,0,0,2024,17.77030565523629,2759988.0,14.830736889857794,17.77030565523629,unknown,0.0
Georgia,3,3850000,1283333.3333333333,0,2000000,1850000,0,0,2005,15.163583706263967,3902469.0,15.177119987714292,15.163583706263967,unknown,0.0
Georgia,3,10050000,3350000.0,0,7500000,2550000,0,0,2006,16.12308319246936,3880347.0,15.171435140590255,16.12308319246936,unknown,0.0
Georgia,6,10250000,1708333.3333333333,0,6700000,3250000,300000,0,2007,16.14278826354869,3860158.0,15.166218673245783,16.14278826354869,unknown,0.0
Georgia,9,11050000,1227777.7777777778,300000,6050000,4050000,650000,0,2008,16.217940985928035,3848449.0,15.16318076795237,16.217940985928035,unknown,0.0
Georgia,14,12125000,866071.4285714285,950000,6425000,4100000,650000,0,2009,16.310779994787822,3814419.0,15.154298917524867,16.310779994787822,unknown,0.0
Georgia,26,18325000,704807.6923076923,2925000,7850000,6500000,1050000,0,2010,16.72377680573699,3786695.0,15.147004164955543,16.72377680573699,unknown,0.0
Georgia,32,19150000,598437.5,5250000,6900000,5850000,1150000,0,2011,16.767813273590928,3756441.0,15.1389825245586,16.767813273590928,unknown,0.0
Georgia,38,25700000,676315.7894736842,6975000,6025000,9800000,2900000,0,2012,17.06200154986545,3728874.0,15.13161686937046,17.06200154986545,unknown,0.0
Georgia,46,34200000,743478.2608695652,8275000,9950000,13250000,2725000,0,2013,17.347736202032834,3717668.0,15.128607147956398,17.347736202032834,unknown,0.0
Georgia,56,38525000,687946.4285714285,8325000,13200000,14725000,2275000,0,2014,17.466817939170454,3719414.0,15.129076686958946,17.466817939170454,unknown,0.0
Georgia,58,36300000,625862.0689655172,9525000,12325000,11800000,2650000,0,2015,17.40732829923508,3725276.0,15.130651501010707,17.40732829923508,unknown,0.0
Georgia,71,43775000,616549.2957746478,12050000,13775000,15400000,2550000,0,2016,17.59457343613619,3727505.0,15.131249667001754,17.59457343613619,unknown,0.0
Georgia,76,43125000,567434.2105263158,13700000,14325000,11650000,3450000,0,2017,17.5796134333158,3728004.0,15.131383527748417,17.5796134333158,unknown,0.0
Georgia,82,44250000,539634.1463414634,13275000,12050000,15875000,3050000,0,2018,17.605365929418213,3726549.0,15.130993162284927,17.605365929418213,unknown,0.0
Georgia,85,56775000,667941.1764705882,14525000,18975000,20400000,2875000,0,2019,17.854606645955897,3720161.0,15.129277504882689,17.854606645955897,unknown,0.0
Georgia,89,67750000,761235.9550561798,20725000,18425000,24800000,3800000,0,2020,18.031335017724086,3722716.0,15.129964067377369,18.031335017724086,unknown,0.0
Georgia,94,64950000,690957.4468085107,30525000,15450000,15625000,3350000,0,2021,17.989128301080882,3708610.0,15.126167701307097,17.989128301080882,unknown,0.0
Georgia,99,68425000,691161.6161616162,38050000,11050000,14075000,5250000,0,2022,18.041248812891016,3712502.0,15.127216600813485,18.041248812891016,unknown,0.0
Georgia,102,133085000,1304754.9019607843,81350000,9975000,14710000,27050000,0,2023,18.706498579794395,3715483.0,15.12801924114193,18.706498579794395,unknown,0.0
Georgia,105,166935000,1589857.142857143,106025000,11500000,18010000,31400000,0,2024,18.933115073057774,3699557.0,15.123723640716547,18.933115073057774,unknown,0.0
Germany,123,129780000,1055121.9512195121,31475000,38250000,35055000,25000000,0,2005,18.681351267157297,82469422.0,18.227938140175787,18.681351267157297,unknown,0.0
Germany,148,204925000,1384628.3783783785,62400000,54300000,55900000,32325000,0,2006,19.138154616503368,82376451.0,18.22681016519934,19.138154616503368,unknown,0.0
Germany,189,297750000,1575396.8253968253,94975000,71175000,92325000,39275000,0,2007,19.511764766199683,82266372.0,18.22547297947333,19.511764766199683,unknown,0.0
Germany,220,403425000,1833750.0,109800000,103650000,136975000,53000000,0,2008,19.81550115479169,82110097.0,18.223571551026374,19.81550115479169,unknown,0.0
Germany,284,481325000,1694806.338028169,127425000,131725000,162150000,60025000,0,2009,19.992053275579675,81902307.0,18.22103771692474,19.992053275579675,unknown,0.0
Germany,350,649725000,1856357.142857143,145950000,204575000,225900000,73250000,50000,2010,20.292059754408587,81776930.0,18.219505732455367,20.292059754408587,unknown,0.0
Germany,423,855050000,2021394.7990543735,184800000,302050000,276950000,91200000,50000,2011,20.566670504723337,80274983.0,18.200968586167797,20.566670504723337,unknown,0.0
Germany,498,1030950000,2070180.7228915663,233275000,367300000,309450000,120825000,100000,2012,20.7537465442,80425823.0,18.20284586417347,20.7537465442,unknown,0.0
Germany,576,1172700000,2035937.5,284125000,423825000,337200000,127400000,150000,2013,20.882574619431292,80645605.0,18.205574866320283,20.882574619431292,unknown,0.0
Germany,650,1332025000,2049269.2307692308,311150000,513175000,368250000,139175000,275000,2014,21.009966177657247,80982500.0,18.209743639911967,21.009966177657247,unknown,0.0
Germany,722,1552975000,2150934.9030470913,336850000,602925000,447975000,164725000,500000,2015,21.16343828310831,81686611.0,18.21840066635147,21.16343828310831,unknown,0.0
Germany,777,1548525000,1992953.667953668,337225000,581875000,464375000,164550000,500000,2016,21.160568701903326,82348669.0,18.22647285173721,21.160568701903326,unknown,0.0
Germany,861,1686425000,1958681.7653890825,367400000,639725000,500950000,178025000,325000,2017,21.245876740679613,82657002.0,18.230210097336165,21.245876740679613,unknown,0.0
Germany,921,2000525000,2172122.6927252985,443225000,766275000,601175000,189600000,250000,2018,21.416675483059258,82905782.0,18.233215364356088,21.416675483059258,unknown,0.0
Germany,1002,2597675000,2592490.01996008,624175000,904775000,821075000,247450000,200000,2019,21.677882651141765,83092962.0,18.235470563098215,21.677882651141765,unknown,0.0
Germany,1072,2748300000,2563712.686567164,693175000,933150000,858775000,263000000,200000,2020,21.734248375653547,83160871.0,18.23628749468471,21.734248375653547,unknown,0.0
Germany,1141,2405250000,2108019.2813321645,646125000,819700000,715550000,223675000,200000,2021,21.60091968520565,83196078.0,18.236710765257264,21.60091968520565,unknown,0.0
Germany,1196,2322185000,1941626.254180602,607250000,843125000,690850000,180760000,200000,2022,21.565774389744362,83177813.0,18.236491199555413,21.565774389744362,unknown,0.0
Germany,1250,2264975000,1811980.0,597375000,853850000,656200000,157350000,200000,2023,21.540829558292902,83287273.0,18.23780631035019,21.540829558292902,unknown,0.0
Germany,1288,2317265000,1799118.7888198758,608360000,880610000,646375000,181720000,200000,2024,21.563653447889468,83516593.0,18.24055588864204,21.563653447889468,unknown,0.0
Ghana,9,15800000,1755555.5555555555,0,13250000,550000,0,2000000,2005,16.575520497997196,22449438.0,16.926776138431624,16.575520497997196,unknown,0.0
Ghana,14,47125000,3366071.4285714286,1450000,42875000,800000,0,2000000,2006,17.66831420373245,23040702.0,16.9527728620778,17.66831420373245,unknown,0.0
Ghana,14,46075000,3291071.4285714286,2100000,38925000,3550000,0,1500000,2007,17.64578106152016,23642279.0,16.97854715025489,17.64578106152016,unknown,0.0
Ghana,19,72250000,3802631.5789473685,13350000,50550000,7600000,0,750000,2008,18.095642884956817,24249946.0,17.00392494854116,18.095642884956817,unknown,0.0
Ghana,31,81475000,2628225.806451613,9050000,59225000,10600000,100000,2500000,2009,18.2158067826879,24862664.0,17.028877798402146,18.2158067826879,unknown,0.0
Ghana,40,96975000,2424375.0,11400000,70725000,12050000,300000,2500000,2010,18.389963771290304,25474995.0,17.05320794080219,18.389963771290304,unknown,0.0
Ghana,57,122850000,2155263.1578947366,23350000,80350000,16300000,350000,2500000,2011,18.626474656931464,26095088.0,17.07725765534751,18.626474656931464,unknown,0.0
Ghana,74,148975000,2013175.6756756757,37075000,91475000,17725000,700000,2000000,2012,18.819289064597317,26734268.0,17.101456746150973,18.819289064597317,unknown,0.0
Ghana,81,154225000,1904012.3456790124,39875000,94450000,18300000,900000,700000,2013,18.853923133059975,27386193.0,17.125549539245963,18.853923133059975,unknown,0.0
Ghana,98,157675000,1608928.5714285714,44900000,92900000,18375000,1000000,500000,2014,18.87604651051399,28041592.0,17.149199394553204,18.87604651051399,unknown,0.0
Ghana,119,166600000,1400000.0,45475000,91575000,27950000,1100000,500000,2015,18.931106287697016,28696068.0,17.172270667859696,18.931106287697016,unknown,0.0
Ghana,142,191925000,1351584.5070422536,64625000,86650000,39050000,1100000,500000,2016,19.072615228678238,29356742.0,17.19503278825081,19.072615228678238,unknown,0.0
Ghana,169,202325000,1197189.349112426,81225000,82425000,36850000,1100000,725000,2017,19.12538587334604,30008354.0,17.21698636752845,19.12538587334604,unknown,0.0
Ghana,180,219200000,1217777.7777777778,97125000,84600000,35975000,750000,750000,2018,19.205495113038136,30637585.0,17.23773808119246,19.205495113038136,unknown,0.0
Ghana,200,298975000,1494875.0,111800000,133450000,52450000,550000,725000,2019,19.515870515819145,31258945.0,17.25781613318783,19.515870515819145,unknown,0.0
Ghana,217,353825000,1630529.9539170507,140500000,149350000,62625000,575000,775000,2020,19.684312998584176,31887809.0,17.277734331702774,19.684312998584176,unknown,0.0
Ghana,232,326250000,1406250.0,121175000,132725000,71075000,575000,700000,2021,19.60317451660118,32518665.0,17.297324790140724,19.60317451660118,unknown,0.0
Ghana,244,326025000,1336168.0327868853,138275000,113800000,72050000,1200000,700000,2022,19.60248462350724,33149152.0,17.31652769357514,19.60248462350724,unknown,0.0
Ghana,255,360545000,1413901.9607843137,152295000,113150000,92575000,1650000,875000,2023,19.703127333528762,33787914.0,17.335613722543936,19.703127333528762,unknown,0.0
Ghana,262,399870000,1526221.3740458016,215235000,99410000,82925000,1550000,750000,2024,19.80665005224831,34427414.0,17.354363723577247,19.80665005224831,unknown,0.0
Greece,84,75300000,896428.5714285715,12900000,26200000,32675000,3525000,0,2005,18.136990692770123,10987314.0,16.21225189250464,18.136990692770123,unknown,0.0
Greece,117,96605000,825683.7606837606,17480000,30900000,41750000,6475000,0,2006,18.38614105767762,11020362.0,16.215255210514304,18.38614105767762,unknown,0.0
Greece,127,102575000,807677.1653543307,24650000,29950000,41100000,6875000,0,2007,18.446104796292524,11048473.0,16.217802786333664,18.446104796292524,unknown,0.0
Greece,171,154150000,901461.9883040936,36450000,48400000,58250000,10900000,150000,2008,18.853436712296432,11077841.0,16.220457364700927,18.853436712296432,unknown,0.0
Greece,210,184950000,880714.2857142857,34150000,58000000,78450000,14200000,150000,2009,19.035596076242737,11107017.0,16.223087628714396,19.035596076242737,unknown,0.0
Greece,274,220600000,805109.4890510949,42425000,64300000,96800000,16725000,350000,2010,19.211861664783676,11121341.0,16.224376433041076,19.211861664783676,unknown,0.0
Greece,328,226725000,691234.756097561,41275000,65200000,98975000,20675000,600000,2011,19.239248387297906,11104899.0,16.222896920267054,19.239248387297906,unknown,0.0
Greece,411,240450000,585036.496350365,45225000,69850000,101200000,23625000,550000,2012,19.298022725687947,11045011.0,16.217489390761617,19.298022725687947,unknown,0.0
Greece,518,265250000,512065.63706563704,55450000,67600000,117775000,23775000,650000,2013,19.396183335458367,10965211.0,16.210238182695036,19.396183335458367,unknown,0.0
Greece,584,263900000,451883.5616438356,57875000,65075000,117500000,22400000,1050000,2014,19.391080801473553,10892413.0,16.203577049794717,19.391080801473553,unknown,0.0
Greece,684,296375000,433296.783625731,63125000,73800000,131075000,26700000,1675000,2015,19.507136102349843,10820883.0,16.196988436185933,19.507136102349843,unknown,0.0
Greece,728,312900000,429807.6923076923,63675000,79450000,136825000,30850000,2100000,2016,19.56139420863911,10775971.0,16.192829305903164,19.56139420863911,unknown,0.0
Greece,783,317550000,405555.55555555556,65175000,79500000,139025000,32000000,1850000,2017,19.576145844213258,10754679.0,16.190851473655563,19.576145844213258,unknown,0.0
Greece,828,362375000,437650.96618357487,72450000,77075000,176425000,34550000,1875000,2018,19.708190145206093,10732882.0,16.188822671272973,19.708190145206093,unknown,0.0
Greece,890,379000000,425842.69662921346,70275000,81725000,185250000,39675000,2075000,2019,19.7530467630467,10721582.0,16.187769277345733,19.7530467630467,unknown,0.0
Greece,960,384575000,400598.9583333333,69075000,85725000,179675000,47650000,2450000,2020,19.767649386406088,10698599.0,16.185623356280015,19.767649386406088,unknown,0.0
Greece,981,363750000,370795.10703363916,70425000,85000000,157075000,48800000,2450000,2021,19.711977376449976,10569207.0,16.17345533138016,19.711977376449976,unknown,0.0
Greece,1084,379425000,350023.0627306273,82300000,96250000,150275000,48350000,2250000,2022,19.754167506810383,10436882.0,16.160856436807453,19.754167506810383,unknown,0.0
Greece,1115,389400000,349237.668161435,90450000,93525000,154550000,48675000,2200000,2023,19.780117650902373,10407351.0,16.15802294135018,19.780117650902373,unknown,0.0
Greece,1166,411160000,352624.35677530017,117150000,95800000,152750000,43285000,2175000,2024,19.834492991108995,10405134.0,16.15780989615078,19.834492991108995,unknown,0.0
Grenada,1,3500000,3500000.0,3500000,0,0,0,0,2005,15.068273526459642,109734.0,11.60581453443263,15.068273526459642,unknown,0.0
Grenada,1,2750000,2750000.0,2750000,0,0,0,0,2006,14.827111469642754,110135.0,11.609462165018257,14.827111469642754,unknown,0.0
Grenada,1,3850000,3850000.0,3850000,0,0,0,0,2007,15.163583706263967,110522.0,11.612969875145785,15.163583706263967,unknown,0.0
Grenada,1,4000000,4000000.0,4000000,0,0,0,0,2008,15.201804919084164,110896.0,11.616348104157765,15.201804919084164,unknown,0.0
Grenada,1,2000000,2000000.0,2000000,0,0,0,0,2009,14.508657738524219,111254.0,11.6195711544383,14.508657738524219,unknown,0.0
Grenada,1,2800000,2800000.0,2800000,0,0,0,0,2010,14.845129975145433,111586.0,11.622550873031411,14.845129975145433,unknown,0.0
Grenada,3,3825000,1275000.0,3750000,0,75000,0,0,2011,15.157069025242773,112079.0,11.626959258772656,15.157069025242773,unknown,0.0
Grenada,3,2325000,775000.0,2250000,0,75000,0,0,2012,14.659230597003594,112775.0,11.633149962276597,14.659230597003594,unknown,0.0
Grenada,3,575000,191666.66666666666,500000,0,75000,0,0,2013,13.262125319779487,113487.0,11.639443571898747,13.262125319779487,unknown,0.0
Grenada,3,475000,158333.33333333334,400000,0,75000,0,0,2014,13.071070083016778,114132.0,11.645110952270386,13.071070083016778,unknown,0.0
Grenada,3,475000,158333.33333333334,400000,0,75000,0,0,2015,13.071070083016778,114676.0,11.649866039723841,13.071070083016778,unknown,0.0
Grenada,4,525000,131250.0,400000,0,75000,50000,0,2016,13.17115354157376,115130.0,11.65381720366771,13.17115354157376,unknown,0.0
Grenada,4,575000,143750.0,400000,0,75000,100000,0,2017,13.262125319779487,115438.0,11.656488868280348,13.262125319779487,unknown,0.0
Grenada,4,575000,143750.0,400000,0,75000,100000,0,2018,13.262125319779487,115691.0,11.658678122775015,13.262125319779487,unknown,0.0
Grenada,4,575000,143750.0,400000,0,75000,100000,0,2019,13.262125319779487,115981.0,11.661181663569499,13.262125319779487,unknown,0.0
Grenada,5,675000,135000.0,500000,0,75000,100000,0,2020,13.422467969854667,116341.0,11.66428081292377,13.422467969854667,unknown,0.0
Grenada,7,1800000,257142.85714285713,625000,1000000,75000,100000,0,2021,14.403297222866392,116688.0,11.667258985224015,14.403297222866392,unknown,0.0
Grenada,7,2125000,303571.4285714286,950000,1000000,75000,100000,0,2022,14.569282360340654,116913.0,11.669185347436324,14.569282360340654,unknown,0.0
Grenada,7,4450000,635714.2857142857,1275000,3000000,75000,100000,0,2023,15.308414654142423,117081.0,11.670621281937779,15.308414654142423,unknown,0.0
Grenada,8,4275000,534375.0,1350000,2500000,325000,100000,0,2024,15.268294660352998,117207.0,11.671696881303923,15.268294660352998,unknown,0.0
Guatemala,1,350000,350000.0,350000,0,0,0,0,2010,12.765688433465597,14500112.0,16.489666931498903,12.765688433465597,unknown,0.0
Guatemala,2,450000,225000.0,450000,0,0,0,0,2011,13.017002861746503,14792126.0,16.50960557013072,13.017002861746503,unknown,0.0
Guatemala,2,550000,275000.0,550000,0,0,0,0,2012,13.217673557208654,15089647.0,16.52951943749493,13.217673557208654,unknown,0.0
Guatemala,2,950000,475000.0,950000,0,0,0,0,2013,13.764217263576723,15387337.0,16.54905545640493,13.764217263576723,unknown,0.0
Guatemala,2,1000000,500000.0,1000000,0,0,0,0,2014,13.815510557964274,15681725.0,16.56800657959068,13.815510557964274,unknown,0.0
Guatemala,3,1450000,483333.3333333333,1450000,0,0,0,0,2015,14.187074114396758,15971743.0,16.58633165637714,14.187074114396758,unknown,0.0
Guatemala,3,1800000,600000.0,1800000,0,0,0,0,2016,14.403297222866392,16268760.0,16.6047572624002,14.403297222866392,unknown,0.0
Guatemala,3,1600000,533333.3333333334,1600000,0,0,0,0,2017,14.28551418721001,16567357.0,16.622944871550697,14.28551418721001,unknown,0.0
Guatemala,3,1900000,633333.3333333334,1900000,0,0,0,0,2018,14.457364444136669,16845685.0,16.63960509888172,14.457364444136669,unknown,0.0
Guatemala,3,3600000,1200000.0,3600000,0,0,0,0,2019,15.096444403426338,17103803.0,16.654811394407012,15.096444403426338,unknown,0.0
Guatemala,3,4100000,1366666.6666666667,4100000,0,0,0,0,2020,15.226497531674536,17357325.0,16.669525165461664,15.226497531674536,unknown,0.0
Guatemala,3,3075000,1025000.0,3075000,0,0,0,0,2021,14.938815459222756,17598650.0,16.683332752520982,14.938815459222756,unknown,0.0
Guatemala,3,3400000,1133333.3333333333,3400000,0,0,0,0,2022,15.03928598958639,17847877.0,16.697395123542297,15.03928598958639,unknown,0.0
Guatemala,3,2600000,866666.6666666666,2600000,0,0,0,0,2023,14.77102200299171,18124838.0,16.712793820734035,14.77102200299171,unknown,0.0
Guatemala,3,1700000,566666.6666666666,1700000,0,0,0,0,2024,14.346138809026444,18406359.0,16.72820676070013,14.346138809026444,unknown,0.0
Guinea,2,9000000,4500000.0,9000000,0,0,0,0,2005,16.012735135300492,9245844.0,16.039684711227036,16.012735135300492,unknown,0.0
Guinea,3,9750000,3250000.0,9600000,0,150000,0,0,2006,16.09277784297403,9441171.0,16.06059057703871,16.09277784297403,unknown,0.0
Guinea,7,15350000,2192857.1428571427,14800000,200000,350000,0,0,2007,16.54662603199748,9662281.0,16.083740306679175,16.54662603199748,unknown,0.0
Guinea,10,20850000,2085000.0,19000000,350000,1500000,0,0,2008,16.852864506209084,9898870.0,16.10793116717605,16.852864506209084,unknown,0.0
Guinea,12,27675000,2306250.0,23575000,1600000,2500000,0,0,2009,17.136040036558974,10143534.0,16.132347016118135,17.136040036558974,unknown,0.0
Guinea,16,29200000,1825000.0,21600000,1900000,5700000,0,0,2010,17.18967926723851,10396086.0,16.156939947121767,17.18967926723851,unknown,0.0
Guinea,20,23125000,1156250.0,14850000,3200000,5075000,0,0,2011,16.956424841362765,10656810.0,16.18170968238694,16.956424841362765,unknown,0.0
Guinea,24,25450000,1060416.6666666667,11450000,8400000,5600000,0,0,2012,17.052226300960807,10921581.0,16.20625129802117,17.052226300960807,unknown,0.0
Guinea,33,31000000,939393.9393939395,15625000,9775000,5600000,0,0,2013,17.24949776244942,11191873.0,16.23069844787208,17.24949776244942,unknown,0.0
Guinea,39,35125000,900641.0256410256,16050000,12325000,6750000,0,0,2014,17.374423685618183,11472924.0,16.255500382511105,17.374423685618183,unknown,0.0
Guinea,50,43000000,860000.0,19650000,14375000,8975000,0,0,2015,17.576710673657836,11767070.0,16.280815510268347,17.576710673657836,unknown,0.0
Guinea,53,55325000,1043867.9245283019,20800000,23100000,11425000,0,0,2016,17.828735443901387,12073030.0,16.306484597195062,17.828735443901387,unknown,0.0
Guinea,57,68900000,1208771.9298245613,22775000,32425000,13700000,0,0,2017,18.048166735983887,12385659.0,16.332049829017674,18.048166735983887,unknown,0.0
Guinea,63,132375000,2101190.476190476,26850000,79825000,25700000,0,0,2018,18.701149361885843,12704774.0,16.357488386305853,18.701149361885843,unknown,0.0
Guinea,67,162925000,2431716.417910448,33675000,100050000,29200000,0,0,2019,18.908800530182717,13034346.0,16.383098431478853,18.908800530182717,unknown,0.0
Guinea,74,165600000,2237837.8378378376,32075000,85875000,47650000,0,0,2020,18.925085799915433,13371183.0,16.408612426839245,18.925085799915433,unknown,0.0
Guinea,80,147000000,1837500.0,36075000,88425000,22500000,0,0,2021,18.80594314474301,13710513.0,16.43367346878157,18.80594314474301,unknown,0.0
Guinea,91,152625000,1677197.802197802,41725000,89450000,21450000,0,0,2022,18.84349449039514,14055137.0,16.45849850969611,18.84349449039514,unknown,0.0
Guinea,100,119460000,1194600.0,38535000,58950000,21975000,0,0,2023,18.598492145268434,14405468.0,16.483118414692214,18.598492145268434,unknown,0.0
Guinea,101,123625000,1224009.900990099,66825000,38375000,18425000,0,0,2024,18.63276334790715,14754785.0,16.50707799492126,18.63276334790715,unknown,0.0
Guinea-Bissau,3,4300000,1433333.3333333333,3900000,400000,0,0,0,2006,15.27412558066379,1415303.0,14.162854200411623,15.27412558066379,unknown,0.0
Guinea-Bissau,3,4900000,1633333.3333333333,3900000,1000000,0,0,0,2007,15.404745763080856,1450986.0,14.187753883301514,15.404745763080856,unknown,0.0
Guinea-Bissau,3,1900000,633333.3333333334,1450000,450000,0,0,0,2008,14.457364444136669,1488054.0,14.212979784039277,14.457364444136669,unknown,0.0
Guinea-Bissau,3,1700000,566666.6666666666,900000,800000,0,0,0,2009,14.346138809026444,1526377.0,14.238407511428461,14.346138809026444,unknown,0.0
Guinea-Bissau,5,2750000,550000.0,950000,1800000,0,0,0,2010,14.827111469642754,1566347.0,14.264256714639473,14.827111469642754,unknown,0.0
Guinea-Bissau,9,3300000,366666.6666666667,1500000,1800000,0,0,0,2011,15.009433026436708,1608076.0,14.290548991285748,15.009433026436708,unknown,0.0
Guinea-Bissau,13,6300000,484615.3846153846,4050000,2150000,0,100000,0,2012,15.65606019136176,1651417.0,14.317144265208228,15.65606019136176,unknown,0.0
Guinea-Bissau,17,12500000,735294.1176470588,7950000,2900000,1150000,500000,0,2013,16.34123920227253,1695973.0,14.343767175395943,16.34123920227253,unknown,0.0
Guinea-Bissau,24,18200000,758333.3333333334,10550000,3550000,3600000,500000,0,2014,16.716932152047026,1741122.0,14.37004029096494,16.716932152047026,unknown,0.0
Guinea-Bissau,28,22625000,808035.7142857143,15650000,3125000,3350000,500000,0,2015,16.934566047550263,1786457.0,14.395744886746469,16.934566047550263,unknown,0.0
Guinea-Bissau,37,30325000,819594.5945945946,21025000,5500000,3250000,550000,0,2016,17.227483012794387,1831893.0,14.420860416396971,17.227483012794387,unknown,0.0
Guinea-Bissau,48,29800000,620833.3333333334,18425000,8200000,2625000,550000,0,2017,17.210018951475632,1877072.0,14.4452236739166,17.210018951475632,unknown,0.0
Guinea-Bissau,55,30925000,562272.7272727273,17100000,7975000,5600000,250000,0,2018,17.247075476242827,1922168.0,14.468964273641447,17.247075476242827,unknown,0.0
Guinea-Bissau,57,40350000,707894.7368421053,16625000,18050000,5525000,150000,0,2019,17.51310195268023,1967696.0,14.492373873117662,17.51310195268023,unknown,0.0
Guinea-Bissau,58,40925000,705603.448275862,16725000,17400000,6625000,175000,0,2020,17.527251681221472,2013255.0,14.515263373201211,17.527251681221472,unknown,0.0
Guinea-Bissau,63,43425000,689285.7142857143,15775000,18075000,9000000,575000,0,2021,17.58654587009144,2058841.0,14.537653761075754,17.58654587009144,unknown,0.0
Guinea-Bissau,65,56075000,862692.3076923077,27175000,15950000,12050000,900000,0,2022,17.842200638370546,2105529.0,14.560077299939753,17.842200638370546,unknown,0.0
Guinea-Bissau,70,56475000,806785.7142857143,31600000,12975000,11150000,750000,0,2023,17.84930862031834,2153339.0,14.58253021866616,17.84930862031834,unknown,0.0
Guinea-Bissau,72,69510000,965416.6666666666,51600000,9100000,7560000,1250000,0,2024,18.05698118507667,2201352.0,14.60458227502736,18.05698118507667,unknown,0.0
Guyana,1,100000,100000.0,0,0,100000,0,0,2008,11.512925464970229,754606.0,13.533951037713177,11.512925464970229,unknown,0.0
Guyana,1,100000,100000.0,0,0,100000,0,0,2009,11.512925464970229,752094.0,13.530616595120128,11.512925464970229,unknown,0.0
Guyana,2,150000,75000.0,0,0,150000,0,0,2010,11.918390573078392,749256.0,13.526835993154855,11.918390573078392,unknown,0.0
Guyana,2,150000,75000.0,0,0,150000,0,0,2011,11.918390573078392,746153.0,13.522685951990812,11.918390573078392,unknown,0.0
Guyana,2,1150000,575000.0,0,0,1150000,0,0,2012,13.955272500339433,746288.0,13.522866863665536,13.955272500339433,unknown,0.0
Guyana,3,1850000,616666.6666666666,50000,0,1800000,0,0,2013,14.430696197054507,750021.0,13.5278564851205,14.430696197054507,unknown,0.0
Guyana,3,1850000,616666.6666666666,50000,0,1800000,0,0,2014,14.430696197054507,754229.0,13.533451314406328,14.430696197054507,unknown,0.0
Guyana,3,1950000,650000.0,650000,0,1300000,0,0,2015,14.48333993053993,758781.0,13.539468477193392,14.48333993053993,unknown,0.0
Guyana,3,1550000,516666.6666666667,750000,0,800000,0,0,2016,14.253765488895429,763548.0,13.545731270034043,14.253765488895429,unknown,0.0
Guyana,3,1300000,433333.3333333333,750000,0,550000,0,0,2017,14.077874822431765,768479.0,13.552168515627764,14.077874822431765,unknown,0.0
Guyana,3,1050000,350000.0,500000,0,550000,0,0,2018,13.864300722133706,791556.0,13.581755907537625,13.864300722133706,unknown,0.0
Guyana,3,1150000,383333.3333333333,600000,0,550000,0,0,2019,13.955272500339433,807665.0,13.601902647570851,13.955272500339433,unknown,0.0
Guyana,3,1050000,350000.0,500000,0,550000,0,0,2020,13.864300722133706,807481.0,13.601674804390363,13.864300722133706,unknown,0.0
Guyana,3,950000,316666.6666666667,500000,0,450000,0,0,2021,13.764217263576723,815482.0,13.611534628451356,13.764217263576723,unknown,0.0
Guyana,5,900000,180000.0,450000,50000,400000,0,0,2022,13.710150042306449,821637.0,13.619053970662327,13.710150042306449,unknown,0.0
Guyana,5,900000,180000.0,450000,50000,400000,0,0,2023,13.710150042306449,826353.0,13.624777321985327,13.710150042306449,unknown,0.0
Guyana,6,1050000,175000.0,350000,300000,400000,0,0,2024,13.864300722133706,831087.0,13.630489761498435,13.864300722133706,unknown,0.0
Haiti,1,1500000,1500000.0,0,0,1500000,0,0,2006,14.22097566607244,9216562.0,16.036512640961327,14.22097566607244,unknown,0.0
Haiti,2,1050000,525000.0,0,0,1050000,0,0,2007,13.864300722133706,9373296.0,16.0533753533004,13.864300722133706,unknown,0.0
Haiti,4,2150000,537500.0,0,0,2050000,100000,0,2008,14.580978400103845,9530774.0,16.07003648954126,14.580978400103845,unknown,0.0
Haiti,5,4050000,810000.0,0,0,3850000,200000,0,2009,15.214227439082721,9689581.0,16.086561742477976,15.214227439082721,unknown,0.0
Haiti,7,6550000,935714.2857142857,500000,0,4550000,1500000,0,2010,15.694975607611434,9803294.0,16.098229009613284,15.694975607611434,unknown,0.0
Haiti,7,5750000,821428.5714285715,400000,0,3850000,1500000,0,2011,15.564710412773533,9914904.0,16.109549637589613,15.564710412773533,unknown,0.0
Haiti,8,5950000,743750.0,250000,400000,3500000,1800000,0,2012,15.598901777521812,10069771.0,16.125048523621867,15.598901777521812,unknown,0.0
Haiti,8,6500000,812500.0,250000,1000000,4250000,1000000,0,2013,15.687312734865866,10222362.0,16.14008823149665,15.687312734865866,unknown,0.0
Haiti,9,8500000,944444.4444444445,250000,900000,6550000,800000,0,2014,15.955576721460545,10373235.0,16.154739489126978,15.955576721460545,unknown,0.0
Haiti,9,11250000,1250000.0,500000,2500000,7500000,750000,0,2015,16.235878686614704,10523242.0,16.169096892702647,16.235878686614704,unknown,0.0
Haiti,15,10800000,720000.0,2300000,1500000,6000000,1000000,0,2016,16.195056692094447,10671457.0,16.183083165033473,16.195056692094447,unknown,0.0
Haiti,17,9475000,557352.9411764706,2025000,1500000,4950000,1000000,0,2017,16.064167308932763,10817754.0,16.196699231276973,16.064167308932763,unknown,0.0
Haiti,19,10425000,548684.2105263158,2225000,1400000,6300000,500000,0,2018,16.15971732564914,10962362.0,16.2099783272139,16.15971732564914,unknown,0.0
Haiti,22,12275000,557954.5454545454,2400000,1100000,8275000,500000,0,2019,16.323075231644857,11105163.0,16.22292069327588,16.323075231644857,unknown,0.0
Haiti,24,14175000,590625.0,2150000,4100000,7275000,650000,0,2020,16.46699040757809,11243848.0,16.235331692596304,16.46699040757809,unknown,0.0
Haiti,26,15050000,578846.1538461539,3300000,4100000,7100000,550000,0,2021,16.52688854915916,11374586.0,16.246892126534558,16.52688854915916,unknown,0.0
Haiti,30,25225000,840833.3333333334,6825000,6100000,11650000,650000,0,2022,17.043346124203946,11503606.0,16.258171109399573,17.043346124203946,unknown,0.0
Haiti,33,32325000,979545.4545454546,10325000,8650000,12800000,550000,0,2023,17.291351482622197,11637398.0,16.269734435759982,17.291351482622197,unknown,0.0
Haiti,33,41850000,1268181.8181818181,12550000,17350000,11500000,450000,0,2024,17.549602354899758,11772557.0,16.281281702880438,17.549602354899758,unknown,0.0
Honduras,2,1400000,700000.0,900000,500000,0,0,0,2008,14.151982794585487,8012587.0,15.896524238186435,14.151982794585487,unknown,0.0
Honduras,3,4800000,1600000.0,800000,3500000,500000,0,0,2009,15.38412647587812,8189899.0,15.918412123640879,15.38412647587812,unknown,0.0
Honduras,4,18200000,4550000.0,800000,13700000,3700000,0,0,2010,16.716932152047026,8365878.0,15.939671848042664,16.716932152047026,unknown,0.0
Honduras,6,25050000,4175000.0,1100000,16600000,7350000,0,0,2011,17.036384385495147,8540583.0,15.960339830413591,17.036384385495147,unknown,0.0
Honduras,7,23350000,3335714.285714286,1400000,11600000,10350000,0,0,2012,16.96610754207918,8715076.0,15.980564957494906,16.96610754207918,unknown,0.0
Honduras,8,17850000,2231250.0,1200000,6300000,10350000,0,0,2013,16.69751406618992,8889278.0,16.00035638934384,16.69751406618992,unknown,0.0
Honduras,9,12650000,1405555.5555555555,1400000,3400000,7850000,0,0,2014,16.353167773137802,9063122.0,16.01972421027259,16.353167773137802,unknown,0.0
Honduras,12,15750000,1312500.0,1850000,3400000,10500000,0,0,2015,16.572350923235916,9237305.0,16.038760734408207,16.572350923235916,unknown,0.0
Honduras,14,16125000,1151785.7142857143,2350000,3525000,10250000,0,0,2016,16.595881420646112,9412380.0,16.057536402005034,16.595881420646112,unknown,0.0
Honduras,17,16400000,964705.8823529412,2875000,2625000,10900000,0,0,2017,16.612791892794426,9588137.0,16.076037163128532,16.612791892794426,unknown,0.0
Honduras,18,16200000,900000.0,4425000,3175000,8600000,0,0,2018,16.600521800202614,9765210.0,16.09433662743802,16.600521800202614,unknown,0.0
Honduras,20,16750000,837500.0,6850000,3500000,6400000,0,0,2019,16.63390881623535,9943633.0,16.11244300481422,16.63390881623535,unknown,0.0
Honduras,23,16000000,695652.1739130435,7600000,4750000,3650000,0,0,2020,16.588099280204055,10119640.0,16.129988648068327,16.588099280204055,unknown,0.0
Honduras,24,15200000,633333.3333333334,9250000,4125000,1825000,0,0,2021,16.536805985816503,10289877.0,16.14667115438602,16.536805985816503,unknown,0.0
Honduras,24,19400000,808333.3333333334,14150000,4050000,1200000,0,0,2022,16.780783624033557,10463872.0,16.1634391201884,16.780783624033557,unknown,0.0
Honduras,24,17050000,710416.6666666666,11600000,4350000,1100000,0,0,2023,16.6516607616938,10644851.0,16.18058685902998,16.6516607616938,unknown,0.0
Honduras,24,18000000,750000.0,12775000,4225000,1000000,0,0,2024,16.70588231586044,10825703.0,16.19743377200745,16.70588231586044,unknown,0.0
Hungary,6,7600000,1266666.6666666667,0,3750000,650000,3200000,0,2005,15.84365880525656,10087065.0,16.12676446795395,15.84365880525656,unknown,0.0
Hungary,9,11150000,1238888.888888889,0,6100000,2650000,2400000,0,2006,16.2269500558704,10071370.0,16.125207303107437,16.2269500558704,unknown,0.0
Hungary,12,14500000,1208333.3333333333,1650000,7600000,2650000,2600000,0,2007,16.489659207390805,10055780.0,16.123658151526826,16.489659207390805,unknown,0.0
Hungary,17,23050000,1355882.3529411764,1800000,14750000,3700000,2800000,0,2008,16.953176327406933,10038188.0,16.121907177852076,16.953176327406933,unknown,0.0
Hungary,20,30900000,1545000.0,1850000,20900000,5300000,2850000,0,2009,17.246266741867974,10022650.0,16.12035808971257,17.246266741867974,unknown,0.0
Hungary,32,48175000,1505468.75,4700000,29450000,8625000,5400000,0,2010,17.690350772264704,10000023.0,16.118097950955676,17.690350772264704,unknown,0.0
Hungary,38,51125000,1345394.7368421052,6550000,27875000,10975000,5725000,0,2011,17.74978417232724,9971727.0,16.115264346596206,17.74978417232724,unknown,0.0
Hungary,40,54225000,1355625.0,5550000,32600000,10925000,5150000,0,2012,17.80865261467721,9920362.0,16.110099970530726,17.80865261467721,unknown,0.0
Hungary,43,54325000,1263372.0930232557,6700000,30875000,9200000,7550000,0,2013,17.81049508410677,9872734.0,16.10528737406514,17.81049508410677,unknown,0.0
Hungary,56,55000000,982142.8571428572,10975000,27075000,8425000,8525000,0,2014,17.822843743196746,9833038.0,16.10125849829261,17.822843743196746,unknown,0.0
Hungary,57,49925000,875877.1929824562,10825000,21150000,8800000,9150000,0,2015,17.726032437266152,9797755.0,16.09766383576494,17.726032437266152,unknown,0.0
Hungary,62,43525000,702016.1290322581,8325000,17000000,10025000,8175000,0,2016,17.588846043618528,9759755.0,16.093777855615187,17.588846043618528,unknown,0.0
Hungary,62,42400000,683870.9677419355,8925000,14050000,12525000,6900000,0,2017,17.562658920202185,9726756.0,16.090390996721485,17.562658920202185,unknown,0.0
Hungary,69,56100000,813043.4782608695,10900000,13700000,22675000,8825000,0,2018,17.842646370492925,9706964.0,16.088354124023635,17.842646370492925,unknown,0.0
Hungary,71,73825000,1039788.7323943662,12900000,15125000,31650000,14150000,0,2019,18.11720798559426,9694824.0,16.087102692806642,18.11720798559426,unknown,0.0
Hungary,73,92975000,1273630.1369863013,13300000,26500000,37375000,15800000,0,2020,18.34784119777541,9670419.0,16.08458219637701,18.34784119777541,unknown,0.0
Hungary,79,86700000,1097468.3544303798,10400000,34250000,27800000,14250000,0,2021,18.277964441750772,9630932.0,16.080490559984383,18.277964441750772,unknown,0.0
Hungary,82,115500000,1408536.5853658537,9950000,38875000,52350000,14325000,0,2022,18.56478108792612,9605074.0,16.077802058475783,18.56478108792612,unknown,0.0
Hungary,84,124725000,1484821.4285714286,9850000,48750000,56000000,10125000,0,2023,18.641621871711376,9592186.0,16.07645936666078,18.641621871711376,unknown,0.0
Hungary,86,168800000,1962790.6976744186,7825000,91750000,61975000,7250000,0,2024,18.944225140126132,9562065.0,16.07331426588614,18.944225140126132,unknown,0.0
Iceland,6,11650000,1941666.6666666667,8500000,3150000,0,0,0,2005,16.270816737975984,296734.0,12.600591393579396,16.270816737975984,unknown,0.0
Iceland,12,16850000,1404166.6666666667,12250000,3200000,1400000,0,0,2006,16.639861214762647,303782.0,12.624065617882234,16.639861214762647,unknown,0.0
Iceland,13,18365000,1412692.3076923077,13250000,3065000,2050000,0,0,2007,16.725957237235903,311566.0,12.6493664727763,16.725957237235903,unknown,0.0
Iceland,18,19170000,1065000.0,9350000,5370000,4450000,0,0,2008,16.768857115021827,317414.0,12.667962194482293,16.768857115021827,unknown,0.0
Iceland,24,24400000,1016666.6666666666,5600000,11550000,7250000,0,0,2009,17.01009369026343,318499.0,12.671374614272,17.01009369026343,unknown,0.0
Iceland,29,28775000,992241.3793103448,5900000,13750000,9125000,0,0,2010,17.17501751257222,318041.0,12.66993558426906,17.17501751257222,unknown,0.0
Iceland,36,30650000,851388.8888888889,5225000,17600000,7775000,50000,0,2011,17.238143220346494,319014.0,12.672990267951304,17.238143220346494,unknown,0.0
Iceland,43,38450000,894186.0465116279,10250000,19725000,8375000,100000,0,2012,17.46486925391593,320716.0,12.678311275300475,17.46486925391593,unknown,0.0
Iceland,49,41225000,841326.5306122449,12150000,21500000,7375000,200000,0,2013,17.534555426409938,323764.0,12.687770134304166,17.534555426409938,unknown,0.0
Iceland,51,43475000,852450.9803921569,15800000,20875000,6600000,200000,0,2014,17.58769661820462,327386.0,12.698895181856445,17.58769661820462,unknown,0.0
Iceland,53,50525000,953301.8867924528,17300000,24325000,8350000,550000,0,2015,17.737978821253957,330815.0,12.709314585722742,17.737978821253957,unknown,0.0
Iceland,59,52000000,881355.9322033898,11800000,27100000,12100000,1000000,0,2016,17.7667542765457,335439.0,12.723195400681126,17.7667542765457,unknown,0.0
Iceland,66,63125000,956439.3939393939,13650000,33800000,14325000,1350000,0,2017,17.960627445559798,343400.0,12.746651227445513,17.960627445559798,unknown,0.0
Iceland,70,74925000,1070357.142857143,14950000,43950000,14375000,1650000,0,2018,18.131998171167,352721.0,12.773432655137803,18.131998171167,unknown,0.0
Iceland,76,108050000,1421710.5263157894,39950000,42750000,19825000,5525000,0,2019,18.49810464091717,360563.0,12.79542197772042,18.49810464091717,unknown,0.0
Iceland,80,98350000,1229375.0,36200000,40825000,18650000,2675000,0,2020,18.404043102799342,366463.0,12.81165284023301,18.404043102799342,unknown,0.0
Iceland,85,73825000,868529.4117647059,23100000,31925000,15450000,3350000,0,2021,18.11720798559426,372520.0,12.828046006635594,18.11720798559426,unknown,0.0
Iceland,90,56920000,632444.4444444445,19100000,19585000,14710000,3525000,0,2022,17.857157331185924,382003.0,12.853183740961017,17.857157331185924,unknown,0.0
Iceland,90,53430000,593666.6666666666,15410000,20085000,14210000,3725000,0,2023,17.793882943933955,385663.0,12.862719210115923,17.793882943933955,unknown,0.0
Iceland,92,85430000,928586.9565217391,34110000,32410000,14185000,4725000,0,2024,18.2632078851278,386506.0,12.864902670821849,18.2632078851278,unknown,0.0
India,1,100000,100000.0,0,0,0,100000,0,2011,11.512925464970229,1261224954.0,20.955349271357615,11.512925464970229,unknown,0.0
India,1,100000,100000.0,0,0,0,100000,0,2012,11.512925464970229,1278674502.0,20.969089833017946,11.512925464970229,unknown,0.0
India,1,100000,100000.0,0,0,0,100000,0,2013,11.512925464970229,1295829511.0,20.982416876068694,11.512925464970229,unknown,0.0
India,1,100000,100000.0,0,0,0,100000,0,2014,11.512925464970229,1312277191.0,20.995029778781227,11.512925464970229,unknown,0.0
India,1,100000,100000.0,0,0,0,100000,0,2015,11.512925464970229,1328024498.0,21.00695833511966,11.512925464970229,unknown,0.0
India,1,100000,100000.0,0,0,0,100000,0,2016,11.512925464970229,1343944296.0,21.01887463175987,11.512925464970229,unknown,0.0
India,1,175000,175000.0,0,0,0,175000,0,2017,12.072541252905651,1359657400.0,21.03049859319457,12.072541252905651,unknown,0.0
India,1,175000,175000.0,0,0,0,175000,0,2018,12.072541252905651,1374659064.0,21.041471583864862,12.072541252905651,unknown,0.0
India,1,175000,175000.0,0,0,0,175000,0,2019,12.072541252905651,1389030312.0,21.05187172337467,12.072541252905651,unknown,0.0
India,1,250000,250000.0,0,0,0,250000,0,2020,12.429216196844383,1402617695.0,21.061606109843773,12.429216196844383,unknown,0.0
India,1,200000,200000.0,0,0,0,200000,0,2021,12.206072645530174,1414203896.0,21.06983259204506,12.206072645530174,unknown,0.0
India,1,75000,75000.0,0,0,0,75000,0,2022,11.225243392518447,1425423212.0,21.07773459745116,11.225243392518447,unknown,0.0
India,1,25000,25000.0,0,0,0,25000,0,2023,10.126631103850338,1438069596.0,21.08656749284882,10.126631103850338,unknown,0.0
India,1,25000,25000.0,0,0,0,25000,0,2024,10.126631103850338,1450935791.0,21.095474558318678,10.126631103850338,unknown,0.0
Indonesia,1,600000,600000.0,0,0,600000,0,0,2011,13.304684934198283,249470032.0,19.33484935371735,13.304684934198283,unknown,0.0
Indonesia,1,2000000,2000000.0,0,0,2000000,0,0,2012,14.508657738524219,252698525.0,19.347707735380563,14.508657738524219,unknown,0.0
Indonesia,4,2200000,550000.0,0,100000,2100000,0,0,2013,14.603967918328545,255852467.0,19.360111535537463,14.603967918328545,unknown,0.0
Indonesia,6,3950000,658333.3333333334,0,550000,3300000,100000,0,2014,15.189226136877304,258877399.0,19.371865144657846,15.189226136877304,unknown,0.0
Indonesia,8,4850000,606250.0,0,1200000,3550000,100000,0,2015,15.394489262913666,261799249.0,19.383088542833974,15.394489262913666,unknown,0.0
Indonesia,9,6925000,769444.4444444445,0,2300000,4450000,175000,0,2016,15.750648610037675,264627418.0,19.393833424836224,15.750648610037675,unknown,0.0
Indonesia,10,8200000,820000.0,50000,2300000,5550000,300000,0,2017,15.919644712234481,267346658.0,19.404056718813333,15.919644712234481,unknown,0.0
Indonesia,12,9575000,797916.6666666666,50000,2600000,5575000,1350000,0,2018,16.074666093030984,269951846.0,19.413754152908577,16.074666093030984,unknown,0.0
Indonesia,13,18650000,1434615.3846153845,200000,2925000,7375000,8150000,0,2019,16.7413567040541,272489381.0,19.42311020250093,16.7413567040541,unknown,0.0
Indonesia,15,25325000,1688333.3333333333,500000,1975000,6350000,16500000,0,2020,17.04730260809902,274814866.0,19.431608214374723,17.04730260809902,unknown,0.0
Indonesia,17,18700000,1100000.0,750000,1250000,5400000,11300000,0,2021,16.744034081824815,276758053.0,19.438654227593986,16.744034081824815,unknown,0.0
Indonesia,18,24350000,1352777.7777777778,1350000,1750000,8350000,12900000,0,2022,17.008042407492873,278830529.0,19.446114732290518,17.008042407492873,unknown,0.0
Indonesia,21,24750000,1178571.4285714286,1800000,2700000,13050000,7200000,0,2023,17.024336046978974,281190067.0,19.454541393663803,17.024336046978974,unknown,0.0
Indonesia,22,28300000,1286363.6363636365,2550000,4250000,14300000,7200000,0,2024,17.158372362613466,283487931.0,19.462680108797322,17.158372362613466,unknown,0.0
Iran,1,300000,300000.0,300000,0,0,0,0,2005,12.611537753638338,71828455.0,18.089791264700906,12.611537753638338,unknown,0.0
Iran,1,400000,400000.0,400000,0,0,0,0,2006,12.89921982609012,73392747.0,18.111335673988354,12.89921982609012,unknown,0.0
Iran,2,800000,400000.0,400000,400000,0,0,0,2007,13.592367006650065,74602648.0,18.127686560522573,13.592367006650065,unknown,0.0
Iran,3,3650000,1216666.6666666667,3000000,400000,0,250000,0,2008,15.110237725558674,75514204.0,18.139831328974893,15.110237725558674,unknown,0.0
Iran,6,6150000,1025000.0,3550000,2000000,250000,350000,0,2009,15.631962639782701,76457825.0,18.152249839581536,15.631962639782701,unknown,0.0
Iran,6,8950000,1491666.6666666667,3600000,4000000,1000000,350000,0,2010,16.007164090251038,77420842.0,18.164766578797337,16.007164090251038,unknown,0.0
Iran,6,6100000,1016666.6666666666,2800000,2000000,1000000,300000,0,2011,15.623799329143539,78383598.0,18.17712525424967,15.623799329143539,unknown,0.0
Iran,11,8375000,761363.6363636364,3975000,2250000,1000000,1150000,0,2012,15.940761635675404,79370580.0,18.18963832858729,15.940761635675404,unknown,0.0
Iran,19,13625000,717105.2631578947,8100000,2225000,1350000,1950000,0,2013,16.42741689851358,80414686.0,18.20270737916012,16.42741689851358,unknown,0.0
Iran,22,14200000,645454.5454545454,9000000,2525000,1175000,1500000,0,2014,16.46875252257149,81502045.0,18.21613866992083,16.46875252257149,unknown,0.0
Iran,26,17050000,655769.2307692308,10175000,2900000,1825000,2150000,0,2015,16.6516607616938,82619362.0,18.22975461780189,16.6516607616938,unknown,0.0
Iran,33,23250000,704545.4545454546,14150000,3575000,3600000,1925000,0,2016,16.96181568999764,83812228.0,18.244089473661607,16.96181568999764,unknown,0.0
Iran,35,36175000,1033571.4285714285,25525000,4700000,4100000,1850000,0,2017,17.403878830481823,85026754.0,18.25847651787145,17.403878830481823,unknown,0.0
Iran,39,42100000,1079487.1794871795,28000000,4850000,7175000,2075000,0,2018,17.55555829865261,86117998.0,18.271228983557624,17.55555829865261,unknown,0.0
Iran,42,70175000,1670833.3333333333,46975000,8850000,10000000,4350000,0,2019,18.06650268021222,87051648.0,18.28201215564775,18.06650268021222,unknown,0.0
Iran,42,67975000,1618452.380952381,44250000,7050000,10900000,5775000,0,2020,18.03465054848281,87723443.0,18.289699730629707,18.03465054848281,unknown,0.0
Iran,42,72200000,1719047.619047619,55575000,4525000,7725000,4375000,0,2021,18.094950603863055,88455488.0,18.298010022999144,18.094950603863055,unknown,0.0
Iran,43,81750000,1901162.7906976745,64275000,5100000,8250000,4125000,0,2022,18.219176367741635,89524246.0,18.310020051584875,18.219176367741635,unknown,0.0
Iran,44,66875000,1519886.3636363635,51225000,3375000,8925000,3350000,0,2023,18.018335763180445,90608707.0,18.3220608701483,18.018335763180445,unknown,0.0
Iran,46,57535000,1250760.8695652173,41675000,4400000,7710000,3750000,0,2024,17.867904016239695,91567738.0,18.33258956236535,17.867904016239695,unknown,0.0
Iraq,1,50000,50000.0,0,50000,0,0,0,2008,10.819778284410283,28971036.0,17.181807130238326,10.819778284410283,unknown,0.0
Iraq,1,50000,50000.0,0,50000,0,0,0,2009,10.819778284410283,30058206.0,17.21864625986942,10.819778284410283,unknown,0.0
Iraq,1,250000,250000.0,0,250000,0,0,0,2010,12.429216196844383,31045366.0,17.250960112049693,12.429216196844383,unknown,0.0
Iraq,1,800000,800000.0,0,800000,0,0,0,2011,13.592367006650065,32161424.0,17.286278279901737,13.592367006650065,unknown,0.0
Iraq,3,2100000,700000.0,50000,2050000,0,0,0,2012,14.557447902693651,33654842.0,17.33166749671975,14.557447902693651,unknown,0.0
Iraq,4,2650000,662500.0,50000,2550000,50000,0,0,2013,14.790070197962406,35281989.0,17.37888316506473,14.790070197962406,unknown,0.0
Iraq,5,3300000,660000.0,150000,2550000,600000,0,0,2014,15.009433026436708,36550059.0,17.414193358385845,15.009433026436708,unknown,0.0
Iraq,5,5800000,1160000.0,300000,1550000,3950000,0,0,2015,15.573368475516649,37560535.0,17.44146445607936,15.573368475516649,unknown,0.0
Iraq,9,4275000,475000.0,350000,1100000,2825000,0,0,2016,15.268294660352998,38469627.0,17.465379578814563,15.268294660352998,unknown,0.0
Iraq,9,4775000,530555.5555555555,300000,1150000,3325000,0,0,2017,15.378904531896968,39337353.0,17.48768508345554,15.378904531896968,unknown,0.0
Iraq,9,5825000,647222.2222222222,800000,1200000,3825000,0,0,2018,15.577669557416039,40265624.0,17.511008660421886,15.577669557416039,unknown,0.0
Iraq,11,5575000,506818.1818181818,525000,2675000,2375000,0,0,2019,15.533802875310457,41192171.0,17.53375877199101,15.533802875310457,unknown,0.0
Iraq,12,6300000,525000.0,725000,2950000,2625000,0,0,2020,15.65606019136176,42116605.0,17.555952638942514,15.65606019136176,unknown,0.0
Iraq,16,8450000,528125.0,2025000,3750000,2675000,0,0,2021,15.949676999333356,43071211.0,17.578365373653824,15.949676999333356,unknown,0.0
Iraq,18,9175000,509722.22222222225,2200000,4950000,2025000,0,0,2022,16.031992951904908,44070551.0,17.601302339576407,16.031992951904908,unknown,0.0
Iraq,18,7825000,434722.22222222225,1675000,4325000,1825000,0,0,2023,15.872834294390492,45074049.0,17.62381722866137,15.872834294390492,unknown,0.0
Iraq,18,7350000,408333.3333333333,1550000,3825000,1975000,0,0,2024,15.81021087118902,46042015.0,17.645064907150424,15.81021087118902,unknown,0.0
Israel,3,6400000,2133333.3333333335,4000000,0,400000,2000000,0,2005,15.671808548329901,6930100.0,15.751384801076405,15.671808548329901,unknown,0.0
Israel,3,6900000,2300000.0,4000000,0,900000,2000000,0,2006,15.747031969567487,7053700.0,15.769062859812223,15.747031969567487,unknown,0.0
Israel,3,8750000,2916666.6666666665,4500000,0,2250000,2000000,0,2007,15.984564258333798,7180100.0,15.78682386850402,15.984564258333798,unknown,0.0
Israel,8,19250000,2406250.0,11050000,0,5200000,3000000,0,2008,16.773021618698067,7308800.0,15.80458965956372,16.773021618698067,unknown,0.0
Israel,10,21525000,2152500.0,14150000,800000,4775000,1800000,0,2009,16.884725608278067,7485600.0,15.82849173294384,16.884725608278067,unknown,0.0
Israel,26,33600000,1292307.6923076923,19475000,3700000,7750000,2675000,0,2010,17.33003662493343,7623600.0,15.846759257042624,17.33003662493343,unknown,0.0
Israel,43,45800000,1065116.2790697673,26750000,6800000,8200000,4050000,0,2011,17.639794649084415,7765800.0,15.865240035658584,17.639794649084415,unknown,0.0
Israel,44,59250000,1346590.9090909092,28850000,17600000,9250000,3550000,0,2012,17.897276337979516,7910500.0,15.883701548871256,17.897276337979516,unknown,0.0
Israel,50,56825000,1136500.0,25350000,19525000,9000000,2950000,0,2013,17.85548692770288,8059500.0,15.902362077819124,17.85548692770288,unknown,0.0
Israel,52,51975000,999519.2307692308,21000000,20925000,8800000,1250000,0,2014,17.76627339170835,8215700.0,15.921557515805082,17.76627339170835,unknown,0.0
Israel,53,50050000,944339.6226415094,22700000,17900000,8400000,1050000,0,2015,17.728533063725504,8380100.0,15.94137040556129,17.728533063725504,unknown,0.0
Israel,63,63925000,1014682.5396825396,27150000,25450000,9875000,1450000,0,2016,17.973221079141524,8546000.0,15.960973895186108,17.973221079141524,unknown,0.0
Israel,66,59250000,897727.2727272727,27575000,18875000,11100000,1700000,0,2017,17.897276337979516,8713300.0,15.980361151930218,17.897276337979516,unknown,0.0
Israel,66,63150000,956818.1818181818,31425000,17425000,12350000,1950000,0,2018,17.961023406760773,8882800.0,15.999627380582242,17.961023406760773,unknown,0.0
Israel,76,73425000,966118.4210526316,41550000,17100000,12725000,2050000,0,2019,18.111775035048957,9054000.0,16.018717206978042,18.111775035048957,unknown,0.0
Israel,83,67175000,809337.3493975904,36175000,19300000,9750000,1950000,0,2020,18.022811712465828,9215100.0,16.036354000899127,18.022811712465828,unknown,0.0
Israel,87,64975000,746839.0804597702,36650000,19200000,7700000,1425000,0,2021,17.989513138491827,9371400.0,16.05317305607387,17.989513138491827,unknown,0.0
Israel,90,75550000,839444.4444444445,47625000,18825000,7300000,1800000,0,2022,18.140305246683024,9557500.0,16.072836744552706,18.140305246683024,unknown,0.0
Israel,91,78625000,864010.989010989,46075000,19325000,9425000,3800000,0,2023,18.18020027298488,9849000.0,16.10288048515184,18.18020027298488,unknown,0.0
Israel,94,77825000,827925.5319148937,43500000,20025000,9100000,5200000,0,2024,18.169973274291944,9974400.0,16.115532368555154,18.169973274291944,unknown,0.0
Italy,127,404700000,3186614.1732283463,152900000,134900000,89550000,27350000,0,2005,19.818656609846094,58166682.0,17.878823274548928,19.818656609846094,unknown,0.0
Italy,195,569730000,2921692.3076923075,199925000,174900000,114530000,80375000,0,2006,20.16067312235854,58399861.0,17.882824067658635,20.16067312235854,unknown,0.0
Italy,244,619030000,2537008.1967213117,219800000,188075000,131130000,80025000,0,2007,20.243664294741027,58756247.0,17.888908037250598,20.243664294741027,unknown,0.0
Italy,288,805080000,2795416.6666666665,266825000,252850000,199855000,85550000,0,2008,20.506452209327072,59211181.0,17.896620950264115,20.506452209327072,unknown,0.0
Italy,328,985275000,3003887.1951219514,314850000,324050000,256025000,90350000,0,2009,20.708431347987954,59555454.0,17.90241843647352,20.708431347987954,unknown,0.0
Italy,459,1115855000,2431056.644880174,347350000,359355000,306300000,102850000,0,2010,20.832886764148704,59819407.0,17.90684069804439,20.832886764148704,unknown,0.0
Italy,588,1198675000,2038562.925170068,366125000,375250000,348600000,108700000,0,2011,20.904482617032585,60026841.0,17.910302370155193,20.904482617032585,unknown,0.0
Italy,693,1137350000,1641197.6911976913,346200000,335700000,349200000,106250000,0,2012,20.851966831962145,60191247.0,17.91303750103654,20.851966831962145,unknown,0.0
Italy,847,1189325000,1404161.7473435656,350025000,350425000,374100000,114575000,200000,2013,20.89665175624506,60311613.0,17.915035230219583,20.89665175624506,unknown,0.0
Italy,943,1252450000,1328154.8250265112,392750000,350475000,391700000,117325000,200000,2014,20.948367469966783,60320707.0,17.915186002417567,20.948367469966783,unknown,0.0
Italy,1094,1265875000,1157106.9469835467,393700000,372850000,364050000,135075000,200000,2015,20.959029419616723,60229605.0,17.913674566804808,20.959029419616723,unknown,0.0
Italy,1221,1258775000,1030937.7559377559,369500000,409850000,356450000,122775000,200000,2016,20.953404862773006,60115223.0,17.91177366194095,20.953404862773006,unknown,0.0
Italy,1354,1353900000,999926.1447562777,415975000,417000000,388575000,132150000,200000,2017,21.02625515346534,60002252.0,17.90989265281535,21.02625515346534,unknown,0.0
Italy,1368,1732750000,1266630.1169590643,610975000,495150000,479975000,146425000,225000,2018,21.272975578762367,60148658.0,17.912329689246626,21.272975578762367,unknown,0.0
Italy,1405,2076300000,1477793.5943060499,725375000,592100000,602550000,156025000,250000,2019,21.4538533004802,59729081.0,17.905329578686892,21.4538533004802,unknown,0.0
Italy,1503,2381350000,1584397.870924817,806200000,671225000,689625000,214050000,250000,2020,21.590933390708187,59438851.0,17.900458627769716,21.590933390708187,unknown,0.0
Italy,1588,2161030000,1360850.1259445844,701750000,614400000,637850000,206780000,250000,2021,21.49385079683662,59133173.0,17.89530262778127,21.49385079683662,unknown,0.0
Italy,1681,2135325000,1270270.6722189174,666010000,658505000,620650000,189910000,250000,2022,21.48188469686633,59013667.0,17.893279619112445,21.48188469686633,unknown,0.0
Italy,1766,2057460000,1165039.637599094,594650000,668925000,618005000,175630000,250000,2023,21.44473804925726,58984216.0,17.892780440654956,21.44473804925726,unknown,0.0
Italy,1838,2195155000,1194317.1926006528,542295000,700910000,738625000,213125000,200000,2024,21.50951849601459,58952704.0,17.892246053276516,21.50951849601459,unknown,0.0
Ivory Coast,18,59100000,3283333.3333333335,41500000,8400000,8550000,650000,0,2005,17.894741482376325,20068458.0,16.81465988672968,17.894741482376325,unknown,0.0
Ivory Coast,25,81900000,3276000.0,41750000,16050000,23200000,900000,0,2006,18.221009548823297,20546802.0,16.838215866358446,18.221009548823297,unknown,0.0
Ivory Coast,26,106750000,4105769.230769231,40700000,31850000,32900000,1300000,0,2007,18.48600021007301,21030558.0,16.861487080850413,18.48600021007301,unknown,0.0
Ivory Coast,34,146750000,4316176.470588235,66500000,31800000,46450000,2000000,0,2008,18.80424101667248,21514439.0,16.88423484908337,18.80424101667248,unknown,0.0
Ivory Coast,54,172450000,3193518.5185185187,74650000,45850000,49950000,2000000,0,2009,18.965617897347123,21997940.0,16.906459370574794,18.965617897347123,unknown,0.0
Ivory Coast,60,195800000,3263333.3333333335,76775000,61000000,55825000,2200000,0,2010,19.092604288060684,22488065.0,16.928495281994778,19.092604288060684,unknown,0.0
Ivory Coast,69,205250000,2974637.6811594204,94800000,52450000,56000000,2000000,0,2011,19.13973930629681,22982000.0,16.950221858799715,19.13973930629681,unknown,0.0
Ivory Coast,80,234175000,2927187.5,114875000,67500000,49800000,2000000,0,2012,19.271579257059468,23467078.0,16.97110906071563,19.271579257059468,unknown,0.0
Ivory Coast,91,239200000,2628571.4285714286,110250000,83800000,43050000,2100000,0,2013,19.29281058004075,23939775.0,16.991051859553693,19.29281058004075,unknown,0.0
Ivory Coast,101,232675000,2303712.871287129,119950000,69400000,41375000,1800000,150000,2014,19.26515318803605,24527395.0,17.015301214101335,19.26515318803605,unknown,0.0
Ivory Coast,112,231500000,2066964.2857142857,121800000,65375000,42125000,1900000,300000,2015,19.260090431490564,25246342.0,17.044191831903657,19.260090431490564,unknown,0.0
Ivory Coast,128,230050000,1797265.625,115450000,64500000,48100000,1800000,200000,2016,19.253807234565752,25989405.0,17.07319951293507,19.253807234565752,unknown,0.0
Ivory Coast,151,275350000,1823509.9337748345,123125000,65450000,81875000,4800000,100000,2017,19.433553573672764,26733372.0,17.101423230551628,19.433553573672764,unknown,0.0
Ivory Coast,157,328950000,2095222.9299363056,134650000,94375000,91225000,8600000,100000,2018,19.611416321496282,27464173.0,17.128392913255084,19.611416321496282,unknown,0.0
Ivory Coast,167,521525000,3122904.1916167666,239650000,120825000,147675000,13275000,100000,2019,20.072267769894623,28193009.0,17.154584597372704,20.072267769894623,unknown,0.0
Ivory Coast,184,601875000,3271059.782608696,322600000,105400000,161200000,12575000,100000,2020,20.215560340516664,28915449.0,17.179886577726418,20.215560340516664,unknown,0.0
Ivory Coast,198,556100000,2808585.8585858587,277825000,104700000,159950000,13525000,100000,2021,20.13645869215779,29639736.0,17.204626451469903,20.13645869215779,unknown,0.0
Ivory Coast,217,540175000,2489285.714285714,254325000,123400000,150075000,12275000,100000,2022,20.10740371909601,30395002.0,17.229788744965255,20.10740371909601,unknown,0.0
Ivory Coast,232,578325000,2492780.172413793,265175000,142625000,151100000,19325000,100000,2023,20.17564655235141,31165654.0,17.25482721308432,20.17564655235141,unknown,0.0
Ivory Coast,242,604575000,2498243.8016528925,269700000,114600000,205150000,15025000,100000,2024,20.22003628980205,31934230.0,17.279189033210702,20.22003628980205,unknown,0.0
Jamaica,3,700000,233333.33333333334,600000,50000,50000,0,0,2005,13.458835614025542,2687066.0,14.803960450005311,13.458835614025542,unknown,0.0
Jamaica,4,750000,187500.0,650000,50000,50000,0,0,2006,13.527828485512494,2700968.0,14.809120785240669,13.527828485512494,unknown,0.0
Jamaica,7,3250000,464285.71428571426,2900000,50000,300000,0,0,2007,14.994165554305921,2713800.0,14.81386042469399,14.994165554305921,unknown,0.0
Jamaica,8,5225000,653125.0,4700000,50000,475000,0,0,2008,15.468965355815149,2725635.0,14.81821198645572,15.468965355815149,unknown,0.0
Jamaica,10,5425000,542500.0,4050000,50000,1325000,0,0,2009,15.506528457390797,2736995.0,14.822371161203463,15.506528457390797,unknown,0.0
Jamaica,13,7600000,584615.3846153846,3900000,350000,3350000,0,0,2010,15.84365880525656,2748568.0,14.826590606744496,15.84365880525656,unknown,0.0
Jamaica,17,9675000,569117.6470588235,5300000,875000,3500000,0,0,2011,16.08505579688012,2760494.0,14.830920207184585,16.08505579688012,unknown,0.0
Jamaica,19,11750000,618421.052631579,5350000,1350000,5050000,0,0,2012,16.279363798554442,2772430.0,14.83523474991678,16.279363798554442,unknown,0.0
Jamaica,21,20850000,992857.1428571428,7500000,4750000,8600000,0,0,2013,16.852864506209084,2783687.0,14.839286865955009,16.852864506209084,unknown,0.0
Jamaica,23,21775000,946739.1304347826,9250000,3750000,8775000,0,0,2014,16.89627308070284,2793749.0,14.842894979402118,16.89627308070284,unknown,0.0
Jamaica,26,27175000,1045192.3076923077,11200000,6100000,9875000,0,0,2015,17.117807990971546,2802534.0,14.846034565879837,17.117807990971546,unknown,0.0
Jamaica,33,46075000,1396212.121212121,28450000,5050000,12575000,0,0,2016,17.64578106152016,2809915.0,14.848664791742095,17.64578106152016,unknown,0.0
Jamaica,36,74200000,2061111.111111111,52400000,6650000,15125000,25000,0,2017,18.12227470813761,2815764.0,14.850744185929901,18.12227470813761,unknown,0.0
Jamaica,39,112575000,2886538.4615384615,81400000,13300000,17850000,25000,0,2018,18.539130224151908,2820097.0,14.852281839485848,18.539130224151908,unknown,0.0
Jamaica,41,144775000,3531097.56097561,94350000,24600000,25800000,25000,0,2019,18.79069137107613,2823271.0,14.853406699794329,18.79069137107613,unknown,0.0
Jamaica,43,157550000,3663953.488372093,97050000,31450000,29000000,50000,0,2020,18.875253426167557,2830739.0,14.856048366272772,18.875253426167557,unknown,0.0
Jamaica,44,144175000,3276704.5454545454,72675000,27900000,43550000,50000,0,2021,18.78653839746575,2837682.0,14.858498079684015,18.78653839746575,unknown,0.0
Jamaica,46,162275000,3527717.3913043477,82125000,25200000,54850000,100000,0,2022,18.904802984883805,2839144.0,14.859013156254028,18.904802984883805,unknown,0.0
Jamaica,48,150625000,3138020.8333333335,75025000,16900000,58550000,150000,0,2023,18.830303862209192,2839786.0,14.8592392551856,18.830303862209192,unknown,0.0
Jamaica,51,132675000,2601470.588235294,63125000,13600000,55800000,150000,0,2024,18.703413086678232,2839175.0,14.85902407497839,18.703413086678232,unknown,0.0
Japan,3,2700000,900000.0,1200000,0,1500000,0,0,2007,14.808762330974558,128001000.0,18.667548634353373,14.808762330974558,unknown,0.0
Japan,3,3100000,1033333.3333333334,1600000,0,1500000,0,0,2008,14.946912669455374,128063000.0,18.668032888299354,14.946912669455374,unknown,0.0
Japan,8,5750000,718750.0,2100000,350000,3000000,300000,0,2009,15.564710412773533,128047000.0,18.66790794198706,15.564710412773533,unknown,0.0
Japan,32,42150000,1317187.5,12275000,11175000,15200000,3500000,0,2010,17.556745242412138,128070000.0,18.668087547402255,17.556745242412138,unknown,0.0
Japan,37,53150000,1436486.4864864864,14200000,21025000,15100000,2825000,0,2011,17.78862866275223,127833000.0,18.666235282538146,17.78862866275223,unknown,0.0
Japan,42,84825000,2019642.857142857,22400000,35850000,24050000,2525000,0,2012,18.25610086863457,127629000.0,18.664638175779704,18.25610086863457,unknown,0.0
Japan,44,106850000,2428409.090909091,26000000,50375000,27450000,3025000,0,2013,18.48693653972943,127445000.0,18.663195456945832,18.48693653972943,unknown,0.0
Japan,55,120875000,2197727.272727273,23150000,61650000,32000000,4075000,0,2014,18.61026751173773,127276000.0,18.66186851472436,18.61026751173773,unknown,0.0
Japan,59,116525000,1975000.0,26775000,49025000,36400000,4325000,0,2015,18.573616400223077,127141000.0,18.660807264786893,18.573616400223077,unknown,0.0
Japan,71,112475000,1584154.9295774647,35750000,42975000,31400000,2350000,0,2016,18.53824153269151,127076000.0,18.66029589063476,18.53824153269151,unknown,0.0
Japan,86,115700000,1345348.8372093022,41400000,48175000,24000000,2125000,0,2017,18.566511192163905,126972000.0,18.6594771476743,18.566511192163905,unknown,0.0
Japan,90,111475000,1238611.111111111,40525000,46925000,22125000,1900000,0,2018,18.529310908477814,126811000.0,18.658208346993412,18.529310908477814,unknown,0.0
Japan,100,160325000,1603250.0,59500000,58950000,39025000,2850000,0,2019,18.8927135629992,126633000.0,18.65680369721463,18.8927135629992,unknown,0.0
Japan,123,210575000,1711991.8699186991,91600000,68600000,47200000,3175000,0,2020,19.1653524421657,126261000.0,18.65386175103713,19.1653524421657,unknown,0.0
Japan,126,205750000,1632936.507936508,90175000,66575000,46575000,2425000,0,2021,19.142172397521453,125681593.0,18.649262226879053,19.142172397521453,unknown,0.0
Japan,137,216375000,1579379.5620437956,81125000,74575000,58475000,2200000,0,2022,19.192523571460647,125124989.0,18.644823707687568,19.192523571460647,unknown,0.0
Japan,140,264600000,1890000.0,107525000,85675000,68175000,3225000,0,2023,19.39372980964513,124516650.0,18.639949999867074,19.39372980964513,unknown,0.0
Japan,142,437075000,3077992.9577464787,227325000,94250000,111300000,4200000,0,2024,19.895615363047988,123975371.0,18.635593482873812,19.895615363047988,unknown,0.0
Jordan,1,150000,150000.0,0,150000,0,0,0,2011,11.918390573078392,7480424.0,15.827800032836134,11.918390573078392,unknown,0.0
Jordan,1,250000,250000.0,0,250000,0,0,0,2012,12.429216196844383,7587127.0,15.841963553339202,12.429216196844383,unknown,0.0
Jordan,1,250000,250000.0,0,250000,0,0,0,2013,12.429216196844383,7991809.0,15.893927700126044,12.429216196844383,unknown,0.0
Jordan,1,500000,500000.0,0,500000,0,0,0,2014,13.122363377404328,8791710.0,15.989319789990201,13.122363377404328,unknown,0.0
Jordan,1,500000,500000.0,0,500000,0,0,0,2015,13.122363377404328,9544729.0,16.071499622910746,13.122363377404328,unknown,0.0
Jordan,1,400000,400000.0,0,400000,0,0,0,2016,12.89921982609012,10006367.0,16.11873214835087,12.89921982609012,unknown,0.0
Jordan,1,400000,400000.0,0,400000,0,0,0,2017,12.89921982609012,10234226.0,16.14124815135525,12.89921982609012,unknown,0.0
Jordan,1,400000,400000.0,0,400000,0,0,0,2018,12.89921982609012,10462306.0,16.163289451194576,12.89921982609012,unknown,0.0
Jordan,2,1900000,950000.0,1500000,400000,0,0,0,2019,14.457364444136669,10671891.0,16.183123833442203,14.457364444136669,unknown,0.0
Jordan,2,2400000,1200000.0,2000000,400000,0,0,0,2020,14.690979295318174,10865228.0,16.20107815626611,14.690979295318174,unknown,0.0
Jordan,3,2175000,725000.0,1800000,375000,0,0,0,2021,14.592539222504922,11066356.0,16.219420072535417,14.592539222504922,unknown,0.0
Jordan,3,1750000,583333.3333333334,1300000,450000,0,0,0,2022,14.375126345899696,11256263.0,16.236435242819674,14.375126345899696,unknown,0.0
Jordan,3,2225000,741666.6666666666,1800000,425000,0,0,0,2023,14.615267473582477,11439213.0,16.252557747843237,14.615267473582477,unknown,0.0
Jordan,4,6425000,1606250.0,6075000,350000,0,0,0,2024,15.675707188745557,11552876.0,16.26244496826465,15.675707188745557,unknown,0.0
Kazakhstan,3,1300000,433333.3333333333,0,100000,1200000,0,0,2008,14.077874822431765,16426525.0,16.61440796429593,14.077874822431765,unknown,0.0
Kazakhstan,5,2850000,570000.0,0,400000,2400000,50000,0,2009,14.862829552244833,16619846.0,16.626108081404002,14.862829552244833,unknown,0.0
Kazakhstan,5,3250000,650000.0,0,800000,2400000,50000,0,2010,14.994165554305921,16836810.0,16.639078118905598,14.994165554305921,unknown,0.0
Kazakhstan,7,4150000,592857.1428571428,0,800000,2650000,700000,0,2011,15.238618892206881,17066002.0,16.65259885527074,15.238618892206881,unknown,0.0
Kazakhstan,7,3450000,492857.14285714284,0,500000,2550000,400000,0,2012,15.053884789007542,17306106.0,16.6665699451734,15.053884789007542,unknown,0.0
Kazakhstan,10,4275000,427500.0,100000,375000,3500000,300000,0,2013,15.268294660352998,17556502.0,16.68093492359426,15.268294660352998,unknown,0.0
Kazakhstan,12,4700000,391666.6666666667,200000,950000,2750000,800000,0,2014,15.363073066680286,17816285.0,16.69562348464815,15.363073066680286,unknown,0.0
Kazakhstan,12,4650000,387500.0,250000,1350000,2150000,900000,0,2015,15.35237777756354,18084169.0,16.71054747263056,15.35237777756354,unknown,0.0
Kazakhstan,15,7600000,506666.6666666667,1150000,2700000,2450000,1300000,0,2016,15.84365880525656,18363600.0,16.725881002367128,15.84365880525656,unknown,0.0
Kazakhstan,15,9150000,610000.0,1600000,3600000,2450000,1500000,0,2017,16.029264437251705,18651931.0,16.741460237568315,16.029264437251705,unknown,0.0
Kazakhstan,18,13450000,747222.2222222222,3400000,4500000,3950000,1600000,0,2018,16.414489664012123,18932727.0,16.756402569862583,16.414489664012123,unknown,0.0
Kazakhstan,21,18575000,884523.8095238095,4550000,5400000,6425000,2200000,0,2019,16.737327148568095,19209555.0,16.770918369458208,16.737327148568095,unknown,0.0
Kazakhstan,21,22775000,1084523.8095238095,4600000,7350000,7325000,3500000,0,2020,16.941174001110298,19482117.0,16.785007525838584,16.941174001110298,unknown,0.0
Kazakhstan,21,19475000,927380.9523809524,3850000,4450000,8925000,2250000,0,2021,16.784642149721087,19743603.0,16.798340098110703,16.784642149721087,unknown,0.0
Kazakhstan,21,15500000,738095.2380952381,2650000,3075000,8375000,1400000,0,2022,16.556350581889475,20034609.0,16.81297178601468,16.556350581889475,unknown,0.0
Kazakhstan,21,13825000,658333.3333333334,2300000,2125000,8500000,900000,0,2023,16.441989105372674,20330104.0,16.827613301184165,16.441989105372674,unknown,0.0
Kazakhstan,21,16075000,765476.1904761905,2100000,2300000,10875000,800000,0,2024,16.59277582808796,20592571.0,16.840440937648825,16.59277582808796,unknown,0.0
Kenya,1,375000,375000.0,0,375000,0,0,0,2006,12.834681304952548,36904008.0,17.42383072099844,12.834681304952548,unknown,0.0
Kenya,2,1875000,937500.0,1500000,375000,0,0,0,2007,14.444119217386648,38036349.0,17.454052813117308,14.444119217386648,unknown,0.0
Kenya,2,2100000,1050000.0,850000,1250000,0,0,0,2008,14.557447902693651,39206351.0,17.484349306943752,14.557447902693651,unknown,0.0
Kenya,3,3300000,1100000.0,1800000,1500000,0,0,0,2009,15.009433026436708,40408891.0,17.514560392976016,15.009433026436708,unknown,0.0
Kenya,4,6650000,1662500.0,1800000,4850000,0,0,0,2010,15.710127412632037,41598567.0,17.543576277522792,15.710127412632037,unknown,0.0
Kenya,4,11425000,2856250.0,2600000,8825000,0,0,0,2011,16.25131449474454,42758461.0,17.57107765189249,16.25131449474454,unknown,0.0
Kenya,5,12250000,2450000.0,3800000,8450000,0,0,0,2012,16.32103649495501,43888303.0,17.597158396072984,16.32103649495501,unknown,0.0
Kenya,5,13000000,2600000.0,3000000,10000000,0,0,0,2013,16.38045991542581,44986791.0,17.62187947131192,16.38045991542581,unknown,0.0
Kenya,5,19750000,3950000.0,2700000,17050000,0,0,0,2014,16.798664049311405,46051440.0,17.645269590534987,16.798664049311405,unknown,0.0
Kenya,6,16900000,2816666.6666666665,1750000,15150000,0,0,0,2015,16.642824179893303,47088526.0,17.667539919967243,16.642824179893303,unknown,0.0
Kenya,6,17250000,2875000.0,1600000,15650000,0,0,0,2016,16.663322701441643,48139687.0,17.689617488428517,16.663322701441643,unknown,0.0
Kenya,10,18450000,1845000.0,2400000,15750000,300000,0,0,2017,16.73057492845081,49197766.0,17.711358773927564,16.73057492845081,unknown,0.0
Kenya,10,28650000,2865000.0,2400000,25800000,450000,0,0,2018,17.170664001125022,50207107.0,17.731667148346524,17.170664001125022,unknown,0.0
Kenya,10,29475000,2947500.0,2800000,25900000,775000,0,0,2019,17.199053004387707,51202827.0,17.751305303329204,17.199053004387707,unknown,0.0
Kenya,10,17150000,1715000.0,2950000,12800000,1400000,0,0,2020,16.657508731576222,52217334.0,17.77092506669569,16.657508731576222,unknown,0.0
Kenya,11,13550000,1231818.1818181819,2550000,8950000,2050000,0,0,2021,16.421897105289982,53219166.0,17.789929152590577,16.421897105289982,unknown,0.0
Kenya,11,15275000,1388636.3636363635,6525000,6050000,2700000,0,0,2022,16.54172806302193,54252461.0,17.809158913411224,16.54172806302193,unknown,0.0
Kenya,13,21975000,1690384.6153846155,10975000,4200000,6800000,0,0,2023,16.905416001535514,55339003.0,17.828988516259066,16.905416001535514,unknown,0.0
Kenya,13,24575000,1890384.6153846155,10875000,3250000,10450000,0,0,2024,17.017240223997504,56432944.0,17.84856365941559,17.017240223997504,unknown,0.0
Kosovo,1,50000,50000.0,0,0,0,50000,0,2007,10.819778284410283,1807094.0,14.4072305881439,10.819778284410283,unknown,0.0
Kosovo,4,950000,237500.0,100000,50000,0,300000,500000,2008,13.764217263576723,1800858.0,14.403773775963593,13.764217263576723,unknown,0.0
Kosovo,5,1275000,255000.0,275000,50000,0,300000,650000,2009,14.058456736574664,1794681.0,14.400337848233741,14.058456736574664,unknown,0.0
Kosovo,6,1700000,283333.3333333333,500000,250000,0,300000,650000,2010,14.346138809026444,1788743.0,14.39702369649783,14.346138809026444,unknown,0.0
Kosovo,9,2425000,269444.44444444444,600000,825000,0,800000,200000,2011,14.70134208235372,1791949.0,14.398814412290596,14.70134208235372,unknown,0.0
Kosovo,13,4900000,376923.07692307694,975000,1875000,150000,1700000,200000,2012,15.404745763080856,1807126.0,14.407248295975743,15.404745763080856,unknown,0.0
Kosovo,16,11275000,704687.5,1850000,5500000,225000,3500000,200000,2013,16.238098443353017,1818119.0,14.41331300812303,16.238098443353017,unknown,0.0
Kosovo,22,11350000,515909.0909090909,2375000,5925000,350000,2500000,200000,2014,16.244728301891687,1812788.0,14.41037654963997,16.244728301891687,unknown,0.0
Kosovo,26,16275000,625961.5384615385,4900000,8125000,1050000,2000000,200000,2015,16.605140746058908,1788274.0,14.396761466822833,16.605140746058908,unknown,0.0
Kosovo,31,23375000,754032.2580645161,9125000,11300000,1750000,1000000,200000,2016,16.967177633139023,1777568.0,14.390756695905289,16.967177633139023,unknown,0.0
Kosovo,41,32450000,791463.4146341464,14825000,13700000,3125000,600000,200000,2017,17.295211001114374,1791019.0,14.398295289585127,17.295211001114374,unknown,0.0
Kosovo,48,36600000,762500.0,16600000,15525000,3525000,750000,200000,2018,17.415558798371595,1797086.0,14.401677022160905,17.415558798371595,unknown,0.0
Kosovo,52,56025000,1077403.8461538462,22450000,27075000,4525000,1775000,200000,2019,17.841308577651265,1788891.0,14.397106432742,17.841308577651265,unknown,0.0
Kosovo,58,107975000,1861637.9310344828,58975000,34100000,12175000,2525000,200000,2020,18.49741027681104,1790151.0,14.397810531800939,18.49741027681104,unknown,0.0
Kosovo,61,99250000,1627049.1803278688,50825000,25175000,20400000,2650000,200000,2021,18.413152477531575,1786079.0,14.395533272363068,18.413152477531575,unknown,0.0
Kosovo,68,87950000,1293382.3529411764,32100000,22925000,30600000,2125000,200000,2022,18.292279029147842,1768096.0,14.385413819348141,18.292279029147842,unknown,0.0
Kosovo,71,102725000,1446830.985915493,41475000,20925000,35300000,4825000,200000,2023,18.447566072733746,1682668.0,14.335891186927789,18.447566072733746,unknown,0.0
Kosovo,71,103600000,1459154.9295774647,49125000,16650000,30025000,7600000,200000,2024,18.45604788778966,1594353.0,14.281978569272624,18.45604788778966,unknown,0.0
Kyrgyzstan,1,200000,200000.0,0,0,200000,0,0,2014,12.206072645530174,5905848.0,15.591453604415701,12.206072645530174,unknown,0.0
Kyrgyzstan,1,200000,200000.0,0,0,200000,0,0,2015,12.206072645530174,6040036.0,15.613920530158136,12.206072645530174,unknown,0.0
Kyrgyzstan,1,200000,200000.0,0,0,200000,0,0,2016,12.206072645530174,6175338.0,15.636074175822413,12.206072645530174,unknown,0.0
Kyrgyzstan,1,350000,350000.0,0,0,350000,0,0,2017,12.765688433465597,6306696.0,15.65712248407187,12.765688433465597,unknown,0.0
Kyrgyzstan,1,500000,500000.0,0,0,500000,0,0,2018,13.122363377404328,6444079.0,15.678672282670025,13.122363377404328,unknown,0.0
Kyrgyzstan,1,1200000,1200000.0,0,0,1200000,0,0,2019,13.997832114758229,6590211.0,15.701095924175526,13.997832114758229,unknown,0.0
Kyrgyzstan,1,1200000,1200000.0,0,0,1200000,0,0,2020,13.997832114758229,6726596.0,15.721579778715503,13.997832114758229,unknown,0.0
Kyrgyzstan,1,800000,800000.0,0,0,800000,0,0,2021,13.592367006650065,6851224.0,15.73993788040733,13.592367006650065,unknown,0.0
Kyrgyzstan,1,750000,750000.0,0,0,750000,0,0,2022,13.527828485512494,6975220.0,15.757874426392927,13.527828485512494,unknown,0.0
Kyrgyzstan,2,1250000,625000.0,500000,0,750000,0,0,2023,14.038654109278484,7099750.0,15.775570130124008,14.038654109278484,unknown,0.0
Kyrgyzstan,2,950000,475000.0,450000,0,500000,0,0,2024,13.764217263576723,7221868.0,15.792624203167044,13.764217263576723,unknown,0.0
Laos,1,50000,50000.0,50000,0,0,0,0,2012,10.819778284410283,6518978.0,15.690228173150253,10.819778284410283,unknown,0.0
Laos,1,300000,300000.0,300000,0,0,0,0,2013,12.611537753638338,6611385.0,15.704303720892927,12.611537753638338,unknown,0.0
Laos,1,500000,500000.0,500000,0,0,0,0,2014,13.122363377404328,6703172.0,15.71809140516305,13.122363377404328,unknown,0.0
Laos,1,800000,800000.0,800000,0,0,0,0,2015,13.592367006650065,6801645.0,15.732675052655107,13.592367006650065,unknown,0.0
Laos,1,800000,800000.0,800000,0,0,0,0,2016,13.592367006650065,6908802.0,15.748306808788456,13.592367006650065,unknown,0.0
Laos,1,2750000,2750000.0,2750000,0,0,0,0,2017,14.827111469642754,7018147.0,15.76400978104443,14.827111469642754,unknown,0.0
Laos,1,2000000,2000000.0,2000000,0,0,0,0,2018,14.508657738524219,7128045.0,15.779547561244168,14.508657738524219,unknown,0.0
Laos,1,2000000,2000000.0,2000000,0,0,0,0,2019,14.508657738524219,7237636.0,15.794805191705837,14.508657738524219,unknown,0.0
Laos,1,600000,600000.0,600000,0,0,0,0,2020,13.304684934198283,7346533.0,15.809739059222984,13.304684934198283,unknown,0.0
Laos,1,600000,600000.0,600000,0,0,0,0,2021,13.304684934198283,7453194.0,15.824153223311725,13.304684934198283,unknown,0.0
Laos,1,400000,400000.0,400000,0,0,0,0,2022,12.89921982609012,7559007.0,15.838250390322305,12.89921982609012,unknown,0.0
Laos,1,350000,350000.0,350000,0,0,0,0,2023,12.765688433465597,7664993.0,15.852174157045626,12.765688433465597,unknown,0.0
Laos,1,200000,200000.0,200000,0,0,0,0,2024,12.206072645530174,7769819.0,15.865757427349209,12.206072645530174,unknown,0.0
Latvia,1,2750000,2750000.0,2750000,0,0,0,0,2005,14.827111469642754,2238799.0,14.621450119331383,14.827111469642754,unknown,0.0
Latvia,2,3125000,1562500.0,3000000,0,125000,0,0,2006,14.954944841152638,2218357.0,14.612277389756501,14.954944841152638,unknown,0.0
Latvia,2,3175000,1587500.0,3000000,0,175000,0,0,2007,14.970818190308929,2200325.0,14.604115634690672,14.970818190308929,unknown,0.0
Latvia,5,2725000,545000.0,2375000,175000,175000,0,0,2008,14.817978986079481,2177322.0,14.59360623924693,14.817978986079481,unknown,0.0
Latvia,5,1625000,325000.0,1275000,175000,175000,0,0,2009,14.301018373745976,2141669.0,14.577095989571017,14.301018373745976,unknown,0.0
Latvia,7,2600000,371428.5714285714,1625000,175000,800000,0,0,2010,14.77102200299171,2097555.0,14.556282938672206,14.77102200299171,unknown,0.0
Latvia,12,4825000,402083.3333333333,2525000,625000,1675000,0,0,2011,15.389321292755223,2059709.0,14.538075268651406,15.389321292755223,unknown,0.0
Latvia,12,7875000,656250.0,5000000,1225000,1650000,0,0,2012,15.879203742675971,2034319.0,14.52567167711848,15.879203742675971,unknown,0.0
Latvia,13,8750000,673076.9230769231,5350000,1350000,2050000,0,0,2013,15.984564258333798,2012647.0,14.51496132908557,15.984564258333798,unknown,0.0
Latvia,14,11800000,842857.1428571428,6725000,3475000,1600000,0,0,2014,16.283610089435893,1993782.0,14.505543895543228,16.283610089435893,unknown,0.0
Latvia,14,8900000,635714.2857142857,4300000,2675000,1925000,0,0,2015,16.00156183470237,1977527.0,14.49735763213377,16.00156183470237,unknown,0.0
Latvia,15,6725000,448333.3333333333,3125000,1600000,2000000,0,0,2016,15.721342483452178,1959537.0,14.488218778811504,15.721342483452178,unknown,0.0
Latvia,16,6025000,376562.5,2750000,950000,2325000,0,0,2017,15.611428037340993,1942248.0,14.47935662307858,15.611428037340993,unknown,0.0
Latvia,17,6300000,370588.23529411765,3150000,1200000,1950000,0,0,2018,15.65606019136176,1927174.0,14.471565239116659,15.65606019136176,unknown,0.0
Latvia,17,6400000,376470.5882352941,3150000,1250000,2000000,0,0,2019,15.671808548329901,1913822.0,14.464612847715298,15.671808548329901,unknown,0.0
Latvia,19,7350000,386842.1052631579,3925000,1250000,2175000,0,0,2020,15.81021087118902,1900449.0,14.457600732007965,15.81021087118902,unknown,0.0
Latvia,20,7175000,358750.0,3625000,1150000,2400000,0,0,2021,15.786113319609958,1884490.0,14.449167785227914,15.786113319609958,unknown,0.0
Latvia,20,7425000,371250.0,3950000,975000,2500000,0,0,2022,15.820363242653038,1879383.0,14.446454089450157,15.820363242653038,unknown,0.0
Latvia,21,11300000,538095.2380952381,5650000,1225000,4425000,0,0,2023,16.240313283682568,1883710.0,14.44875379445718,16.240313283682568,unknown,0.0
Latvia,21,10900000,519047.61904761905,5425000,1325000,4150000,0,0,2024,16.204273347199372,1866124.0,14.439374110485964,16.204273347199372,unknown,0.0
Lebanon,1,50000,50000.0,0,0,50000,0,0,2009,10.819778284410283,4992287.0,15.42340467936598,10.819778284410283,unknown,0.0
Lebanon,1,75000,75000.0,0,0,75000,0,0,2010,11.225243392518447,5041288.0,15.433172162954348,11.225243392518447,unknown,0.0
Lebanon,1,75000,75000.0,0,0,75000,0,0,2011,11.225243392518447,5096020.0,15.443970400873217,11.225243392518447,unknown,0.0
Lebanon,1,200000,200000.0,0,0,200000,0,0,2012,12.206072645530174,5235742.0,15.471019130542755,12.206072645530174,unknown,0.0
Lebanon,2,400000,200000.0,0,50000,350000,0,0,2013,12.89921982609012,5743436.0,15.563568195474259,12.89921982609012,unknown,0.0
Lebanon,3,625000,208333.33333333334,25000,250000,350000,0,0,2014,13.345506928718539,6346990.0,15.663491242739862,13.345506928718539,unknown,0.0
Lebanon,3,875000,291666.6666666667,75000,300000,500000,0,0,2015,13.681979165339751,6472469.0,15.683068201102348,13.681979165339751,unknown,0.0
Lebanon,4,1075000,268750.0,125000,300000,600000,50000,0,2016,13.8878312195439,6323060.0,15.659713826162264,13.8878312195439,unknown,0.0
Lebanon,4,1275000,318750.0,175000,300000,700000,100000,0,2017,14.058456736574664,6160128.0,15.633608114514598,14.058456736574664,unknown,0.0
Lebanon,4,1925000,481250.0,225000,700000,850000,150000,0,2018,14.470436525704022,5984119.0,15.604619684802355,14.470436525704022,unknown,0.0
Lebanon,4,1875000,468750.0,200000,750000,850000,75000,0,2019,14.444119217386648,5794594.0,15.572435971904751,14.444119217386648,unknown,0.0
Lebanon,5,2275000,455000.0,600000,1000000,600000,75000,0,2020,14.637490610367188,5702398.0,15.556397346088994,14.637490610367188,unknown,0.0
Lebanon,5,1750000,350000.0,500000,700000,475000,75000,0,2021,14.375126345899696,5718122.0,15.559150987768296,14.375126345899696,unknown,0.0
Lebanon,5,1525000,305000.0,600000,400000,450000,75000,0,2022,14.237504968023648,5744489.0,15.563751518398625,14.237504968023648,unknown,0.0
Lebanon,5,2175000,435000.0,1200000,600000,300000,75000,0,2023,14.592539222504922,5773493.0,15.568787827937182,14.592539222504922,unknown,0.0
Lebanon,5,1950000,390000.0,1225000,450000,200000,75000,0,2024,14.48333993053993,5805962.0,15.574395878591798,14.48333993053993,unknown,0.0
Liberia,2,600000,300000.0,100000,500000,0,0,0,2009,13.304684934198283,3943028.0,15.187459514026537,13.304684934198283,unknown,0.0
Liberia,3,1825000,608333.3333333334,625000,1200000,0,0,0,2010,14.417090544998729,4058890.0,15.216420095182814,14.417090544998729,unknown,0.0
Liberia,6,4675000,779166.6666666666,4075000,600000,0,0,0,2011,15.357739720704924,4221178.0,15.255624793977374,15.357739720704924,unknown,0.0
Liberia,6,4900000,816666.6666666666,4150000,750000,0,0,0,2012,15.404745763080856,4373043.0,15.290969663413257,15.404745763080856,unknown,0.0
Liberia,8,5175000,646875.0,4425000,600000,150000,0,0,2013,15.459349897115708,4470239.0,15.312952432721934,15.459349897115708,unknown,0.0
Liberia,8,3750000,468750.0,3250000,400000,100000,0,0,2014,15.137266397946593,4564293.0,15.333774185975361,15.137266397946593,unknown,0.0
Liberia,9,4050000,450000.0,2925000,1025000,100000,0,0,2015,15.214227439082721,4659431.0,15.354403895642358,15.214227439082721,unknown,0.0
Liberia,9,3875000,430555.55555555556,3200000,575000,100000,0,0,2016,15.170056220769585,4755608.0,15.37483511119238,15.170056220769585,unknown,0.0
Liberia,10,3450000,345000.0,2525000,825000,100000,0,0,2017,15.053884789007542,4848925.0,15.394267588861252,15.053884789007542,unknown,0.0
Liberia,10,2750000,275000.0,1975000,675000,100000,0,0,2018,14.827111469642754,4944726.0,15.413832111999236,14.827111469642754,unknown,0.0
Liberia,10,2650000,265000.0,1850000,700000,100000,0,0,2019,14.790070197962406,5043721.0,15.433654661293655,14.790070197962406,unknown,0.0
Liberia,12,2475000,206250.0,1900000,350000,225000,0,0,2020,14.721750953984929,5149463.0,15.454402995358572,14.721750953984929,unknown,0.0
Liberia,12,3075000,256250.0,2225000,450000,400000,0,0,2021,14.938815459222756,5259323.0,15.475512869206073,14.938815459222756,unknown,0.0
Liberia,12,4300000,358333.3333333333,3300000,475000,525000,0,0,2022,15.27412558066379,5373294.0,15.496951686248599,15.27412558066379,unknown,0.0
Liberia,14,3700000,264285.71428571426,2050000,1150000,500000,0,0,2023,15.123843377614453,5493031.0,15.518990755855164,15.123843377614453,unknown,0.0
Liberia,14,4150000,296428.5714285714,2400000,1250000,500000,0,0,2024,15.238618892206881,5612817.0,15.540563290506693,15.238618892206881,unknown,0.0
Libya,1,250000,250000.0,0,250000,0,0,0,2010,12.429216196844383,6497839.0,15.686980218049815,12.429216196844383,unknown,0.0
Libya,1,400000,400000.0,0,400000,0,0,0,2011,12.89921982609012,6343203.0,15.662894403887623,12.89921982609012,unknown,0.0
Libya,1,2000000,2000000.0,0,2000000,0,0,0,2012,14.508657738524219,6179328.0,15.636720085657405,14.508657738524219,unknown,0.0
Libya,2,4575000,2287500.0,0,4575000,0,0,0,2013,15.33611725669176,6304628.0,15.65679452484752,15.33611725669176,unknown,0.0
Libya,2,1100000,550000.0,0,1100000,0,0,0,2014,13.9108207377686,6427252.0,15.676057633169313,13.9108207377686,unknown,0.0
Libya,2,1700000,850000.0,0,1700000,0,0,0,2015,14.346138809026444,6531819.0,15.69219602295189,14.346138809026444,unknown,0.0
Libya,3,1600000,533333.3333333334,50000,1550000,0,0,0,2016,14.28551418721001,6632126.0,15.70743597441052,14.28551418721001,unknown,0.0
Libya,3,1650000,550000.0,350000,1300000,0,0,0,2017,14.316285845876763,6738770.0,15.72338797365309,14.316285845876763,unknown,0.0
Libya,4,3000000,750000.0,350000,2650000,0,0,0,2018,14.914122846632385,6849055.0,15.739621244517195,14.914122846632385,unknown,0.0
Libya,4,3025000,756250.0,300000,2725000,0,0,0,2019,14.92242164944708,6951033.0,15.754400839589696,14.92242164944708,unknown,0.0
Libya,4,3950000,987500.0,550000,3400000,0,0,0,2020,15.189226136877304,7045399.0,15.76788533762316,15.189226136877304,unknown,0.0
Libya,4,5225000,1306250.0,725000,4500000,0,0,0,2021,15.468965355815149,7135175.0,15.78054733557197,15.468965355815149,unknown,0.0
Libya,4,14700000,3675000.0,1100000,13600000,0,0,0,2022,16.503358051748965,7223805.0,15.792892380359149,16.503358051748965,unknown,0.0
Libya,4,16400000,4100000.0,1200000,15200000,0,0,0,2023,16.612791892794426,7305659.0,15.8041598112815,16.612791892794426,unknown,0.0
Libya,4,18400000,4600000.0,1400000,17000000,0,0,0,2024,16.727861222579214,7381023.0,15.814422804856262,16.727861222579214,unknown,0.0
Liechtenstein,1,100000,100000.0,0,0,0,100000,0,2009,11.512925464970229,35742.0,10.484081746856743,11.512925464970229,unknown,0.0
Liechtenstein,2,125000,62500.0,0,50000,0,75000,0,2010,11.736069016284437,36022.0,10.491885141897002,11.736069016284437,unknown,0.0
Liechtenstein,3,250000,83333.33333333333,0,200000,0,50000,0,2011,12.429216196844383,36312.0,10.499903544136302,12.429216196844383,unknown,0.0
Liechtenstein,3,425000,141666.66666666666,0,375000,0,50000,0,2012,12.959844447906553,36657.0,10.509359684984632,12.959844447906553,unknown,0.0
Liechtenstein,3,1150000,383333.3333333333,0,1000000,0,150000,0,2013,13.955272500339433,36984.0,10.518240665668062,13.955272500339433,unknown,0.0
Liechtenstein,3,1050000,350000.0,0,900000,0,150000,0,2014,13.864300722133706,37248.0,10.52535353109111,13.864300722133706,unknown,0.0
Liechtenstein,3,1300000,433333.3333333333,0,1200000,0,100000,0,2015,14.077874822431765,37494.0,10.531936199157137,14.077874822431765,unknown,0.0
Liechtenstein,3,1450000,483333.3333333333,0,1350000,0,100000,0,2016,14.187074114396758,37716.0,10.537839686585567,14.187074114396758,unknown,0.0
Liechtenstein,3,3025000,1008333.3333333334,0,3000000,0,25000,0,2017,14.92242164944708,37962.0,10.544340938374939,14.92242164944708,unknown,0.0
Liechtenstein,3,1825000,608333.3333333334,0,1800000,0,25000,0,2018,14.417090544998729,38246.0,10.55179425862292,14.417090544998729,unknown,0.0
Liechtenstein,3,1175000,391666.6666666667,0,1150000,0,25000,0,2019,13.976778705560397,38563.0,10.56004854652803,13.976778705560397,unknown,0.0
Liechtenstein,3,875000,291666.6666666667,0,800000,0,75000,0,2020,13.681979165339751,38901.0,10.568775236216993,13.681979165339751,unknown,0.0
Liechtenstein,3,725000,241666.66666666666,0,650000,0,75000,0,2021,13.493926933836812,39182.0,10.575972736647978,13.493926933836812,unknown,0.0
Liechtenstein,3,675000,225000.0,0,650000,0,25000,0,2022,13.422467969854667,39493.0,10.583878719994873,13.422467969854667,unknown,0.0
Liechtenstein,3,475000,158333.33333333334,0,450000,0,25000,0,2023,13.071070083016778,39846.0,10.592777302768768,13.071070083016778,unknown,0.0
Liechtenstein,3,475000,158333.33333333334,0,450000,0,25000,0,2024,13.071070083016778,40450.0,10.607821922486638,13.071070083016778,unknown,0.0
Lithuania,4,2600000,650000.0,500000,50000,2000000,50000,0,2005,14.77102200299171,3322528.0,15.01623649692304,14.77102200299171,unknown,0.0
Lithuania,5,3500000,700000.0,500000,2000000,950000,50000,0,2006,15.068273526459642,3269909.0,15.000272713740031,15.068273526459642,unknown,0.0
Lithuania,6,4400000,733333.3333333334,500000,2000000,1850000,50000,0,2007,15.29711509888849,3231294.0,14.988393234167441,15.29711509888849,unknown,0.0
Lithuania,6,7950000,1325000.0,1400000,2500000,3300000,750000,0,2008,15.888682486630515,3198231.0,14.978108402412788,15.888682486630515,unknown,0.0
Lithuania,8,10000000,1250000.0,2450000,2300000,4500000,750000,0,2009,16.11809565095832,3162916.0,14.967004944869064,16.11809565095832,unknown,0.0
Lithuania,11,14200000,1290909.0909090908,4300000,2500000,5400000,2000000,0,2010,16.46875252257149,3097282.0,14.946035510670518,16.46875252257149,unknown,0.0
Lithuania,16,15000000,937500.0,4375000,2500000,5750000,2375000,0,2011,16.523560759066484,3028115.0,14.923450871682235,16.523560759066484,unknown,0.0
Lithuania,17,15050000,885294.1176470588,3925000,1000000,5400000,4725000,0,2012,16.52688854915916,2989139.0,14.910495944032245,16.52688854915916,unknown,0.0
Lithuania,19,14100000,742105.2631578947,3450000,625000,3950000,6075000,0,2013,16.461685355348397,2961250.0,14.901122034455133,16.461685355348397,unknown,0.0
Lithuania,22,11775000,535227.2727272727,3600000,450000,2475000,5250000,0,2014,16.281489197866755,2937253.0,14.892985348792818,16.281489197866755,unknown,0.0
Lithuania,22,12425000,564772.7272727273,3700000,525000,1950000,6250000,0,2015,16.335221129946966,2911109.0,14.884044666204003,16.335221129946966,unknown,0.0
Lithuania,25,10825000,433000.0,3450000,525000,1700000,5150000,0,2016,16.197368831852827,2877325.0,14.872371601047618,16.197368831852827,unknown,0.0
Lithuania,27,9400000,348148.14814814815,3650000,450000,1350000,3950000,0,2017,16.056220247240233,2842639.0,14.860243404026887,16.056220247240233,unknown,0.0
Lithuania,29,9725000,335344.8275862069,3525000,700000,1300000,4200000,0,2018,16.090210447468785,2819200.0,14.851963714723997,16.090210447468785,unknown,0.0
Lithuania,29,10450000,360344.8275862069,4100000,1075000,1100000,4175000,0,2019,16.162112536375094,2811089.0,14.849082510717947,16.162112536375094,unknown,0.0
Lithuania,29,9900000,341379.3103448276,3600000,1100000,1100000,4100000,0,2020,16.108045315104818,2810369.0,14.84882634941462,16.108045315104818,unknown,0.0
Lithuania,32,8650000,270312.5,2600000,1400000,1025000,3625000,0,2021,15.973069878908062,2808380.0,14.848118362607208,15.973069878908062,unknown,0.0
Lithuania,33,8800000,266666.6666666667,2600000,1625000,1550000,3025000,0,2022,15.990262279448435,2831639.0,14.85636625391912,15.990262279448435,unknown,0.0
Lithuania,33,8225000,249242.42424242425,2350000,1850000,1650000,2375000,0,2023,15.922688854615709,2871585.0,14.87037470010208,15.922688854615709,unknown,0.0
Lithuania,34,9185000,270147.0588235294,2200000,3375000,1585000,2025000,0,2024,16.03308227663136,2888278.0,14.876171034749932,16.03308227663136,unknown,0.0
Luxembourg,1,75000,75000.0,75000,0,0,0,0,2007,11.225243392518447,479993.0,13.081526799444402,11.225243392518447,unknown,0.0
Luxembourg,1,75000,75000.0,75000,0,0,0,0,2008,11.225243392518447,488650.0,13.099401765766983,11.225243392518447,unknown,0.0
Luxembourg,2,125000,62500.0,75000,0,0,50000,0,2009,11.736069016284437,497783.0,13.117919518071346,11.736069016284437,unknown,0.0
Luxembourg,3,175000,58333.333333333336,75000,0,50000,50000,0,2010,12.072541252905651,506953.0,13.136173576106584,12.072541252905651,unknown,0.0
Luxembourg,3,275000,91666.66666666667,175000,0,50000,50000,0,2011,12.524526376648708,518347.0,13.158400181139255,12.524526376648708,unknown,0.0
Luxembourg,3,325000,108333.33333333333,175000,0,100000,50000,0,2012,12.691580461311874,530946.0,13.182415600137544,12.691580461311874,unknown,0.0
Luxembourg,4,1650000,412500.0,300000,0,950000,400000,0,2013,14.316285845876763,543360.0,13.205527362665064,14.316285845876763,unknown,0.0
Luxembourg,5,2500000,500000.0,500000,150000,1250000,600000,0,2014,14.73180128983843,556319.0,13.22909714971347,14.73180128983843,unknown,0.0
Luxembourg,12,3675000,306250.0,675000,575000,1825000,600000,0,2015,15.117063690629074,569604.0,13.252696661527155,15.117063690629074,unknown,0.0
Luxembourg,12,4700000,391666.6666666667,575000,800000,2725000,600000,0,2016,15.363073066680286,582014.0,13.274249781407077,15.363073066680286,unknown,0.0
Luxembourg,16,5125000,320312.5,1125000,825000,2575000,600000,0,2017,15.449641082988746,596336.0,13.298559545584688,15.449641082988746,unknown,0.0
Luxembourg,18,6100000,338888.8888888889,1300000,1150000,2950000,700000,0,2018,15.623799329143539,607950.0,13.317847920724564,15.623799329143539,unknown,0.0
Luxembourg,19,11950000,628947.3684210526,3900000,3875000,3675000,500000,0,2019,16.296241836341792,620001.0,13.3374763699232,16.296241836341792,unknown,0.0
Luxembourg,20,12450000,622500.0,2950000,5450000,3600000,450000,0,2020,16.33723118087499,630419.0,13.354139956665527,16.33723118087499,unknown,0.0
Luxembourg,22,15875000,721590.9090909091,3450000,8225000,3800000,400000,0,2021,16.58025610274303,640064.0,13.369323450336188,16.58025610274303,unknown,0.0
Luxembourg,25,28950000,1158000.0,4375000,19675000,3875000,1025000,0,2022,17.181080761983278,653103.0,13.38949012935746,17.181080761983278,unknown,0.0
Luxembourg,26,26675000,1025961.5384615385,4550000,17225000,3275000,1625000,0,2023,17.09923735515209,666430.0,13.409690386828693,17.09923735515209,unknown,0.0
Luxembourg,26,31810000,1223461.5384615385,3600000,22400000,4100000,1710000,0,2024,17.275291263725325,677012.0,13.425444276995815,17.275291263725325,unknown,0.0
Macau,1,25000,25000.0,0,25000,0,0,0,2016,10.126631103850338,652500.0,13.388566418178986,10.126631103850338,unknown,0.0
Macau,1,25000,25000.0,0,25000,0,0,0,2017,10.126631103850338,648400.0,13.382263068843658,10.126631103850338,unknown,0.0
Macau,1,25000,25000.0,0,25000,0,0,0,2018,10.126631103850338,658900.0,13.39832705690191,10.126631103850338,unknown,0.0
Macau,1,25000,25000.0,0,25000,0,0,0,2019,10.126631103850338,672000.0,13.418013619505286,10.126631103850338,unknown,0.0
Macau,1,25000,25000.0,0,25000,0,0,0,2020,10.126631103850338,685400.0,13.437757888422645,10.126631103850338,unknown,0.0
Macau,1,100000,100000.0,0,100000,0,0,0,2021,11.512925464970229,682500.0,13.433517806041252,11.512925464970229,unknown,0.0
Macau,1,150000,150000.0,0,150000,0,0,0,2022,11.918390573078392,677300.0,13.425869585202996,11.918390573078392,unknown,0.0
Macau,1,150000,150000.0,0,150000,0,0,0,2023,11.918390573078392,678800.0,13.428081812342208,11.918390573078392,unknown,0.0
Macau,1,150000,150000.0,0,150000,0,0,0,2024,11.918390573078392,687000.0,13.440089571204487,11.918390573078392,unknown,0.0
Madagascar,1,1200000,1200000.0,0,0,1200000,0,0,2007,13.997832114758229,20318583.0,16.82704644399104,13.997832114758229,unknown,0.0
Madagascar,1,2000000,2000000.0,0,0,2000000,0,0,2008,14.508657738524219,20923840.0,16.856399736721933,14.508657738524219,unknown,0.0
Madagascar,2,2450000,1225000.0,0,0,2450000,0,0,2009,14.71159858252091,21547280.0,16.88576014845041,14.71159858252091,unknown,0.0
Madagascar,2,3550000,1775000.0,0,0,3550000,0,0,2010,15.082458161451598,22183340.0,16.91485211466316,15.082458161451598,unknown,0.0
Madagascar,3,3200000,1066666.6666666667,0,0,3200000,0,0,2011,14.978661367769956,22822300.0,16.943248686101125,14.978661367769956,unknown,0.0
Madagascar,5,4450000,890000.0,100000,500000,3850000,0,0,2012,15.308414654142423,23462438.0,16.97091131735876,15.308414654142423,unknown,0.0
Madagascar,7,4700000,671428.5714285715,100000,900000,3700000,0,0,2013,15.363073066680286,24109290.0,16.998107801362067,15.363073066680286,unknown,0.0
Madagascar,8,5575000,696875.0,125000,1350000,4100000,0,0,2014,15.533802875310457,24764348.0,17.024915596179603,15.533802875310457,unknown,0.0
Madagascar,9,7825000,869444.4444444445,125000,2700000,5000000,0,0,2015,15.872834294390492,25426702.0,17.051310439644617,15.872834294390492,unknown,0.0
Madagascar,13,10850000,834615.3846153846,100000,6600000,4100000,50000,0,2016,16.199675637950744,26099952.0,17.07744403321077,16.199675637950744,unknown,0.0
Madagascar,14,10600000,757142.8571428572,100000,6450000,4000000,50000,0,2017,16.176364559082295,26788375.0,17.103478582719532,16.176364559082295,unknown,0.0
Madagascar,14,11950000,853571.4285714285,100000,7350000,4450000,50000,0,2018,16.296241836341792,27494926.0,17.129512036521994,16.296241836341792,unknown,0.0
Madagascar,15,15850000,1056666.6666666667,250000,11650000,3900000,50000,0,2019,16.578680058287564,28219554.0,17.155525699870005,16.578680058287564,unknown,0.0
Madagascar,18,21425000,1190277.7777777778,400000,11600000,9350000,75000,0,2020,16.88006902244812,28953556.0,17.181203586909763,16.88006902244812,unknown,0.0
Madagascar,18,25275000,1404166.6666666667,600000,9600000,15000000,75000,0,2021,17.04532632287081,29691083.0,17.206357323002933,17.04532632287081,unknown,0.0
Madagascar,20,19525000,976250.0,500000,7650000,11150000,225000,0,2022,16.787206253690023,30437261.0,17.231178106620195,16.787206253690023,unknown,0.0
Madagascar,20,17175000,858750.0,500000,7700000,8750000,225000,0,2023,16.658965396072688,31195932.0,17.255798259663514,16.658965396072688,unknown,0.0
Madagascar,20,17225000,861250.0,350000,9100000,7550000,225000,0,2024,16.661872374863997,31964956.0,17.280150735676465,16.661872374863997,unknown,0.0
Malawi,1,125000,125000.0,0,125000,0,0,0,2011,11.736069016284437,15265022.0,16.54107462535545,11.736069016284437,unknown,0.0
Malawi,1,100000,100000.0,0,100000,0,0,0,2012,11.512925464970229,15709577.0,16.56978108434416,11.512925464970229,unknown,0.0
Malawi,1,100000,100000.0,0,100000,0,0,0,2013,11.512925464970229,16161816.0,16.59816198098111,11.512925464970229,unknown,0.0
Malawi,1,100000,100000.0,0,100000,0,0,0,2014,11.512925464970229,16621538.0,16.626209882219605,11.512925464970229,unknown,0.0
Malawi,1,100000,100000.0,0,100000,0,0,0,2015,11.512925464970229,17085587.0,16.653745800564966,11.512925464970229,unknown,0.0
Malawi,1,150000,150000.0,0,150000,0,0,0,2016,11.918390573078392,17557739.0,16.681005379339013,11.918390573078392,unknown,0.0
Malawi,1,150000,150000.0,0,150000,0,0,0,2017,11.918390573078392,18039715.0,16.708086274247794,11.918390573078392,unknown,0.0
Malawi,1,150000,150000.0,0,150000,0,0,0,2018,11.918390573078392,18528081.0,16.734798031106962,11.918390573078392,unknown,0.0
Malawi,1,200000,200000.0,0,200000,0,0,0,2019,12.206072645530174,19025752.0,16.761303987869095,12.206072645530174,unknown,0.0
Malawi,1,200000,200000.0,0,200000,0,0,0,2020,12.206072645530174,19533888.0,16.78766136138041,12.206072645530174,unknown,0.0
Malawi,1,200000,200000.0,0,200000,0,0,0,2021,12.206072645530174,20047258.0,16.813602944259873,12.206072645530174,unknown,0.0
Malawi,2,250000,125000.0,0,200000,50000,0,0,2022,12.429216196844383,20568728.0,16.839282422089504,12.429216196844383,unknown,0.0
Malawi,2,275000,137500.0,0,200000,75000,0,0,2023,12.524526376648708,21104482.0,16.864995992950597,12.524526376648708,unknown,0.0
Malawi,2,375000,187500.0,0,200000,175000,0,0,2024,12.834681304952548,21655286.0,16.89076013965517,12.834681304952548,unknown,0.0
Malaysia,1,200000,200000.0,0,200000,0,0,0,2008,12.206072645530174,27570059.0,17.132240923004943,12.206072645530174,unknown,0.0
Malaysia,1,700000,700000.0,0,700000,0,0,0,2009,13.458835614025542,28124778.0,17.152161525124374,13.458835614025542,unknown,0.0
Malaysia,1,600000,600000.0,0,600000,0,0,0,2010,13.304684934198283,28655776.0,17.17086558638999,13.304684934198283,unknown,0.0
Malaysia,1,800000,800000.0,0,800000,0,0,0,2011,13.592367006650065,29162039.0,17.188378387214307,13.592367006650065,unknown,0.0
Malaysia,1,1000000,1000000.0,0,1000000,0,0,0,2012,13.815510557964274,29662831.0,17.205405338534526,13.815510557964274,unknown,0.0
Malaysia,1,900000,900000.0,0,900000,0,0,0,2013,13.710150042306449,30174265.0,17.222499966739033,13.710150042306449,unknown,0.0
Malaysia,1,900000,900000.0,0,900000,0,0,0,2014,13.710150042306449,30696137.0,17.239647374021196,13.710150042306449,unknown,0.0
Malaysia,2,625000,312500.0,0,500000,125000,0,0,2015,13.345506928718539,31232798.0,17.256979318585756,13.345506928718539,unknown,0.0
Malaysia,2,1200000,600000.0,0,400000,800000,0,0,2016,13.997832114758229,31789685.0,17.27465242406155,13.997832114758229,unknown,0.0
Malaysia,3,1450000,483333.3333333333,100000,700000,650000,0,0,2017,14.187074114396758,32355644.0,17.292299030463333,14.187074114396758,unknown,0.0
Malaysia,4,2975000,743750.0,175000,800000,2000000,0,0,2018,14.905754596961867,32910967.0,17.309316503654056,14.905754596961867,unknown,0.0
Malaysia,4,3475000,868750.0,175000,800000,2500000,0,0,2019,15.06110503698103,33440596.0,17.325281168988454,15.06110503698103,unknown,0.0
Malaysia,4,2050000,512500.0,650000,400000,1000000,0,0,2020,14.53335035111459,33889558.0,17.338617501302846,14.53335035111459,unknown,0.0
Malaysia,5,3575000,715000.0,2350000,325000,900000,0,0,2021,15.089475734110245,34282399.0,17.350142631742276,15.089475734110245,unknown,0.0
Malaysia,5,4275000,855000.0,3075000,200000,1000000,0,0,2022,15.268294660352998,34695493.0,17.362120351755113,15.268294660352998,unknown,0.0
Malaysia,5,4475000,895000.0,3550000,175000,750000,0,0,2023,15.314016909691093,35126298.0,17.374460638672065,15.314016909691093,unknown,0.0
Malaysia,5,3650000,730000.0,2775000,125000,750000,0,0,2024,15.110237725558674,35557673.0,17.38666652777361,15.110237725558674,unknown,0.0
Mali,7,16650000,2378571.4285714286,150000,13250000,3250000,0,0,2005,16.627920774390727,13538647.0,16.421058894310697,16.627920774390727,unknown,0.0
Mali,10,31300000,3130000.0,1550000,24750000,5000000,0,0,2006,17.25912865551038,13990139.0,16.45386328226064,17.25912865551038,unknown,0.0
Mali,13,48700000,3746153.846153846,2450000,40000000,6250000,0,0,2007,17.701189588052817,14457775.0,16.486742890102846,17.701189588052817,unknown,0.0
Mali,19,55650000,2928947.3684210526,5150000,43600000,6750000,150000,0,2008,17.834592635685826,14940782.0,16.519605079003263,17.834592635685826,unknown,0.0
Mali,25,70100000,2804000.0,8900000,50900000,9800000,500000,0,2009,18.065433352004817,15435539.0,16.552183135943608,18.065433352004817,unknown,0.0
Mali,32,82500000,2578125.0,11800000,57850000,12350000,500000,0,2010,18.22830885130491,15945198.0,16.584668276034993,18.22830885130491,unknown,0.0
Mali,38,78900000,2076315.7894736843,14750000,52700000,11250000,200000,0,2011,18.1836917858161,16469049.0,16.61699335913882,18.1836917858161,unknown,0.0
Mali,44,69650000,1582954.5454545454,18150000,39100000,11400000,1000000,0,2012,18.05899325819009,16957033.0,16.646193231986327,18.05899325819009,unknown,0.0
Mali,50,64675000,1293500.0,18025000,33650000,12000000,1000000,0,2013,17.984885286036366,17459615.0,16.6754010577317,17.984885286036366,unknown,0.0
Mali,52,54400000,1046153.8461538461,14650000,28400000,9550000,1800000,0,2014,17.81187471182617,18020267.0,16.70700762690484,17.81187471182617,unknown,0.0
Mali,62,54125000,872983.8709677419,15125000,27750000,9350000,1900000,0,2015,17.806806744286927,18593022.0,16.738296907002503,17.806806744286927,unknown,0.0
Mali,75,67285000,897133.3333333334,19250000,36135000,10700000,1200000,0,2016,18.02444788715778,19191289.0,16.7699670361293,18.02444788715778,unknown,0.0
Mali,85,73785000,868058.8235294118,25650000,34585000,12350000,1200000,0,2017,18.116666016879687,19813011.0,16.80184940106728,18.116666016879687,unknown,0.0
Mali,87,82275000,945689.6551724138,30875000,35350000,13650000,2400000,0,2018,18.225577852793677,20442030.0,16.833103633436856,18.225577852793677,unknown,0.0
Mali,99,198775000,2007828.2828282828,60200000,110050000,25725000,2800000,0,2019,19.10768408975182,21068405.0,16.863285082867517,19.10768408975182,unknown,0.0
Mali,119,213425000,1793487.3949579832,65775000,102025000,43325000,2300000,0,2020,19.178796040860643,21713836.0,16.893460219014454,19.178796040860643,unknown,0.0
Mali,128,222300000,1736718.75,66675000,110400000,41925000,3300000,0,2021,19.219538378934423,22388630.0,16.924063798672503,19.219538378934423,unknown,0.0
Mali,134,254350000,1898134.328358209,49025000,157575000,47150000,600000,0,2022,19.354221829233047,23072640.0,16.954158057933128,19.354221829233047,unknown,0.0
Mali,141,278825000,1977482.2695035462,53150000,177325000,47800000,550000,0,2023,19.446094902844873,23769127.0,16.98389811169516,19.446094902844873,unknown,0.0
Mali,145,270775000,1867413.7931034483,54725000,164450000,51050000,550000,0,2024,19.416798775686075,24478595.0,17.013309620170464,19.416798775686075,unknown,0.0
Malta,1,200000,200000.0,200000,0,0,0,0,2008,12.206072645530174,409379.0,12.922396656316284,12.206072645530174,unknown,0.0
Malta,1,300000,300000.0,300000,0,0,0,0,2009,12.611537753638338,412477.0,12.929935725626605,12.611537753638338,unknown,0.0
Malta,1,400000,400000.0,400000,0,0,0,0,2010,12.89921982609012,414508.0,12.93484755373312,12.89921982609012,unknown,0.0
Malta,1,300000,300000.0,300000,0,0,0,0,2011,12.611537753638338,416268.0,12.939084562585071,12.611537753638338,unknown,0.0
Malta,2,1150000,575000.0,800000,0,0,350000,0,2012,13.955272500339433,420028.0,12.948076654704094,13.955272500339433,unknown,0.0
Malta,3,1000000,333333.3333333333,800000,0,75000,125000,0,2013,13.815510557964274,424810.0,12.959397289122435,13.815510557964274,unknown,0.0
Malta,3,1075000,358333.3333333333,800000,0,75000,200000,0,2014,13.8878312195439,433481.0,12.979603244945778,13.8878312195439,unknown,0.0
Malta,3,1025000,341666.6666666667,500000,0,75000,450000,0,2015,13.840203170554645,444220.0,13.0040752141925,13.840203170554645,unknown,0.0
Malta,3,1100000,366666.6666666667,450000,0,150000,500000,0,2016,13.9108207377686,454505.0,13.02696419363927,13.9108207377686,unknown,0.0
Malta,3,1200000,400000.0,750000,0,250000,200000,0,2017,13.997832114758229,467106.0,13.054311491622858,13.997832114758229,unknown,0.0
Malta,5,2100000,420000.0,1400000,250000,250000,200000,0,2018,14.557447902693651,483903.0,13.089639752390214,14.557447902693651,unknown,0.0
Malta,7,2975000,425000.0,2100000,250000,425000,200000,0,2019,14.905754596961867,503912.0,13.130156928633994,14.905754596961867,unknown,0.0
Malta,7,5025000,717857.1428571428,3900000,600000,450000,75000,0,2020,15.429936011909414,515490.0,13.1528731836089,15.429936011909414,unknown,0.0
Malta,7,8725000,1246428.5714285714,7325000,700000,650000,50000,0,2021,15.981703026052765,518150.0,13.158020054612363,15.981703026052765,unknown,0.0
Malta,7,8025000,1146428.5714285714,6325000,1000000,650000,50000,0,2022,15.898072226980354,531113.0,13.182730083610451,15.898072226980354,unknown,0.0
Malta,7,7800000,1114285.7142857143,2825000,4000000,925000,50000,0,2023,15.86963429165982,552747.0,13.222655671296552,15.86963429165982,unknown,0.0
Malta,7,9950000,1421428.5714285714,1825000,7000000,1075000,50000,0,2024,16.113083109134777,568847.0,13.251366784155943,16.113083109134777,unknown,0.0
Mauritania,1,1000000,1000000.0,0,1000000,0,0,0,2009,13.815510557964274,3284448.0,15.004709159251448,13.815510557964274,unknown,0.0
Mauritania,1,900000,900000.0,0,900000,0,0,0,2010,13.710150042306449,3390965.0,15.036625099615406,13.710150042306449,unknown,0.0
Mauritania,1,900000,900000.0,0,900000,0,0,0,2011,13.710150042306449,3502811.0,15.069076346970142,13.710150042306449,unknown,0.0
Mauritania,2,1150000,575000.0,0,1150000,0,0,0,2012,13.955272500339433,3619034.0,15.101717697362206,13.955272500339433,unknown,0.0
Mauritania,4,1700000,425000.0,400000,1300000,0,0,0,2013,14.346138809026444,3734318.0,15.133075762821298,14.346138809026444,unknown,0.0
Mauritania,4,1900000,475000.0,700000,1200000,0,0,0,2014,14.457364444136669,3848514.0,15.163197657730846,14.457364444136669,unknown,0.0
Mauritania,7,3650000,521428.5714285714,1650000,1750000,250000,0,0,2015,15.110237725558674,3965959.0,15.19325825013653,15.110237725558674,unknown,0.0
Mauritania,8,4050000,506250.0,1800000,1800000,400000,50000,0,2016,15.214227439082721,4086657.0,15.223237834385445,15.214227439082721,unknown,0.0
Mauritania,12,4900000,408333.3333333333,1550000,2600000,600000,150000,0,2017,15.404745763080856,4210600.0,15.253115713318593,15.404745763080856,unknown,0.0
Mauritania,14,10500000,750000.0,5550000,3550000,1200000,200000,0,2018,16.166885815127753,4337685.0,15.28285135362454,16.166885815127753,unknown,0.0
Mauritania,14,10300000,735714.2857142857,5900000,2700000,1400000,300000,0,2019,16.147654453199863,4467708.0,15.312386083409804,16.147654453199863,unknown,0.0
Mauritania,17,12175000,716176.4705882353,6475000,2800000,2600000,300000,0,2020,16.31489522693293,4600131.0,15.341595339314695,16.31489522693293,unknown,0.0
Mauritania,17,10400000,611764.7058823529,5500000,2250000,2350000,300000,0,2021,16.1573163641116,4734874.0,15.370465673899785,16.1573163641116,unknown,0.0
Mauritania,19,15100000,794736.8421052631,9950000,2300000,2550000,300000,0,2022,16.530205301785152,4875637.0,15.399761320544606,16.530205301785152,unknown,0.0
Mauritania,20,11700000,585000.0,7700000,2200000,1400000,400000,0,2023,16.275099399767985,5022441.0,15.429426628464348,16.275099399767985,unknown,0.0
Mauritania,20,14175000,708750.0,10450000,1775000,1450000,500000,0,2024,16.46699040757809,5169395.0,15.458266218360492,16.46699040757809,unknown,0.0
Mauritius,1,350000,350000.0,0,0,350000,0,0,2011,12.765688433465597,1252404.0,14.040575462297062,12.765688433465597,unknown,0.0
Mauritius,1,750000,750000.0,0,0,750000,0,0,2012,13.527828485512494,1255882.0,14.043348672552208,13.527828485512494,unknown,0.0
Mauritius,1,1000000,1000000.0,0,0,1000000,0,0,2013,13.815510557964274,1258927.0,14.045770328819618,13.815510557964274,unknown,0.0
Mauritius,1,2500000,2500000.0,0,0,2500000,0,0,2014,14.73180128983843,1261208.0,14.047580549798164,14.73180128983843,unknown,0.0
Mauritius,1,3000000,3000000.0,0,0,3000000,0,0,2015,14.914122846632385,1262879.0,14.048904593101044,14.914122846632385,unknown,0.0
Mauritius,1,3500000,3500000.0,0,0,3500000,0,0,2016,15.068273526459642,1263747.0,14.04959167542676,15.068273526459642,unknown,0.0
Mauritius,1,2000000,2000000.0,0,0,2000000,0,0,2017,14.508657738524219,1264887.0,14.050493348090528,14.508657738524219,unknown,0.0
Mauritius,1,1500000,1500000.0,0,0,1500000,0,0,2018,14.22097566607244,1265577.0,14.051038702631908,14.22097566607244,unknown,0.0
Mauritius,1,800000,800000.0,0,0,800000,0,0,2019,13.592367006650065,1265985.0,14.051361033274834,13.592367006650065,unknown,0.0
Mauritius,1,700000,700000.0,0,0,700000,0,0,2020,13.458835614025542,1266014.0,14.051383940076931,13.458835614025542,unknown,0.0
Mauritius,1,700000,700000.0,0,0,700000,0,0,2021,13.458835614025542,1266334.0,14.051636669955844,13.458835614025542,unknown,0.0
Mauritius,1,300000,300000.0,0,0,300000,0,0,2022,12.611537753638338,1262523.0,14.048622657787492,12.611537753638338,unknown,0.0
Mauritius,1,500000,500000.0,0,0,500000,0,0,2023,13.122363377404328,1248647.0,14.03757112306055,13.122363377404328,unknown,0.0
Mauritius,1,200000,200000.0,0,0,200000,0,0,2024,12.206072645530174,1245779.0,14.035271595021802,12.206072645530174,unknown,0.0
Mexico,2,14500000,7250000.0,2500000,0,12000000,0,0,2005,16.489659207390805,105811504.0,18.477169804936775,16.489659207390805,unknown,0.0
Mexico,4,15500000,3875000.0,3200000,0,12000000,300000,0,2006,16.556350581889475,107253666.0,18.4907072970064,16.556350581889475,unknown,0.0
Mexico,7,24400000,3485714.285714286,6800000,600000,16700000,300000,0,2007,17.01009369026343,108774360.0,18.504786202848813,17.01009369026343,unknown,0.0
Mexico,8,44700000,5587500.0,18500000,7000000,15700000,3500000,0,2008,17.615484059583796,110374288.0,18.519387766131466,17.615484059583796,unknown,0.0
Mexico,11,49575000,4506818.181818182,18450000,9000000,17125000,5000000,0,2009,17.718997232370135,111999721.0,18.534006938184838,17.718997232370135,unknown,0.0
Mexico,14,59550000,4253571.428571428,17250000,15150000,19150000,8000000,0,2010,17.902326853765583,113623895.0,18.548404385442133,17.902326853765583,unknown,0.0
Mexico,19,64250000,3381578.947368421,23900000,13500000,18850000,8000000,0,2011,17.978292281739602,115243504.0,18.562557873827334,17.978292281739602,unknown,0.0
Mexico,23,69600000,3026086.9565217393,35650000,13100000,14850000,6000000,0,2012,18.058275125304647,116818208.0,18.57612950661971,18.058275125304647,unknown,0.0
Mexico,25,89250000,3570000.0,40550000,22100000,20100000,6500000,0,2013,18.306951978624024,118343573.0,18.589102587422236,18.306951978624024,unknown,0.0
Mexico,27,119450000,4424074.074074074,61800000,28650000,23000000,6000000,0,2014,18.598408431736093,119784261.0,18.60120285771938,18.598408431736093,unknown,0.0
Mexico,34,128500000,3779411.7647058824,65050000,30900000,24550000,8000000,0,2015,18.67143946229955,121072306.0,18.611898495334945,18.67143946229955,unknown,0.0
Mexico,39,144850000,3714102.564102564,66400000,46150000,26800000,5500000,0,2016,18.791209282179633,122251351.0,18.621589737382937,18.791209282179633,unknown,0.0
Mexico,41,178800000,4360975.609756097,84100000,53850000,36600000,4250000,0,2017,19.001778420703687,123400057.0,18.630942131347936,19.001778420703687,unknown,0.0
Mexico,45,176350000,3918888.888888889,82800000,52950000,36600000,4000000,0,2018,18.987981214646336,124573711.0,18.640408154897795,18.987981214646336,unknown,0.0
Mexico,47,218850000,4656382.978723404,106550000,63050000,44750000,4500000,0,2019,19.203897121601177,125762982.0,18.64990959819611,19.203897121601177,unknown,0.0
Mexico,52,289850000,5574038.461538462,165200000,69450000,49700000,5500000,0,2020,19.484874105750016,126799054.0,18.658114139371747,19.484874105750016,unknown,0.0
Mexico,54,267600000,4955555.555555556,167900000,49450000,46450000,3800000,0,2021,19.40500388621835,127648148.0,18.664788193125055,19.40500388621835,unknown,0.0
Mexico,54,235700000,4364814.814814814,130200000,51650000,50050000,3800000,0,2022,19.27807036790636,128613117.0,18.672319363011095,19.27807036790636,unknown,0.0
Mexico,59,209725000,3554661.0169491526,87100000,71475000,48800000,2350000,0,2023,19.161307706696633,129739759.0,18.681041148186182,19.161307706696633,unknown,0.0
Mexico,59,234875000,3980932.2033898304,111050000,72475000,48900000,2450000,0,2024,19.274564015697905,130861007.0,18.689646302623085,19.274564015697905,unknown,0.0
Moldova,1,50000,50000.0,0,0,0,50000,0,2007,10.819778284410283,2874299.0,14.871319376396219,10.819778284410283,unknown,0.0
Moldova,4,2800000,700000.0,0,1000000,1750000,50000,0,2008,14.845129975145433,2868833.0,14.86941588483433,14.845129975145433,unknown,0.0
Moldova,5,3475000,695000.0,0,800000,2600000,75000,0,2009,15.06110503698103,2865213.0,14.868153250917223,15.06110503698103,unknown,0.0
Moldova,11,7475000,679545.4545454546,100000,1200000,5600000,575000,0,2010,15.827074677241024,2862354.0,14.867154921177052,15.827074677241024,unknown,0.0
Moldova,11,8850000,804545.4545454546,100000,1700000,6550000,500000,0,2011,15.995928016984113,2860699.0,14.866576558528259,15.995928016984113,unknown,0.0
Moldova,11,9225000,838636.3636363636,700000,2050000,6050000,425000,0,2012,16.037427747890867,2860324.0,14.866445463092868,16.037427747890867,unknown,0.0
Moldova,13,8525000,655769.2307692308,850000,2175000,5050000,450000,0,2013,15.958513581133854,2859558.0,14.86617762539811,15.958513581133854,unknown,0.0
Moldova,13,9675000,744230.7692307692,800000,2850000,5700000,325000,0,2014,16.08505579688012,2857815.0,14.86556790479601,16.08505579688012,unknown,0.0
Moldova,16,9900000,618750.0,700000,4500000,4100000,600000,0,2015,16.108045315104818,2835978.0,14.857897409199271,16.108045315104818,unknown,0.0
Moldova,21,12325000,586904.7619047619,600000,4500000,6450000,775000,0,2016,16.32714027789303,2803186.0,14.846267185419501,16.32714027789303,unknown,0.0
Moldova,23,13150000,571739.1304347826,725000,5475000,6100000,850000,0,2017,16.391932316588047,2755189.0,14.82899660075694,16.391932316588047,unknown,0.0
Moldova,27,14025000,519444.44444444444,1975000,6000000,5050000,1000000,0,2018,16.456352009373035,2707203.0,14.811426556549456,16.456352009373035,unknown,0.0
Moldova,29,14525000,500862.0689655172,2150000,6675000,4175000,1525000,0,2019,16.491381860702248,2664224.0,14.795423391191633,16.491381860702248,unknown,0.0
Moldova,30,17100000,570000.0,1875000,8250000,4300000,2675000,0,2020,16.654589021472887,2635130.0,14.784443074604004,16.654589021472887,unknown,0.0
Moldova,31,14125000,455645.1612903226,2325000,5100000,4475000,2225000,0,2021,16.46345683499678,2595809.0,14.76940877936901,16.46345683499678,unknown,0.0
Moldova,35,13375000,382142.85714285716,1900000,4650000,5050000,1775000,0,2022,16.408897850746346,2528654.0,14.743197703322801,16.408897850746346,unknown,0.0
Moldova,36,13100000,363888.8888888889,2475000,3525000,5975000,1125000,0,2023,16.38812278817138,2457783.0,14.714770282053891,16.38812278817138,unknown,0.0
Moldova,37,15135000,409054.0540540541,3325000,3625000,7175000,1010000,0,2024,16.532520500437958,2402306.0,14.691939667346627,16.532520500437958,unknown,0.0
Monaco,1,50000,50000.0,0,50000,0,0,0,2017,10.819778284410283,37678.0,10.53683164872532,10.819778284410283,unknown,0.0
Monaco,1,50000,50000.0,0,50000,0,0,0,2018,10.819778284410283,38154.0,10.549385880495462,10.819778284410283,unknown,0.0
Monaco,1,50000,50000.0,0,50000,0,0,0,2019,10.819778284410283,38109.0,10.54820575369157,10.819778284410283,unknown,0.0
Monaco,1,50000,50000.0,0,50000,0,0,0,2020,10.819778284410283,38050.0,10.546656363289832,10.819778284410283,unknown,0.0
Monaco,1,50000,50000.0,0,50000,0,0,0,2021,10.819778284410283,38527.0,10.55911457318215,10.819778284410283,unknown,0.0
Monaco,1,50000,50000.0,0,50000,0,0,0,2022,10.819778284410283,38931.0,10.56954612740534,10.819778284410283,unknown,0.0
Monaco,1,50000,50000.0,0,50000,0,0,0,2023,10.819778284410283,38956.0,10.57018808308109,10.819778284410283,unknown,0.0
Monaco,1,50000,50000.0,0,50000,0,0,0,2024,10.819778284410283,38631.0,10.561810341941893,10.819778284410283,unknown,0.0
Montenegro,6,8500000,1416666.6666666667,8200000,250000,50000,0,0,2005,15.955576721460545,614261.0,13.328175198240986,15.955576721460545,unknown,0.0
Montenegro,8,18975000,2371875.0,18350000,500000,125000,0,0,2006,16.75863288124597,615025.0,13.329418196368954,16.75863288124597,unknown,0.0
Montenegro,8,24075000,3009375.0,18750000,1750000,3575000,0,0,2007,16.996684515648464,615875.0,13.330799299846264,16.996684515648464,unknown,0.0
Montenegro,14,32525000,2323214.285714286,20800000,3750000,7825000,150000,0,2008,17.297519582362842,616969.0,13.332574058513465,17.297519582362842,unknown,0.0
Montenegro,21,50625000,2410714.285714286,30350000,8900000,10175000,1200000,0,2009,17.73995608339098,618294.0,13.334719351472405,17.73995608339098,unknown,0.0
Montenegro,26,55175000,2122115.3846153845,38950000,7100000,7675000,1450000,0,2010,17.826020510107075,619428.0,13.336551750536655,17.826020510107075,unknown,0.0
Montenegro,28,70900000,2532142.8571428573,52400000,6375000,11025000,1100000,0,2011,18.076780991502357,620345.0,13.338031053872388,18.076780991502357,unknown,0.0
Montenegro,32,72950000,2279687.5,47650000,5625000,18575000,1100000,0,2012,18.10528483293307,621418.0,13.339759242370604,18.10528483293307,unknown,0.0
Montenegro,37,88800000,2400000.0,55350000,8950000,22500000,2000000,0,2013,18.301897207962398,622587.0,13.34163865659176,18.301897207962398,unknown,0.0
Montenegro,44,91775000,2085795.4545454546,56200000,8150000,26125000,1300000,0,2014,18.334850487347172,623744.0,13.343495306763124,18.334850487347172,unknown,0.0
Montenegro,48,77900000,1622916.6666666667,41400000,7675000,27725000,1100000,0,2015,18.170936510840978,624651.0,13.344948372755196,18.170936510840978,unknown,0.0
Montenegro,57,66400000,1164912.2807017544,30550000,8725000,26125000,1000000,0,2016,18.01120761444666,625353.0,13.34607156927905,18.01120761444666,unknown,0.0
Montenegro,60,72900000,1215000.0,26200000,8525000,37300000,875000,0,2017,18.104599196978885,625982.0,13.34707689567522,18.104599196978885,unknown,0.0
Montenegro,62,85100000,1372580.6451612904,27075000,7950000,48925000,1150000,0,2018,18.259337593543602,626438.0,13.347805085931126,18.259337593543602,unknown,0.0
Montenegro,67,104475000,1559328.3582089553,32325000,9100000,60900000,2150000,0,2019,18.464458366298253,626753.0,13.34830780260661,18.464458366298253,unknown,0.0
Montenegro,70,90300000,1290000.0,27925000,11150000,49225000,2000000,0,2020,18.318648018387215,626590.0,13.34804769822829,18.318648018387215,unknown,0.0
Montenegro,71,74025000,1042605.6338028169,25850000,10450000,36000000,1725000,0,2021,18.11991343195193,625053.0,13.345591725123223,18.11991343195193,unknown,0.0
Montenegro,72,77800000,1080555.5555555555,26625000,8775000,38925000,3475000,0,2022,18.16965198914862,623591.0,13.343249983733196,18.16965198914862,unknown,0.0
Montenegro,74,64300000,868918.9189189189,25550000,6925000,27550000,4275000,0,2023,17.97907018920785,623529.0,13.343150554648503,17.97907018920785,unknown,0.0
Montenegro,74,60675000,819932.4324324324,28900000,6375000,20800000,4600000,0,2024,17.92104230957694,623525.0,13.34314413952935,17.92104230957694,unknown,0.0
Morocco,16,13825000,864062.5,6600000,4975000,1600000,500000,150000,2005,16.441989105372674,30358144.0,17.228575375553174,16.441989105372674,unknown,0.0
Morocco,21,19025000,905952.380952381,8850000,7475000,2050000,500000,150000,2006,16.761264461712024,30771178.0,17.24208903060831,16.761264461712024,unknown,0.0
Morocco,27,28650000,1061111.111111111,8150000,14275000,5600000,525000,100000,2007,17.170664001125022,31186468.0,17.25549484074816,17.170664001125022,unknown,0.0
Morocco,32,43775000,1367968.75,13650000,18875000,10100000,1000000,150000,2008,17.59457343613619,31606767.0,17.26888180120087,17.59457343613619,unknown,0.0
Morocco,38,59575000,1567763.1578947369,20300000,24600000,12575000,1100000,1000000,2009,17.90274658094908,32030778.0,17.28220781101873,17.90274658094908,unknown,0.0
Morocco,45,87925000,1953888.888888889,41950000,29150000,13525000,900000,2400000,2010,18.29199473632432,32467016.0,17.29573523964036,18.29199473632432,unknown,0.0
Morocco,53,101625000,1917452.8301886793,50950000,31100000,15425000,950000,3200000,2011,18.43680012583225,32912588.0,17.3093657565393,18.43680012583225,unknown,0.0
Morocco,64,117450000,1835156.25,51300000,38900000,23000000,1050000,3200000,2012,18.581523269069194,33355241.0,17.322725469403203,18.581523269069194,unknown,0.0
Morocco,79,144975000,1835126.582278481,47775000,63000000,30300000,1900000,2000000,2013,18.79207187172678,33787571.0,17.335603570933483,18.79207187172678,unknown,0.0
Morocco,89,156575000,1759269.6629213484,44275000,73300000,35050000,1950000,2000000,2014,18.86904568637575,34204780.0,17.347875958348336,18.86904568637575,unknown,0.0
Morocco,107,182375000,1704439.2523364485,48925000,81425000,48325000,1700000,2000000,2015,19.021575564807225,34607588.0,17.35958352234221,19.021575564807225,unknown,0.0
Morocco,130,173850000,1337307.6923076923,52875000,69875000,48150000,1950000,1000000,2016,18.973703416418143,35023457.0,17.371528594969963,18.973703416418143,unknown,0.0
Morocco,148,193300000,1306081.0810810812,62775000,80700000,46925000,1900000,1000000,2017,19.07975394417856,35446392.0,17.38353202861185,19.07975394417856,unknown,0.0
Morocco,159,224200000,1410062.893081761,79250000,83075000,58325000,2800000,750000,2018,19.228049068602335,35839760.0,17.39456844962001,19.228049068602335,unknown,0.0
Morocco,174,352625000,2026580.4597701149,125825000,94000000,120850000,11200000,750000,2019,19.680915727286436,36210898.0,17.40487068121338,19.680915727286436,unknown,0.0
Morocco,189,462200000,2445502.6455026455,178975000,128800000,147575000,6400000,450000,2020,19.951508255804555,36584208.0,17.41512722984946,19.951508255804555,unknown,0.0
Morocco,207,443450000,2142270.531400966,155175000,133300000,138175000,16450000,350000,2021,19.910095613786737,36954442.0,17.425196414641857,19.910095613786737,unknown,0.0
Morocco,226,482350000,2134292.03539823,201875000,108525000,154025000,17575000,350000,2022,19.994180549580836,37329064.0,17.435282776909126,19.994180549580836,unknown,0.0
Morocco,251,510525000,2033964.143426295,174100000,137475000,181475000,17125000,350000,2023,20.0509501659664,37712505.0,17.44550229503148,20.0509501659664,unknown,0.0
Morocco,267,630305000,2360692.8838951313,232450000,173260000,211375000,12870000,350000,2024,20.26171438718232,38081173.0,17.455230570984448,20.26171438718232,unknown,0.0
Mozambique,1,1000000,1000000.0,0,0,1000000,0,0,2005,13.815510557964274,20304569.0,16.826356492578313,13.815510557964274,unknown,0.0
Mozambique,1,1500000,1500000.0,0,0,1500000,0,0,2006,14.22097566607244,20787087.0,16.849842534576997,14.22097566607244,unknown,0.0
Mozambique,1,1500000,1500000.0,0,0,1500000,0,0,2007,14.22097566607244,21287635.0,16.873636945682826,14.22097566607244,unknown,0.0
Mozambique,2,1400000,700000.0,0,0,1400000,0,0,2008,14.151982794585487,21819036.0,16.898293357741554,14.151982794585487,unknown,0.0
Mozambique,2,3150000,1575000.0,0,0,3150000,0,0,2009,14.962913010801817,22391745.0,16.92420292211687,14.962913010801817,unknown,0.0
Mozambique,2,4800000,2400000.0,0,0,4800000,0,0,2010,15.38412647587812,22999235.0,16.950971512470705,15.38412647587812,unknown,0.0
Mozambique,3,5300000,1766666.6666666667,0,0,5300000,0,0,2011,15.483217378522351,23649039.0,16.97883303782715,15.483217378522351,unknown,0.0
Mozambique,3,4600000,1533333.3333333333,0,0,4600000,0,0,2012,15.341566861459324,24337846.0,17.007543145305245,15.341566861459324,unknown,0.0
Mozambique,4,4400000,1100000.0,0,0,4400000,0,0,2013,15.29711509888849,25051611.0,17.036448694804506,15.29711509888849,unknown,0.0
Mozambique,5,3725000,745000.0,50000,0,3675000,0,0,2014,15.130577409795796,25788475.0,17.065438244662896,15.130577409795796,unknown,0.0
Mozambique,7,7950000,1135714.2857142857,650000,0,7300000,0,0,2015,15.888682486630515,26547572.0,17.094448851376246,15.888682486630515,unknown,0.0
Mozambique,11,12150000,1104545.4545454546,850000,50000,11150000,100000,0,2016,16.31283972775083,27337105.0,17.123755494845852,16.31283972775083,unknown,0.0
Mozambique,13,10450000,803846.1538461539,1150000,300000,8900000,100000,0,2017,16.162112536375094,28166393.0,17.15364008763576,16.162112536375094,unknown,0.0
Mozambique,14,9850000,703571.4285714285,1350000,400000,8050000,50000,0,2018,16.10298201314827,29018644.0,17.183449077933016,16.10298201314827,unknown,0.0
Mozambique,14,10025000,716071.4285714285,1425000,575000,7975000,50000,0,2019,16.120592531156905,29884380.0,17.212846493831545,16.120592531156905,unknown,0.0
Mozambique,15,11700000,780000.0,1400000,300000,9950000,50000,0,2020,16.275099399767985,30783688.0,17.242495497261075,16.275099399767985,unknown,0.0
Mozambique,15,9350000,623333.3333333334,1375000,350000,7575000,50000,0,2021,16.05088690126487,31707800.0,17.272073265362838,16.05088690126487,unknown,0.0
Mozambique,16,14325000,895312.5,975000,500000,12800000,50000,0,2022,16.47751682056508,32656246.0,17.301546697075413,16.47751682056508,unknown,0.0
Mozambique,17,29575000,1739705.8823529412,1500000,500000,27525000,50000,0,2023,17.202439967828724,33635160.0,17.331082506380135,17.202439967828724,unknown,0.0
Mozambique,17,24475000,1439705.8823529412,4800000,500000,19125000,50000,0,2024,17.01316274638085,34631766.0,17.36028191132437,17.01316274638085,unknown,0.0
Netherlands,92,133150000,1447282.608695652,47025000,53175000,26150000,6800000,0,2005,18.706986870224217,16319868.0,16.60789381923223,18.706986870224217,unknown,0.0
Netherlands,114,189470000,1662017.5438596492,66150000,68070000,47000000,8250000,0,2006,19.059741258608543,16346101.0,16.609499955920807,19.059741258608543,unknown,0.0
Netherlands,134,235450001,1757089.5597014925,83175001,89800000,54225000,8250000,0,2007,19.277009138901025,16381696.0,16.61167517193275,19.277009138901025,unknown,0.0
Netherlands,169,345925000,2046893.4911242602,132975000,134500000,67125000,11325000,0,2008,19.661732546519723,16445593.0,16.615568096547744,19.661732546519723,unknown,0.0
Netherlands,238,420750000,1767857.142857143,140775000,174500000,88225000,17100000,150000,2009,19.85754939103519,16530388.0,16.620710941996023,19.85754939103519,unknown,0.0
Netherlands,286,460300000,1609440.5594405595,159850000,175625000,103550000,21075000,200000,2010,19.94738900878747,16615394.0,16.625840173001556,19.94738900878747,unknown,0.0
Netherlands,331,516600000,1560725.0755287008,172625000,201150000,121150000,21325000,350000,2011,20.062779438626013,16693074.0,16.630504460823566,20.062779438626013,unknown,0.0
Netherlands,402,561350000,1396393.0348258705,184700000,220900000,125575000,29675000,500000,2012,20.145855154869064,16754962.0,16.634205011171268,20.145855154869064,unknown,0.0
Netherlands,473,617750000,1306025.3699788584,216800000,208300000,148450000,43575000,625000,2013,20.241594402832995,16804432.0,16.637153219105684,20.241594402832995,unknown,0.0
Netherlands,584,635450000,1088099.3150684931,210500000,210125000,161225000,52825000,775000,2014,20.269843967292353,16865008.0,16.64075150083295,20.269843967292353,unknown,0.0
Netherlands,666,681375000,1023085.5855855856,213325000,221250000,186325000,59700000,775000,2015,20.33962337334872,16939923.0,16.645183701723305,20.33962337334872,unknown,0.0
Netherlands,735,748975000,1019013.6054421769,221075000,230375000,234675000,62100000,750000,2016,20.434216163087324,17030314.0,16.650505490519393,20.434216163087324,unknown,0.0
Netherlands,809,798875000,987484.5488257108,214875000,246075000,268350000,68675000,900000,2017,20.49871504593472,17131296.0,16.656417524181034,20.49871504593472,unknown,0.0
Netherlands,877,895500000,1021094.6408209807,210900000,277175000,345975000,60625000,825000,2018,20.612892779465042,17231624.0,16.66225685827024,20.612892779465042,unknown,0.0
Netherlands,922,1307385000,1417988.0694143167,306625000,412685000,515650000,71375000,1050000,2019,20.991294795924265,17344874.0,16.66880757401829,20.991294795924265,unknown,0.0
Netherlands,1013,1613800000,1593089.8321816388,398425000,525625000,611150000,77200000,1400000,2020,21.20185748337868,17441500.0,16.674362981920844,21.20185748337868,unknown,0.0
Netherlands,1091,1473925000,1350985.3345554536,365425000,458425000,582400000,66250000,1425000,2021,21.11119474746516,17533044.0,16.67959788700253,21.11119474746516,unknown,0.0
Netherlands,1155,1487870000,1288199.1341991343,383135000,444500000,592310000,66825000,1100000,2022,21.12061140394932,17700982.0,16.689130676231077,21.12061140394932,unknown,0.0
Netherlands,1244,1561450000,1255184.887459807,378555000,451200000,659195000,71400000,1100000,2023,21.168880713681624,17877117.0,16.699032073098078,21.168880713681624,unknown,0.0
Netherlands,1277,1965025000,1538782.3022709475,405445000,610720000,853610000,94150000,1100000,2024,21.398770804833013,17993485.0,16.705520305898293,21.398770804833013,unknown,0.0
New Caledonia,1,400000,400000.0,0,0,400000,0,0,2011,12.89921982609012,266543.0,12.493290860416666,12.89921982609012,unknown,0.0
New Caledonia,1,1000000,1000000.0,0,0,1000000,0,0,2012,13.815510557964274,271633.0,12.512207169495014,13.815510557964274,unknown,0.0
New Caledonia,2,2150000,1075000.0,0,150000,2000000,0,0,2013,14.580978400103845,276822.0,12.531129979336088,14.580978400103845,unknown,0.0
New Caledonia,2,2650000,1325000.0,0,150000,2500000,0,0,2014,14.790070197962406,281224.0,12.546906783783072,14.790070197962406,unknown,0.0
New Caledonia,2,3150000,1575000.0,0,150000,3000000,0,0,2015,14.962913010801817,283168.0,12.553795640067078,14.962913010801817,unknown,0.0
New Caledonia,3,3550000,1183333.3333333333,0,550000,3000000,0,0,2016,15.082458161451598,283423.0,12.55469576032037,15.082458161451598,unknown,0.0
New Caledonia,3,3200000,1066666.6666666667,0,1200000,2000000,0,0,2017,14.978661367769956,283546.0,12.555129646483211,14.978661367769956,unknown,0.0
New Caledonia,3,3550000,1183333.3333333333,0,1550000,2000000,0,0,2018,15.082458161451598,283541.0,12.55511201250465,15.082458161451598,unknown,0.0
New Caledonia,3,6300000,2100000.0,0,4300000,2000000,0,0,2019,15.65606019136176,283606.0,12.555341229974847,15.65606019136176,unknown,0.0
New Caledonia,3,7100000,2366666.6666666665,0,5300000,1800000,0,0,2020,15.775605342011543,284176.0,12.557349043507108,15.775605342011543,unknown,0.0
New Caledonia,3,8500000,2833333.3333333335,0,7300000,1200000,0,0,2021,15.955576721460545,285214.0,12.56099505467653,15.955576721460545,unknown,0.0
New Caledonia,3,12700000,4233333.333333333,0,12200000,500000,0,0,2022,16.35711255142882,287123.0,12.567665974359825,16.35711255142882,unknown,0.0
New Caledonia,3,9700000,3233333.3333333335,0,9200000,500000,0,0,2023,16.08763644347361,289870.0,12.577187825594926,16.08763644347361,unknown,0.0
New Caledonia,3,8650000,2883333.3333333335,0,8150000,500000,0,0,2024,15.973069878908062,292639.0,12.586695046451004,15.973069878908062,unknown,0.0
New Zealand,2,1600000,800000.0,0,0,1600000,0,0,2006,14.28551418721001,4184600.0,15.246921677887288,14.28551418721001,unknown,0.0
New Zealand,3,2325000,775000.0,0,0,2325000,0,0,2007,14.659230597003594,4223800.0,15.25624575476241,14.659230597003594,unknown,0.0
New Zealand,4,2900000,725000.0,425000,0,2475000,0,0,2008,14.880221294956703,4259800.0,15.264732768786637,14.880221294956703,unknown,0.0
New Zealand,4,5200000,1300000.0,550000,0,4650000,0,0,2009,15.464169183551656,4302600.0,15.274730049098721,15.464169183551656,unknown,0.0
New Zealand,7,7125000,1017857.1428571428,2325000,0,4800000,0,0,2010,15.779120284118989,4350700.0,15.285847309658937,15.779120284118989,unknown,0.0
New Zealand,8,8000000,1000000.0,2700000,0,5250000,50000,0,2011,15.89495209964411,4384000.0,15.293472107609988,15.89495209964411,unknown,0.0
New Zealand,9,6475000,719444.4444444445,1900000,75000,4450000,50000,0,2012,15.683459165549875,4408100.0,15.298954315582971,15.683459165549875,unknown,0.0
New Zealand,10,7325000,732500.0,2100000,150000,4750000,325000,0,2013,15.806803712867405,4442100.0,15.306637795564919,15.806803712867405,unknown,0.0
New Zealand,10,12000000,1200000.0,3700000,150000,7750000,400000,0,2014,16.300417207752275,4516500.0,15.323247915572034,16.300417207752275,unknown,0.0
New Zealand,11,11650000,1059090.9090909092,2950000,750000,7450000,500000,0,2015,16.270816737975984,4609400.0,15.343608254658527,16.270816737975984,unknown,0.0
New Zealand,13,17400000,1338461.5384615385,4350000,1675000,10825000,550000,0,2016,16.671980764184756,4714100.0,15.366068575660085,16.671980764184756,unknown,0.0
New Zealand,15,18300000,1220000.0,4200000,1875000,11725000,500000,0,2017,16.722411617811648,4813600.0,15.386955802888279,16.722411617811648,unknown,0.0
New Zealand,18,27800000,1544444.4444444445,13950000,1600000,11800000,450000,0,2018,17.140546578660864,4900600.0,15.404868204564183,17.140546578660864,unknown,0.0
New Zealand,22,34050000,1547727.2727272727,20150000,3975000,9275000,650000,0,2019,17.343340590559794,4970300.0,15.418990758424128,17.343340590559794,unknown,0.0
New Zealand,24,33775000,1407291.6666666667,19950000,4550000,8525000,750000,0,2020,17.335231441810535,5072400.0,15.439324636342882,17.335231441810535,unknown,0.0
New Zealand,26,24250000,932692.3076923077,13700000,4700000,4900000,950000,0,2021,17.003927175347766,5084600.0,15.441726921637192,17.003927175347766,unknown,0.0
New Zealand,27,19400000,718518.5185185185,8200000,5250000,5000000,950000,0,2022,16.780783624033557,5081700.0,15.441156409242582,16.780783624033557,unknown,0.0
New Zealand,27,25725000,952777.7777777778,12500000,4900000,7425000,900000,0,2023,17.06297383968439,5200000.0,15.464169183551656,17.06297383968439,unknown,0.0
New Zealand,29,22750000,784482.7586206896,9075000,5200000,7825000,650000,0,2024,16.940075703361234,5287500.0,15.48085610233667,16.940075703361234,unknown,0.0
Nicaragua,1,250000,250000.0,250000,0,0,0,0,2017,12.429216196844383,6316231.0,15.658633227469739,12.429216196844383,unknown,0.0
Nicaragua,1,250000,250000.0,250000,0,0,0,0,2018,12.429216196844383,6400080.0,15.671821048251775,12.429216196844383,unknown,0.0
Nicaragua,1,250000,250000.0,250000,0,0,0,0,2019,12.429216196844383,6483657.0,15.684795260993692,12.429216196844383,unknown,0.0
Nicaragua,1,100000,100000.0,100000,0,0,0,0,2020,11.512925464970229,6565267.0,15.697303735112891,11.512925464970229,unknown,0.0
Nicaragua,1,100000,100000.0,100000,0,0,0,0,2021,11.512925464970229,6644741.0,15.709336272695682,11.512925464970229,unknown,0.0
Nicaragua,1,75000,75000.0,75000,0,0,0,0,2022,11.225243392518447,6730654.0,15.722182873719758,11.225243392518447,unknown,0.0
Nicaragua,1,75000,75000.0,75000,0,0,0,0,2023,11.225243392518447,6823613.0,15.735899654939391,11.225243392518447,unknown,0.0
Nicaragua,1,150000,150000.0,150000,0,0,0,0,2024,11.918390573078392,6916140.0,15.749368368495412,11.918390573078392,unknown,0.0
Niger,1,1500000,1500000.0,1500000,0,0,0,0,2009,14.22097566607244,15943675.0,16.58457275682356,14.22097566607244,unknown,0.0
Niger,1,2200000,2200000.0,2200000,0,0,0,0,2010,14.603967918328545,16548835.0,16.621826264560415,14.603967918328545,unknown,0.0
Niger,1,2800000,2800000.0,2800000,0,0,0,0,2011,14.845129975145433,17176283.0,16.659040094883824,14.845129975145433,unknown,0.0
Niger,2,2500000,1250000.0,2000000,0,500000,0,0,2012,14.73180128983843,17836769.0,16.696772558848295,14.73180128983843,unknown,0.0
Niger,3,1400000,466666.6666666667,1150000,0,250000,0,0,2013,14.151982794585487,18519898.0,16.734356279607745,14.151982794585487,unknown,0.0
Niger,3,2400000,800000.0,2150000,0,250000,0,0,2014,14.690979295318174,19215909.0,16.771249087653718,14.690979295318174,unknown,0.0
Niger,4,2500000,625000.0,2250000,0,250000,0,0,2015,14.73180128983843,19939498.0,16.808213146654477,14.73180128983843,unknown,0.0
Niger,4,2900000,725000.0,2700000,0,200000,0,0,2016,14.880221294956703,20685753.0,16.844955760405785,14.880221294956703,unknown,0.0
Niger,4,1450000,362500.0,1300000,0,150000,0,0,2017,14.187074114396758,21435446.0,16.880556464888954,14.187074114396758,unknown,0.0
Niger,4,2050000,512500.0,1900000,0,150000,0,0,2018,14.53335035111459,22188069.0,16.9150652699415,14.53335035111459,unknown,0.0
Niger,5,2050000,410000.0,1500000,400000,150000,0,0,2019,14.53335035111459,22947757.0,16.948730755489738,14.53335035111459,unknown,0.0
Niger,7,1700000,242857.14285714287,1200000,350000,150000,0,0,2020,14.346138809026444,23717613.0,16.98172849465228,14.346138809026444,unknown,0.0
Niger,8,2250000,281250.0,1700000,350000,200000,0,0,2021,14.626440774180603,24502140.0,17.01427101863921,14.626440774180603,unknown,0.0
Niger,9,3500000,388888.8888888889,2225000,950000,325000,0,0,2022,15.068273526459642,25311973.0,17.046788082861212,15.068273526459642,unknown,0.0
Niger,10,3250000,325000.0,2100000,650000,500000,0,0,2023,14.994165554305921,26159867.0,17.07973700044249,14.994165554305921,unknown,0.0
Niger,10,3375000,337500.0,2025000,650000,700000,0,0,2024,15.031905882288767,27032412.0,17.112547148455736,15.031905882288767,unknown,0.0
Nigeria,11,48000000,4363636.363636363,32750000,4000000,11250000,0,0,2005,17.686711568872166,145017253.0,18.79236327951345,17.686711568872166,unknown,0.0
Nigeria,18,63500000,3527777.777777778,43500000,4000000,15750000,0,250000,2006,17.96655046386292,149077334.0,18.8199757493996,17.96655046386292,unknown,0.0
Nigeria,27,77800000,2881481.4814814813,56025000,4375000,16750000,400000,250000,2007,18.16965198914862,153267261.0,18.847693759390673,18.16965198914862,unknown,0.0
Nigeria,34,123600000,3635294.117647059,80625000,18625000,23550000,400000,400000,2008,18.632561102987864,157595014.0,18.87553909783175,18.632561102987864,unknown,0.0
Nigeria,49,143510000,2928775.5102040814,88260000,19375000,35075000,400000,400000,2009,18.781915277147114,162049464.0,18.903412179925255,18.781915277147114,unknown,0.0
Nigeria,63,161675000,2566269.8412698414,92850000,28350000,37675000,2000000,800000,2010,18.90109870529693,166642886.0,18.931363673538026,18.90109870529693,unknown,0.0
Nigeria,78,147350000,1889102.564102564,81575000,31150000,31825000,2000000,800000,2011,18.808321267147978,171379598.0,18.959391525537892,18.808321267147978,unknown,0.0
Nigeria,94,172325000,1833244.680851064,100400000,39150000,30325000,1750000,700000,2012,18.96489278673599,176200625.0,18.987133818565624,18.96489278673599,unknown,0.0
Nigeria,116,197475000,1702370.6896551724,113300000,52925000,29250000,1500000,500000,2013,19.101122552014758,181049443.0,19.014280717672985,19.101122552014758,unknown,0.0
Nigeria,132,206300000,1562878.7878787878,113600000,66050000,23250000,3000000,400000,2014,19.14484197804148,185896915.0,19.040702857610455,19.14484197804148,unknown,0.0
Nigeria,148,198550000,1341554.054054054,115250000,56000000,22500000,4500000,300000,2015,19.106551515541536,190671878.0,19.066064592470276,19.106551515541536,unknown,0.0
Nigeria,174,183300000,1053448.2758620689,110875000,49450000,20700000,2025000,250000,2016,19.026634712809933,195443700.0,19.090782916375982,19.026634712809933,unknown,0.0
Nigeria,198,223825000,1130429.292929293,136150000,56450000,28900000,2075000,250000,2017,19.226375054484492,200254579.0,19.11510001006829,19.226375054484492,unknown,0.0
Nigeria,219,249800000,1140639.2694063927,148925000,71450000,27675000,1400000,350000,2018,19.33617115565575,204938755.0,19.138221736368628,19.33617115565575,unknown,0.0
Nigeria,229,348025000,1519759.825327511,190925000,98575000,56975000,1350000,200000,2019,19.667784874238905,209485641.0,19.16016575559806,19.667784874238905,unknown,0.0
Nigeria,252,431725000,1713194.4444444445,277000000,98275000,55250000,1050000,150000,2020,19.883299369435008,213996181.0,19.181468727032495,19.883299369435008,unknown,0.0
Nigeria,270,433725000,1606388.888888889,275275000,90825000,66525000,950000,150000,2021,19.887921250676666,218529286.0,19.20243059555504,19.887921250676666,unknown,0.0
Nigeria,280,504625000,1802232.142857143,320925000,118925000,62875000,1750000,150000,2022,20.03932613713738,223150896.0,19.22335876426788,20.03932613713738,unknown,0.0
Nigeria,297,554285000,1866279.4612794614,354060000,115800000,80925000,3350000,150000,2023,20.133189552865655,227882945.0,19.244342655961454,20.133189552865655,unknown,0.0
Nigeria,314,649470000,2068375.796178344,495010000,76885000,74325000,3100000,150000,2024,20.29166720363172,232679478.0,19.265172433579874,20.29166720363172,unknown,0.0
North Korea,1,1600000,1600000.0,1600000,0,0,0,0,2018,14.28551418721001,25931147.0,17.07095539101397,14.28551418721001,unknown,0.0
North Korea,1,5000000,5000000.0,5000000,0,0,0,0,2019,15.424948470398375,26037632.0,17.075053434149652,15.424948470398375,unknown,0.0
North Korea,1,3000000,3000000.0,3000000,0,0,0,0,2020,14.914122846632385,26136312.0,17.078836169749184,14.914122846632385,unknown,0.0
North Korea,1,2200000,2200000.0,2200000,0,0,0,0,2021,14.603967918328545,26232534.0,17.082510954115527,14.603967918328545,unknown,0.0
North Korea,1,1700000,1700000.0,1700000,0,0,0,0,2022,14.346138809026444,26328845.0,17.086175664198144,14.346138809026444,unknown,0.0
North Korea,1,400000,400000.0,400000,0,0,0,0,2023,12.89921982609012,26418204.0,17.089563875943853,12.89921982609012,unknown,0.0
North Korea,1,400000,400000.0,400000,0,0,0,0,2024,12.89921982609012,26498823.0,17.09261087487573,12.89921982609012,unknown,0.0
North Macedonia,5,2700000,540000.0,900000,0,1000000,800000,0,2005,14.808762330974558,2005330.0,14.511319193708278,14.808762330974558,unknown,0.0
North Macedonia,6,8500000,1416666.6666666667,4000000,0,3650000,850000,0,2006,15.955576721460545,1994287.0,14.50579715094212,15.955576721460545,unknown,0.0
North Macedonia,6,9750000,1625000.0,4500000,0,3950000,1300000,0,2007,16.09277784297403,1982933.0,14.50008761974001,16.09277784297403,unknown,0.0
North Macedonia,10,17450000,1745000.0,11050000,0,5300000,1100000,0,2008,16.67485020661271,1971493.0,14.494301681697523,16.67485020661271,unknown,0.0
North Macedonia,22,27550000,1252272.7272727273,20625000,125000,5450000,1350000,0,2009,17.131513093563196,1958782.0,14.487833409468506,17.131513093563196,unknown,0.0
North Macedonia,25,28825000,1153000.0,19700000,425000,6850000,1850000,0,2010,17.176753624119396,1946298.0,14.481439664639325,17.176753624119396,unknown,0.0
North Macedonia,30,33575000,1119166.6666666667,22400000,750000,8475000,1950000,0,2011,17.329292300373574,1937398.0,14.476856393662544,17.329292300373574,unknown,0.0
North Macedonia,39,34375000,881410.2564102564,19475000,1475000,10675000,2750000,0,2012,17.35284011395101,1929821.0,14.472937810465892,17.35284011395101,unknown,0.0
North Macedonia,43,32825000,763372.0930232558,18025000,1975000,10650000,2175000,0,2013,17.306700978153135,1922716.0,14.469249327756843,17.306700978153135,unknown,0.0
North Macedonia,46,32000000,695652.1739130435,18175000,2400000,9000000,2425000,0,2014,17.281246460764002,1917557.0,14.46656253798773,17.281246460764002,unknown,0.0
North Macedonia,51,27850000,546078.431372549,14650000,3225000,7950000,2025000,0,2015,17.142343524337566,1912430.0,14.463885242705794,17.142343524337566,unknown,0.0
North Macedonia,52,25525000,490865.3846153846,12300000,4725000,6800000,1700000,0,2016,17.055168922015003,1906313.0,14.460681567972074,17.055168922015003,unknown,0.0
North Macedonia,54,26675000,493981.48148148146,11450000,6175000,7725000,1325000,0,2017,17.09923735515209,1898657.0,14.456657352100743,17.09923735515209,unknown,0.0
North Macedonia,59,38200000,647457.6271186441,13650000,11925000,10775000,1850000,0,2018,17.458346073576802,1889051.0,14.451585144531053,17.458346073576802,unknown,0.0
North Macedonia,63,48050000,762698.4126984127,12975000,19975000,13100000,2000000,0,2019,17.687752693380574,1876262.0,14.444792057645532,17.687752693380574,unknown,0.0
North Macedonia,68,68550000,1008088.2352941176,12950000,38400000,12800000,4400000,0,2020,18.0430739639726,1856124.0,14.434001000441398,18.0430739639726,unknown,0.0
North Macedonia,71,70475000,992605.6338028169,11225000,44300000,12000000,2950000,0,2021,18.070768594964452,1837114.0,14.42370641997454,18.070768594964452,unknown,0.0
North Macedonia,73,66075000,905136.9863013698,9650000,40350000,11925000,4150000,0,2022,18.00630101845463,1831712.0,14.420761606617999,18.00630101845463,unknown,0.0
North Macedonia,75,65800000,877333.3333333334,12050000,36250000,12125000,5375000,0,2023,18.002130396295545,1827816.0,14.418632369474889,18.002130396295545,unknown,0.0
North Macedonia,75,64700000,862666.6666666666,11300000,37975000,10025000,5400000,0,2024,17.98527175947113,1824359.0,14.416739250425303,17.98527175947113,unknown,0.0
Northern Ireland,9,6850000,761111.1111111111,50000,350000,3900000,2550000,0,2005,15.739759210238407,60401206.0,17.916519629593125,15.739759210238407,unknown,0.0
Northern Ireland,14,9875000,705357.1428571428,1475000,1600000,4200000,2600000,0,2006,16.105516868751458,60846820.0,17.923870116377337,16.105516868751458,unknown,0.0
Northern Ireland,18,15475000,859722.2222222222,1725000,5350000,5500000,2900000,0,2007,16.554736376534933,61322463.0,17.93165677750175,16.554736376534933,unknown,0.0
Northern Ireland,20,25025000,1251250.0,2675000,14200000,5950000,2200000,0,2008,17.03538588316556,61806995.0,17.93952710372494,17.03538588316556,unknown,0.0
Northern Ireland,25,31095000,1243800.0,5870000,12650000,9875000,2700000,0,2009,17.252557592520127,62276270.0,17.947091012320875,17.252557592520127,unknown,0.0
Northern Ireland,30,39775000,1325833.3333333333,6200000,14175000,16200000,3200000,0,2010,17.498749132188124,62766365.0,17.954929898787338,17.498749132188124,unknown,0.0
Northern Ireland,33,51900000,1572727.2727272727,7625000,17650000,23150000,3475000,0,2011,17.764829348136118,63258810.0,17.962744964409705,17.764829348136118,unknown,0.0
Northern Ireland,38,52300000,1376315.7894736843,7850000,20175000,20725000,3550000,0,2012,17.772506929035153,63711000.0,17.969867790092547,17.772506929035153,unknown,0.0
Northern Ireland,42,45000000,1071428.5714285714,5525000,16400000,19400000,3675000,0,2013,17.622173047734595,64139000.0,17.976563161212827,17.622173047734595,unknown,0.0
Northern Ireland,47,48075000,1022872.340425532,6025000,16150000,23000000,2900000,0,2014,17.688272849439116,64620000.0,17.984034518360627,17.688272849439116,unknown,0.0
Northern Ireland,52,41900000,805769.2307692308,6300000,14525000,18700000,2375000,0,2015,17.550796384892365,65088000.0,17.99125075839037,17.550796384892365,unknown,0.0
Northern Ireland,56,43175000,770982.1428571428,7300000,15025000,18975000,1875000,0,2016,17.580772181997016,65607000.0,17.999192955538568,17.580772181997016,unknown,0.0
Northern Ireland,58,49250000,849137.9310344828,7600000,16375000,23300000,1975000,0,2017,17.71241992558237,65966000.0,18.00465001573942,17.71241992558237,unknown,0.0
Northern Ireland,61,57825000,947950.8196721311,7475000,16675000,31650000,2025000,0,2018,17.872931766081777,66289000.0,18.009534528872233,17.872931766081777,unknown,0.0
Northern Ireland,69,56400000,817391.304347826,6850000,16975000,29475000,3100000,0,2019,17.847979716468288,66631000.0,18.014680492680636,17.847979716468288,unknown,0.0
Northern Ireland,73,74150000,1015753.4246575342,6925000,20375000,42975000,3875000,0,2020,18.121600626548215,66744000.0,18.016374963564047,18.121600626548215,unknown,0.0
Northern Ireland,76,66550000,875657.8947368421,5800000,18650000,39125000,2975000,0,2021,18.013464102805393,66984000.0,18.019964342866405,18.013464102805393,unknown,0.0
Northern Ireland,82,59100000,720731.7073170731,6525000,16525000,32825000,3225000,0,2022,17.894741482376325,67604000.0,18.029177710860257,17.894741482376325,unknown,0.0
Northern Ireland,89,52475000,589606.7415730337,7250000,16275000,25600000,3350000,0,2023,17.77584742367097,68492000.0,18.042227508091,17.77584742367097,unknown,0.0
Northern Ireland,99,60100000,607070.7070707071,8100000,27550000,21375000,3075000,0,2024,17.911520399505434,69226000.0,18.05288707256521,17.911520399505434,unknown,0.0
Norway,6,18050000,3008333.3333333335,0,2350000,15500000,200000,0,2005,16.708656242743164,4623291.0,15.346617347128209,16.708656242743164,unknown,0.0
Norway,8,15550000,1943750.0,500000,3350000,11500000,200000,0,2006,16.559571196589516,4660677.0,15.354671274519818,16.559571196589516,unknown,0.0
Norway,10,20600000,2060000.0,500000,6100000,13800000,200000,0,2007,16.84080163375981,4709153.0,15.3650186196726,16.84080163375981,unknown,0.0
Norway,14,32850000,2346428.5714285714,750000,9900000,20500000,1700000,0,2008,17.307462302894894,4768212.0,15.377481949826118,17.307462302894894,unknown,0.0
Norway,38,50675000,1333552.6315789474,6500000,17875000,23200000,3100000,0,2009,17.740943250302337,4828726.0,15.390093222719885,17.740943250302337,unknown,0.0
Norway,52,70675000,1359134.6153846155,8250000,22575000,37900000,1950000,0,2010,18.073602461543928,4889252.0,15.402549884515507,18.073602461543928,unknown,0.0
Norway,58,83350000,1437068.9655172413,11200000,22800000,47950000,1400000,0,2011,18.23855916716108,4953088.0,15.415521778422436,18.23855916716108,unknown,0.0
Norway,71,97425000,1372183.0985915493,23675000,24800000,46950000,2000000,0,2012,18.394593409189046,5018573.0,15.428656188309334,18.394593409189046,unknown,0.0
Norway,86,99050000,1151744.1860465116,28050000,25600000,43150000,2250000,0,2013,18.411135331108834,5079623.0,15.440747604202349,18.411135331108834,unknown,0.0
Norway,94,88900000,945744.6808510638,22650000,24800000,38050000,3400000,0,2014,18.30302270048413,5137232.0,15.452024970975842,18.30302270048413,unknown,0.0
Norway,109,100500000,922018.3486238532,26950000,35050000,34150000,4350000,0,2015,18.425668285463406,5188607.0,15.461975818345426,18.425668285463406,unknown,0.0
Norway,118,101075000,856567.7966101695,25850000,34900000,36025000,4300000,0,2016,18.43137337349111,5234519.0,15.470785516499024,18.43137337349111,unknown,0.0
Norway,132,109050000,826136.3636363636,28200000,34650000,41600000,4600000,0,2017,18.507317050611913,5276968.0,15.478862248317874,18.507317050611913,unknown,0.0
Norway,145,123250000,850000.0,36875000,42200000,38825000,5350000,0,2018,18.629725370887073,5311916.0,15.485463156760364,18.629725370887073,unknown,0.0
Norway,154,179900000,1168181.8181818181,66100000,63500000,42900000,7400000,0,2019,19.00791169892076,5347896.0,15.492213770492821,19.00791169892076,unknown,0.0
Norway,166,293200000,1766265.060240964,114950000,123750000,49150000,5350000,0,2020,19.49636552797677,5379475.0,15.498101343733252,19.49636552797677,unknown,0.0
Norway,182,356375000,1958104.3956043955,177500000,126225000,48050000,4600000,0,2021,19.69149410519711,5408320.0,15.503449066552001,19.69149410519711,unknown,0.0
Norway,188,436875000,2323803.1914893617,226075000,132950000,72350000,5500000,0,2022,19.895157670952347,5457127.0,15.512433018758106,19.895157670952347,unknown,0.0
Norway,190,531650000,2798157.8947368423,273050000,172150000,80900000,5550000,0,2023,20.09149593606137,5519601.0,15.523816133032069,20.09149593606137,unknown,0.0
Norway,193,633000000,3279792.7461139895,312625000,212400000,101325000,6650000,0,2024,20.265980980108452,5572279.0,15.533314684415792,20.265980980108452,unknown,0.0
Oman,1,400000,400000.0,0,0,0,400000,0,2006,12.89921982609012,2514795.0,14.737701847259386,12.89921982609012,unknown,0.0
Oman,1,400000,400000.0,0,0,0,400000,0,2007,12.89921982609012,2570174.0,14.759484158859728,12.89921982609012,unknown,0.0
Oman,1,350000,350000.0,0,0,0,350000,0,2008,12.765688433465597,2626529.0,14.781173760624926,12.765688433465597,unknown,0.0
Oman,1,1000000,1000000.0,0,0,0,1000000,0,2009,13.815510557964274,2684659.0,14.803064275997485,13.815510557964274,unknown,0.0
Oman,1,900000,900000.0,0,0,0,900000,0,2010,13.710150042306449,2757446.0,14.82981544696247,13.710150042306449,unknown,0.0
Oman,1,750000,750000.0,0,0,0,750000,0,2011,13.527828485512494,3076763.0,14.939388628263327,13.527828485512494,unknown,0.0
Oman,1,3500000,3500000.0,0,0,0,3500000,0,2012,15.068273526459642,3547106.0,15.08164261771859,15.068273526459642,unknown,0.0
Oman,1,5000000,5000000.0,0,0,0,5000000,0,2013,15.424948470398375,3833913.0,15.159396510624475,15.424948470398375,unknown,0.0
Oman,1,2500000,2500000.0,0,0,0,2500000,0,2014,14.73180128983843,4002439.0,15.202414483262165,14.73180128983843,unknown,0.0
Oman,1,1000000,1000000.0,0,0,0,1000000,0,2015,13.815510557964274,4184895.0,15.246992171985228,13.815510557964274,unknown,0.0
Oman,1,500000,500000.0,0,0,0,500000,0,2016,13.122363377404328,4390877.0,15.29503953730911,13.122363377404328,unknown,0.0
Oman,1,500000,500000.0,0,0,0,500000,0,2017,13.122363377404328,4537396.0,15.327863837182381,13.122363377404328,unknown,0.0
Oman,1,350000,350000.0,0,0,0,350000,0,2018,12.765688433465597,4597877.0,15.341105233186255,12.765688433465597,unknown,0.0
Oman,1,750000,750000.0,0,0,0,750000,0,2019,13.527828485512494,4591241.0,15.339660915863616,13.527828485512494,unknown,0.0
Oman,1,750000,750000.0,0,0,0,750000,0,2020,13.527828485512494,4522497.0,15.32457483290145,13.527828485512494,unknown,0.0
Oman,1,250000,250000.0,0,0,0,250000,0,2021,12.429216196844383,4500424.0,15.319682172524136,12.429216196844383,unknown,0.0
Oman,1,250000,250000.0,0,0,0,250000,0,2022,12.429216196844383,4730226.0,15.369483539453531,12.429216196844383,unknown,0.0
Oman,1,250000,250000.0,0,0,0,250000,0,2023,12.429216196844383,5049269.0,15.434754038298644,12.429216196844383,unknown,0.0
Oman,1,250000,250000.0,0,0,0,250000,0,2024,12.429216196844383,5281538.0,15.479727901145155,12.429216196844383,unknown,0.0
Pakistan,1,100000,100000.0,0,0,100000,0,0,2005,11.512925464970229,175453212.0,18.982882967035955,11.512925464970229,unknown,0.0
Pakistan,1,100000,100000.0,0,0,100000,0,0,2006,11.512925464970229,179682690.0,19.006703019902005,11.512925464970229,unknown,0.0
Pakistan,1,50000,50000.0,0,0,50000,0,0,2007,10.819778284410283,184493231.0,19.03312333242494,10.819778284410283,unknown,0.0
Pakistan,1,50000,50000.0,0,0,50000,0,0,2008,10.819778284410283,189499113.0,19.059894901737014,10.819778284410283,unknown,0.0
Pakistan,1,200000,200000.0,0,0,200000,0,0,2009,12.206072645530174,194376534.0,19.085307732828046,12.206072645530174,unknown,0.0
Pakistan,1,200000,200000.0,0,0,200000,0,0,2010,12.206072645530174,199239047.0,19.11001590298185,12.206072645530174,unknown,0.0
Pakistan,1,300000,300000.0,0,0,300000,0,0,2011,12.611537753638338,203746065.0,19.132384997015315,12.611537753638338,unknown,0.0
Pakistan,1,300000,300000.0,0,0,300000,0,0,2012,12.611537753638338,207667125.0,19.151446995143782,12.611537753638338,unknown,0.0
Pakistan,1,400000,400000.0,0,0,400000,0,0,2013,12.89921982609012,211073978.0,19.167719236627267,12.89921982609012,unknown,0.0
Pakistan,1,200000,200000.0,0,0,200000,0,0,2014,12.206072645530174,214264647.0,19.182722477166124,12.206072645530174,unknown,0.0
Pakistan,1,100000,100000.0,0,0,100000,0,0,2015,11.512925464970229,217290883.0,19.196747488525045,11.512925464970229,unknown,0.0
Pakistan,2,150000,75000.0,50000,0,100000,0,0,2016,11.918390573078392,220138869.0,19.20976912790664,11.918390573078392,unknown,0.0
Pakistan,2,300000,150000.0,200000,0,100000,0,0,2017,12.611537753638338,223273967.0,19.223910126941952,12.611537753638338,unknown,0.0
Pakistan,2,350000,175000.0,250000,0,100000,0,0,2018,12.765688433465597,226928892.0,19.24014727527098,12.765688433465597,unknown,0.0
Pakistan,2,300000,150000.0,200000,0,100000,0,0,2019,12.611537753638338,230800899.0,19.257065987737946,12.611537753638338,unknown,0.0
Pakistan,2,300000,150000.0,200000,0,100000,0,0,2020,12.611537753638338,235001746.0,19.275103501868067,12.611537753638338,unknown,0.0
Pakistan,2,300000,150000.0,200000,0,100000,0,0,2021,12.611537753638338,239477801.0,19.293971281584078,12.611537753638338,unknown,0.0
Pakistan,2,175000,87500.0,75000,0,100000,0,0,2022,12.072541252905651,243700667.0,19.311451255563377,12.072541252905651,unknown,0.0
Pakistan,2,150000,75000.0,50000,0,100000,0,0,2023,11.918390573078392,247504495.0,19.32693930142426,11.918390573078392,unknown,0.0
Pakistan,2,150000,75000.0,50000,0,100000,0,0,2024,11.918390573078392,251269164.0,19.342035289055662,11.918390573078392,unknown,0.0
Palestine,2,375000,187500.0,0,0,375000,0,0,2009,12.834681304952548,3689099.0,15.120892812759788,12.834681304952548,unknown,0.0
Palestine,2,225000,112500.0,0,0,225000,0,0,2010,12.323855681186558,3786161.0,15.146863134939686,12.323855681186558,unknown,0.0
Palestine,2,325000,162500.0,0,0,325000,0,0,2011,12.691580461311874,3882986.0,15.172115003247608,12.691580461311874,unknown,0.0
Palestine,2,650000,325000.0,0,0,650000,0,0,2012,13.38472764187182,3979998.0,15.196791874747932,13.38472764187182,unknown,0.0
Palestine,3,2300000,766666.6666666666,50000,0,2250000,0,0,2013,14.648419680899378,4076708.0,15.220800357946299,14.648419680899378,unknown,0.0
Palestine,3,1200000,400000.0,50000,0,1150000,0,0,2014,13.997832114758229,4173398.0,15.244241130055736,13.997832114758229,unknown,0.0
Palestine,3,1275000,425000.0,125000,0,1150000,0,0,2015,14.058456736574664,4270092.0,15.267145930640151,14.058456736574664,unknown,0.0
Palestine,3,675000,225000.0,125000,0,550000,0,0,2016,13.422467969854667,4367088.0,15.289606983398167,13.422467969854667,unknown,0.0
Palestine,3,450000,150000.0,150000,0,300000,0,0,2017,13.017002861746503,4454805.0,15.309493846885296,13.017002861746503,unknown,0.0
Palestine,4,450000,112500.0,100000,0,350000,0,0,2018,13.017002861746503,4569087.0,15.33482396172985,13.017002861746503,unknown,0.0
Palestine,6,825000,137500.0,475000,0,350000,0,0,2019,13.623138665316818,4685306.0,15.359941786356318,13.623138665316818,unknown,0.0
Palestine,7,1375000,196428.57142857142,1025000,0,350000,0,0,2020,14.133964289082808,4803269.0,15.38480728574115,14.133964289082808,unknown,0.0
Palestine,7,1350000,192857.14285714287,850000,0,500000,0,0,2021,14.115615150414612,4922749.0,15.409377672268906,14.115615150414612,unknown,0.0
Palestine,8,1525000,190625.0,1050000,0,475000,0,0,2022,14.237504968023648,5043612.0,15.433633050031293,14.237504968023648,unknown,0.0
Palestine,8,2100000,262500.0,1675000,0,425000,0,0,2023,14.557447902693651,5165775.0,15.457565697682451,14.557447902693651,unknown,0.0
Palestine,8,3200000,400000.0,2775000,0,425000,0,0,2024,14.978661367769956,5289152.0,15.481168488527203,14.978661367769956,unknown,0.0
Panama,1,50000,50000.0,50000,0,0,0,0,2011,10.819778284410283,3693505.0,15.122086429679538,10.819778284410283,unknown,0.0
Panama,1,250000,250000.0,250000,0,0,0,0,2012,12.429216196844383,3759256.0,15.139731623446337,12.429216196844383,unknown,0.0
Panama,3,1000000,333333.3333333333,900000,100000,0,0,0,2013,13.815510557964274,3825329.0,15.157155034615757,13.815510557964274,unknown,0.0
Panama,5,1475000,295000.0,875000,200000,400000,0,0,2014,14.204168547756057,3892101.0,15.174459672619356,14.204168547756057,unknown,0.0
Panama,5,1450000,290000.0,650000,200000,600000,0,0,2015,14.187074114396758,3960035.0,15.191763421575443,14.187074114396758,unknown,0.0
Panama,8,1200000,150000.0,475000,200000,525000,0,0,2016,13.997832114758229,4029086.0,15.209050109192637,13.997832114758229,unknown,0.0
Panama,11,3125000,284090.9090909091,2100000,200000,825000,0,0,2017,14.954944841152638,4098707.0,15.22618211608261,14.954944841152638,unknown,0.0
Panama,11,3375000,306818.1818181818,1725000,200000,1450000,0,0,2018,15.031905882288767,4167860.0,15.242913272599768,15.031905882288767,unknown,0.0
Panama,12,4275000,356250.0,1775000,200000,2300000,0,0,2019,15.268294660352998,4234700.0,15.258823045306487,15.268294660352998,unknown,0.0
Panama,13,3875000,298076.92307692306,1750000,200000,1925000,0,0,2020,15.170056220769585,4293261.0,15.27255714200436,15.170056220769585,unknown,0.0
Panama,13,7500000,576923.0769230769,1825000,200000,5475000,0,0,2021,15.830413578506539,4345405.0,15.284629522924675,15.830413578506539,unknown,0.0
Panama,14,7850000,560714.2857142857,2225000,200000,5425000,0,0,2022,15.876024089758591,4400773.0,15.297290765276427,15.876024089758591,unknown,0.0
Panama,14,9375000,669642.8571428572,4225000,200000,4950000,0,0,2023,16.05355712982075,4458759.0,15.310381034156144,16.05355712982075,unknown,0.0
Panama,15,9300000,620000.0,4575000,275000,4450000,0,0,2024,16.045524958123483,4515577.0,15.323043532902753,16.045524958123483,unknown,0.0
Papua New Guinea,1,50000,50000.0,50000,0,0,0,0,2013,10.819778284410283,8302698.0,15.932091080187156,10.819778284410283,unknown,0.0
Papua New Guinea,1,150000,150000.0,150000,0,0,0,0,2014,11.918390573078392,8523441.0,15.95833069051009,11.918390573078392,unknown,0.0
Papua New Guinea,1,150000,150000.0,150000,0,0,0,0,2015,11.918390573078392,8743246.0,15.983792074562347,11.918390573078392,unknown,0.0
Papua New Guinea,1,300000,300000.0,300000,0,0,0,0,2016,12.611537753638338,8961718.0,16.008472507642573,12.611537753638338,unknown,0.0
Papua New Guinea,1,250000,250000.0,250000,0,0,0,0,2017,12.429216196844383,9178714.0,16.032397665637582,12.429216196844383,unknown,0.0
Papua New Guinea,1,250000,250000.0,250000,0,0,0,0,2018,12.429216196844383,9394513.0,16.055636353403145,12.429216196844383,unknown,0.0
Papua New Guinea,1,250000,250000.0,250000,0,0,0,0,2019,12.429216196844383,9609010.0,16.078211757949884,12.429216196844383,unknown,0.0
Papua New Guinea,1,300000,300000.0,300000,0,0,0,0,2020,12.611537753638338,9815746.0,16.09949838891747,12.611537753638338,unknown,0.0
Papua New Guinea,1,200000,200000.0,200000,0,0,0,0,2021,12.206072645530174,10012896.0,16.119384420138445,12.206072645530174,unknown,0.0
Papua New Guinea,1,300000,300000.0,300000,0,0,0,0,2022,12.611537753638338,10203169.0,16.138208916276024,12.611537753638338,unknown,0.0
Papua New Guinea,1,350000,350000.0,350000,0,0,0,0,2023,12.765688433465597,10389635.0,16.15631923252571,12.765688433465597,unknown,0.0
Papua New Guinea,1,300000,300000.0,300000,0,0,0,0,2024,12.611537753638338,10576502.0,16.174145305907796,12.611537753638338,unknown,0.0
Paraguay,4,8250000,2062500.0,7000000,1200000,50000,0,0,2005,15.925723758310864,5448097.0,15.510776931351955,15.925723758310864,unknown,0.0
Paraguay,4,8800000,2200000.0,6500000,2250000,50000,0,0,2006,15.990262279448435,5505148.0,15.521194212427849,15.990262279448435,unknown,0.0
Paraguay,5,10875000,2175000.0,8075000,2600000,200000,0,0,2007,16.20197713493902,5559386.0,15.530998228474065,16.20197713493902,unknown,0.0
Paraguay,8,23000000,2875000.0,19500000,2600000,900000,0,0,2008,16.951004773893423,5613574.0,15.54069815130054,16.951004773893423,unknown,0.0
Paraguay,13,36950000,2842307.6923076925,30150000,5300000,1500000,0,0,2009,17.425076205358486,5671236.0,15.550917641365684,17.425076205358486,unknown,0.0
Paraguay,15,46450000,3096666.6666666665,36650000,6800000,3000000,0,0,2010,17.653887023224122,5737971.0,15.562616221484882,17.653887023224122,unknown,0.0
Paraguay,18,60050000,3336111.111111111,48900000,7650000,3500000,0,0,2011,17.910688106490266,5814626.0,15.575887025443468,17.910688106490266,unknown,0.0
Paraguay,22,69025000,3137500.0,50850000,11075000,7100000,0,0,2012,18.049979315780494,5897008.0,15.589955661603732,18.049979315780494,unknown,0.0
Paraguay,25,61750000,2470000.0,43825000,11475000,6450000,0,0,2013,17.93860453347236,5982445.0,15.60433990524142,17.93860453347236,unknown,0.0
Paraguay,31,64950000,2095161.2903225806,48750000,10275000,5425000,500000,0,2014,17.989128301080882,6069811.0,15.618838025812867,17.989128301080882,unknown,0.0
Paraguay,33,83675000,2535606.0606060605,66475000,11100000,5600000,500000,0,2015,18.242450805061665,6159103.0,15.633441708023417,18.242450805061665,unknown,0.0
Paraguay,39,87200000,2235897.435897436,66900000,13050000,6750000,500000,0,2016,18.283714888879206,6249126.0,15.64795217193406,18.283714888879206,unknown,0.0
Paraguay,45,95225000,2116111.111111111,64375000,17900000,12450000,500000,0,2017,18.371753070328943,6338660.0,15.662177947607606,18.371753070328943,unknown,0.0
Paraguay,52,79700000,1532692.3076923077,54050000,10850000,14700000,100000,0,2018,18.193780143760442,6427382.0,15.676077859338335,18.193780143760442,unknown,0.0
Paraguay,52,89775000,1726442.3076923077,57925000,12850000,18900000,100000,0,2019,18.31281709807642,6515058.0,15.689626671034071,18.31281709807642,unknown,0.0
Paraguay,54,101825000,1885648.148148148,60425000,15100000,26200000,100000,0,2020,18.438766211498752,6603739.0,15.703146561739041,18.438766211498752,unknown,0.0
Paraguay,59,100225000,1698728.813559322,52425000,12350000,35350000,100000,0,2021,18.422928216492846,6684182.0,15.715254397530783,18.422928216492846,unknown,0.0
Paraguay,61,110000000,1803278.68852459,50975000,14950000,43975000,100000,0,2022,18.51599092375669,6760464.0,15.726602084716848,18.51599092375669,unknown,0.0
Paraguay,64,124050000,1938281.25,59450000,23500000,41025000,75000,0,2023,18.636195268102085,6844146.0,15.738904246320747,18.636195268102085,unknown,0.0
Paraguay,64,151825000,2372265.625,81300000,34050000,36425000,50000,0,2024,18.838239099747913,6929153.0,15.75124814147412,18.838239099747913,unknown,0.0
Peru,2,12500000,6250000.0,12500000,0,0,0,0,2005,16.34123920227253,28101180.0,17.15132212630486,16.34123920227253,unknown,0.0
Peru,3,15400000,5133333.333333333,15000000,0,400000,0,0,2006,16.549878067383858,28324491.0,17.159237394725707,16.549878067383858,unknown,0.0
Peru,4,20300000,5075000.0,19500000,0,800000,0,0,2007,16.826131444012017,28530699.0,17.166491223415314,16.826131444012017,unknown,0.0
Peru,6,28825000,4804166.666666667,24825000,550000,3450000,0,0,2008,17.176753624119396,28719041.0,17.17307091022189,17.176753624119396,unknown,0.0
Peru,10,39600000,3960000.0,24600000,500000,14500000,0,0,2009,17.49433967622471,28896811.0,17.17924180097333,17.49433967622471,unknown,0.0
Peru,11,34850000,3168181.8181818184,19750000,500000,14600000,0,0,2010,17.366563695170807,29086019.0,17.185768169954812,17.366563695170807,unknown,0.0
Peru,12,50000000,4166666.6666666665,22550000,500000,26950000,0,0,2011,17.72753356339242,29304086.0,17.193237518189417,17.72753356339242,unknown,0.0
Peru,13,52525000,4040384.6153846155,25925000,2550000,24050000,0,0,2012,17.776799804695337,29550366.0,17.20160668752648,17.776799804695337,unknown,0.0
Peru,20,46375000,2318750.0,24575000,7900000,13900000,0,0,2013,17.652271078891875,29817919.0,17.210620079486812,17.652271078891875,unknown,0.0
Peru,25,45575000,1823000.0,20275000,11000000,14300000,0,0,2014,17.634869878529003,30115826.0,17.220561372275743,17.634869878529003,unknown,0.0
Peru,27,46250000,1712962.962962963,19500000,10000000,16750000,0,0,2015,17.649572021922708,30457600.0,17.231846110468872,17.649572021922708,unknown,0.0
Peru,36,46875000,1302083.3333333333,15025000,18775000,13075000,0,0,2016,17.66299504225485,30866494.0,17.245181816980168,17.66299504225485,unknown,0.0
Peru,38,47300000,1244736.8421052631,19200000,17175000,10925000,0,0,2017,17.67202085346216,31324637.0,17.259915470490913,17.67202085346216,unknown,0.0
Peru,38,41800000,1100000.0,14525000,16950000,10325000,0,0,2018,17.548406897494985,31897584.0,17.27804082820979,17.548406897494985,unknown,0.0
Peru,38,48875000,1286184.2105263157,13025000,23900000,11950000,0,0,2019,17.704776576269804,32449303.0,17.295189521684925,17.704776576269804,unknown,0.0
Peru,41,56925000,1388414.6341463414,15000000,22650000,19275000,0,0,2020,17.857245169914076,32838579.0,17.307114571210363,17.857245169914076,unknown,0.0
Peru,44,52050000,1182954.5454545454,15275000,20275000,16500000,0,0,2021,17.767715353025253,33155882.0,17.316730694753694,17.767715353025253,unknown,0.0
Peru,44,62550000,1421590.9090909092,13200000,30325000,19025000,0,0,2022,17.951476794877195,33475438.0,17.326322533847247,17.951476794877195,unknown,0.0
Peru,44,46200000,1050000.0,9325000,20725000,16150000,0,0,2023,17.64849035605197,33845617.0,17.337320065925613,17.64849035605197,unknown,0.0
Peru,44,39725000,902840.9090909091,9025000,14625000,16075000,0,0,2024,17.497491270387055,34217848.0,17.34825793725037,17.497491270387055,unknown,0.0
Philippines,2,450000,225000.0,0,450000,0,0,0,2005,13.017002861746503,88015962.0,18.2930287423576,13.017002861746503,unknown,0.0
Philippines,2,450000,225000.0,0,450000,0,0,0,2006,13.017002861746503,89508986.0,18.309849580439753,13.017002861746503,unknown,0.0
Philippines,2,600000,300000.0,0,600000,0,0,0,2007,13.304684934198283,91075184.0,18.32719592116979,13.304684934198283,unknown,0.0
Philippines,3,650000,216666.66666666666,0,600000,50000,0,0,2008,13.38472764187182,92699095.0,18.34486926781313,13.38472764187182,unknown,0.0
Philippines,4,1550000,387500.0,0,775000,700000,75000,0,2009,14.253765488895429,94384250.0,18.362884773975512,14.253765488895429,unknown,0.0
Philippines,4,2100000,525000.0,0,1250000,750000,100000,0,2010,14.557447902693651,96337125.0,18.38336431649561,14.557447902693651,unknown,0.0
Philippines,5,2400000,480000.0,0,1450000,700000,250000,0,2011,14.690979295318174,98248614.0,18.403011701743914,14.690979295318174,unknown,0.0
Philippines,6,2575000,429166.6666666667,0,1700000,450000,425000,0,2012,14.761360092079974,100175512.0,18.422434325529075,14.761360092079974,unknown,0.0
Philippines,6,3175000,529166.6666666666,0,2200000,300000,675000,0,2013,14.970818190308929,102076336.0,18.441231483499642,14.970818190308929,unknown,0.0
Philippines,7,2350000,335714.28571428574,0,1200000,300000,850000,0,2014,14.669925886120343,103767130.0,18.45765981187992,14.669925886120343,unknown,0.0
Philippines,9,2025000,225000.0,75000,1000000,350000,600000,0,2015,14.521080258522776,105312992.0,18.47244735031013,14.521080258522776,unknown,0.0
Philippines,9,2150000,238888.88888888888,300000,900000,350000,600000,0,2016,14.580978400103845,106735719.0,18.4858664212642,14.580978400103845,unknown,0.0
Philippines,11,4600000,418181.8181818182,2500000,950000,650000,500000,0,2017,15.341566861459324,108119693.0,18.49874943993083,15.341566861459324,unknown,0.0
Philippines,11,4050000,368181.8181818182,1500000,675000,675000,1200000,0,2018,15.214227439082721,109465287.0,18.511118043262734,15.214227439082721,unknown,0.0
Philippines,11,8425000,765909.0909090909,2000000,750000,1175000,4500000,0,2019,15.9467140342027,110804683.0,18.523279596727264,15.9467140342027,unknown,0.0
Philippines,12,10075000,839583.3333333334,1600000,725000,1200000,6550000,0,2020,16.12556766579702,112081264.0,18.53473473758825,16.12556766579702,unknown,0.0
Philippines,12,5625000,468750.0,1075000,700000,950000,2900000,0,2021,15.542731506054757,113100950.0,18.543791340697403,15.542731506054757,unknown,0.0
Philippines,12,7025000,585416.6666666666,3075000,800000,1150000,2000000,0,2022,15.764985773184083,113964338.0,18.551396132857555,15.764985773184083,unknown,0.0
Philippines,13,7675000,590384.6153846154,4675000,1100000,800000,1100000,0,2023,15.853478851437535,114891199.0,18.559496142844377,15.853478851437535,unknown,0.0
Philippines,13,5300000,407692.3076923077,2250000,1200000,850000,1000000,0,2024,15.483217378522351,115843670.0,18.56775216772966,15.483217378522351,unknown,0.0
Poland,12,4850000,404166.6666666667,50000,2300000,1200000,1300000,0,2005,15.394489262913666,38165445.0,17.457441083044543,15.394489262913666,unknown,0.0
Poland,31,23950000,772580.6451612903,1675000,6675000,6650000,8950000,0,2006,16.991478881821198,38141267.0,17.45680737730162,16.991478881821198,unknown,0.0
Poland,42,35500000,845238.0952380953,3925000,10650000,7875000,13050000,0,2007,17.385043254445645,38120560.0,17.456264327093578,17.385043254445645,unknown,0.0
Poland,51,51900000,1017647.0588235294,5850000,12825000,14650000,18575000,0,2008,17.764829348136118,38125759.0,17.456400700890406,17.764829348136118,unknown,0.0
Poland,62,69200000,1116129.0322580645,10875000,19550000,19075000,19700000,0,2009,18.052511420587898,38151603.0,17.457078333160617,18.052511420587898,unknown,0.0
Poland,69,86925000,1259782.608695652,15850000,22750000,26475000,21850000,0,2010,18.2805562358582,38042794.0,17.45422224194527,18.2805562358582,unknown,0.0
Poland,84,84975000,1011607.1428571428,22925000,20250000,27975000,13825000,0,2011,18.257867653546455,38063255.0,17.45475993903405,18.257867653546455,unknown,0.0
Poland,91,105650000,1160989.010989011,27375000,28075000,26725000,23475000,0,2012,18.47564230202634,38063164.0,17.454757548274017,18.47564230202634,unknown,0.0
Poland,109,164950000,1513302.7522935779,58900000,35475000,39700000,30875000,0,2013,18.921152955638863,38040196.0,17.454153948099272,18.921152955638863,unknown,0.0
Poland,124,198600000,1601612.9032258065,78950000,41750000,49975000,27925000,0,2014,19.106803309575348,38011735.0,17.453405485806353,19.106803309575348,unknown,0.0
Poland,130,213875000,1645192.3076923077,89475000,42525000,51825000,30050000,0,2015,19.180902290176633,37986412.0,17.452739074796696,19.180902290176633,unknown,0.0
Poland,142,250825000,1766373.2394366197,108900000,57650000,52975000,31300000,0,2016,19.34026604277595,37970087.0,17.45230922348795,19.34026604277595,unknown,0.0
Poland,148,294325000,1988682.4324324324,127550000,79625000,51050000,36100000,0,2017,19.500195156928534,37974826.0,17.452434024473796,19.500195156928534,unknown,0.0
Poland,159,334000000,2100628.93081761,136850000,90975000,63825000,42350000,0,2018,19.626651550940974,37974750.0,17.452432023145967,19.626651550940974,unknown,0.0
Poland,171,379350000,2218421.052631579,144150000,115425000,70225000,49550000,0,2019,19.75396981974836,37965475.0,17.452187752074973,19.75396981974836,unknown,0.0
Poland,184,466725000,2536548.913043478,179875000,125925000,77875000,83050000,0,2020,19.961250777087667,37515748.0,17.440271349454385,19.961250777087667,unknown,0.0
Poland,192,431775000,2248828.125,150150000,116775000,93450000,71400000,0,2021,19.88341517719426,36981559.0,17.425929940957836,19.88341517719426,unknown,0.0
Poland,203,441585000,2175295.566502463,133400000,145825000,114235000,48125000,0,2022,19.90588108495895,36821749.0,17.42159923399901,19.90588108495895,unknown,0.0
Poland,208,412035000,1980937.5,121125000,144575000,105135000,41200000,0,2023,19.83661885516194,36687353.0,17.417942648730254,19.83661885516194,unknown,0.0
Poland,212,397050000,1872877.358490566,85700000,135650000,123175000,52525000,0,2024,19.799572775305496,36559233.0,17.414444325117902,19.799572775305496,unknown,0.0
Portugal,64,172650000,2697656.25,60400000,34100000,68900000,9250000,0,2005,18.966776981800276,10503330.0,16.16720290770573,18.966776981800276,unknown,0.0
Portugal,90,224250000,2491666.6666666665,84350000,59400000,67150000,13350000,0,2006,19.22827205890318,10522288.0,16.169006232120505,19.22827205890318,unknown,0.0
Portugal,114,262800000,2305263.1578947366,99700000,74800000,75650000,12650000,0,2007,19.38690384457473,10542964.0,16.17096927596538,19.38690384457473,unknown,0.0
Portugal,146,376750000,2580479.4520547944,152450000,98800000,110000000,15500000,0,2008,19.74709239547088,10558177.0,16.172411188763913,19.74709239547088,unknown,0.0
Portugal,218,456800000,2095412.8440366972,179750000,111650000,140800000,24600000,0,2009,19.939756216306076,10568247.0,16.173364497356285,19.939756216306076,unknown,0.0
Portugal,260,520800000,2003076.923076923,192075000,134600000,163825000,30300000,0,2010,20.070876648858633,10573100.0,16.17382359772347,20.070876648858633,unknown,0.0
Portugal,307,580475000,1890798.045602606,205500000,158100000,181275000,35600000,0,2011,20.179357291852703,10557560.0,16.172352748937715,20.179357291852703,unknown,0.0
Portugal,358,664700000,1856703.9106145252,229450000,185550000,215125000,34575000,0,2012,20.31484636901181,10514844.0,16.168298531060238,20.31484636901181,unknown,0.0
Portugal,412,712175000,1728580.0970873786,245300000,202575000,221200000,43050000,50000,2013,20.383834225692546,10457295.0,16.162810378950716,20.383834225692546,unknown,0.0
Portugal,499,737350000,1477655.3106212425,239350000,229550000,219400000,48950000,100000,2014,20.418573235661224,10401062.0,16.157418474282796,20.418573235661224,unknown,0.0
Portugal,534,795550000,1489794.0074906368,256150000,250400000,234400000,54500000,100000,2015,20.49454425731814,10358076.0,16.153277063262863,20.49454425731814,unknown,0.0
Portugal,626,881950000,1408865.8146964856,272200000,290050000,266675000,52925000,100000,2016,20.59764592302176,10325452.0,16.150122473092885,20.59764592302176,unknown,0.0
Portugal,701,1005675000,1434629.1012838802,296700000,363200000,288350000,57325000,100000,2017,20.72892479479809,10300300.0,16.147683578989298,20.72892479479809,unknown,0.0
Portugal,743,1084600000,1459757.738896366,362100000,357650000,307150000,57600000,100000,2018,20.804477092371233,10283822.0,16.14608253877783,20.804477092371233,unknown,0.0
Portugal,762,1349400000,1770866.1417322834,403425000,467900000,411525000,66450000,100000,2019,21.022925886157598,10286263.0,16.146319873724327,21.022925886157598,unknown,0.0
Portugal,821,1692575000,2061601.7052375153,534850000,591350000,486625000,79650000,100000,2020,21.249516874915138,10297081.0,16.147371014976795,21.249516874915138,unknown,0.0
Portugal,873,1729350000,1980927.8350515463,579575000,580600000,488450000,80625000,100000,2021,21.271011452311345,10361831.0,16.153639516631124,21.271011452311345,unknown,0.0
Portugal,949,1879650000,1980663.8566912538,612400000,603850000,577675000,85625000,100000,2022,21.354351426243678,10434332.0,16.160612081111356,21.354351426243678,unknown,0.0
Portugal,1007,2062275000,2047939.4240317775,628325000,668825000,650075000,114950000,100000,2023,21.44707557931317,10578174.0,16.174303379707034,21.44707557931317,unknown,0.0
Portugal,1050,2158945000,2056138.0952380951,615900000,719185000,704975000,118785000,100000,2024,21.492885513397763,10694681.0,16.185257073031835,21.492885513397763,unknown,0.0
Qatar,1,125000,125000.0,0,125000,0,0,0,2005,11.736069016284437,825408.0,13.623633088524063,11.736069016284437,unknown,0.0
Qatar,1,125000,125000.0,0,125000,0,0,0,2006,11.736069016284437,972831.0,13.787965656462621,11.736069016284437,unknown,0.0
Qatar,1,125000,125000.0,0,125000,0,0,0,2007,11.736069016284437,1208595.0,14.004969085883001,11.736069016284437,unknown,0.0
Qatar,1,1400000,1400000.0,0,1400000,0,0,0,2008,14.151982794585487,1426938.0,14.17104144772252,14.151982794585487,unknown,0.0
Qatar,1,800000,800000.0,0,800000,0,0,0,2009,13.592367006650065,1608903.0,14.291063138265395,13.592367006650065,unknown,0.0
Qatar,1,400000,400000.0,0,400000,0,0,0,2010,12.89921982609012,1616832.0,14.295979237057773,12.89921982609012,unknown,0.0
Qatar,1,800000,800000.0,0,800000,0,0,0,2011,13.592367006650065,1624761.0,14.300871286006027,13.592367006650065,unknown,0.0
Qatar,2,1600000,800000.0,0,1000000,600000,0,0,2012,14.28551418721001,1722438.0,14.359251287027659,14.28551418721001,unknown,0.0
Qatar,4,4700000,1175000.0,200000,2500000,2000000,0,0,2013,15.363073066680286,1916426.0,14.46597255100406,15.363073066680286,unknown,0.0
Qatar,5,7250000,1450000.0,200000,2900000,4150000,0,0,2014,15.796512026830857,2151745.0,14.581789698819001,15.796512026830857,unknown,0.0
Qatar,5,9300000,1860000.0,250000,4900000,4150000,0,0,2015,16.045524958123483,2344557.0,14.667607029436331,16.045524958123483,unknown,0.0
Qatar,8,9825000,1228125.0,1600000,3950000,4275000,0,0,2016,16.1004407157196,2477113.0,14.722604327132201,16.1004407157196,unknown,0.0
Qatar,8,10850000,1356250.0,3600000,2700000,4550000,0,0,2017,16.199675637950744,2545820.0,14.749963356464288,16.199675637950744,unknown,0.0
Qatar,8,12450000,1556250.0,4100000,4200000,4150000,0,0,2018,16.33723118087499,2580734.0,14.763584412560483,16.33723118087499,unknown,0.0
Qatar,9,15100000,1677777.7777777778,7700000,3150000,4250000,0,0,2019,16.530205301785152,2638657.0,14.785780633563377,16.530205301785152,unknown,0.0
Qatar,11,16200000,1472727.2727272727,8000000,4650000,3550000,0,0,2020,16.600521800202614,2794148.0,14.843037788047544,16.600521800202614,unknown,0.0
Qatar,11,14650000,1331818.1818181819,7300000,4450000,2900000,0,0,2021,16.49995089342735,2504910.0,14.733763363711958,16.49995089342735,unknown,0.0
Qatar,11,14750000,1340909.0909090908,7700000,4300000,2750000,0,0,2022,16.5067536407501,2657333.0,14.792833546207667,16.5067536407501,unknown,0.0
Qatar,11,14675000,1334090.9090909092,9000000,3350000,2325000,0,0,2023,16.501655923678435,2656032.0,14.792343837698654,16.501655923678435,unknown,0.0
Qatar,11,12075000,1097727.2727272727,7500000,2350000,2225000,0,0,2024,16.306647757502912,2857822.0,14.865570354216782,16.306647757502912,unknown,0.0
Republic of Ireland,27,43625000,1615740.7407407407,600000,21250000,15525000,6200000,50000,2005,17.591140938486866,4159914.0,15.241004958946831,17.591140938486866,unknown,0.0
Republic of Ireland,38,51200000,1347368.4210526317,2850000,22350000,18225000,7725000,50000,2006,17.751250090009737,4273591.0,15.267965015382789,17.751250090009737,unknown,0.0
Republic of Ireland,47,59100000,1257446.8085106383,6450000,22400000,21550000,8300000,400000,2007,17.894741482376325,4398942.0,15.296874615429205,17.894741482376325,unknown,0.0
Republic of Ireland,55,73900000,1343636.3636363635,18675000,17125000,27775000,9925000,400000,2008,18.11822338591843,4489544.0,15.317261695540926,18.11822338591843,unknown,0.0
Republic of Ireland,67,87045000,1299179.1044776118,23020000,24300000,30350000,8975000,400000,2009,18.281935784274957,4535375.0,15.32741832830016,18.281935784274957,unknown,0.0
Republic of Ireland,77,111125000,1443181.8181818181,25725000,40050000,34400000,10650000,300000,2010,18.526166251798344,4560155.0,15.33286717214095,18.526166251798344,unknown,0.0
Republic of Ireland,90,126575000,1406388.888888889,30175000,45225000,41275000,9600000,300000,2011,18.656345575820247,4580084.0,15.337227896533534,18.656345575820247,unknown,0.0
Republic of Ireland,97,130100000,1341237.1134020619,35325000,39725000,48275000,6425000,350000,2012,18.683813943482733,4599533.0,15.341465334566513,18.683813943482733,unknown,0.0
Republic of Ireland,104,130500000,1254807.6923076923,37550000,42050000,42650000,7800000,450000,2013,18.686883784727023,4623816.0,15.34673089615507,18.686883784727023,unknown,0.0
Republic of Ireland,115,136075000,1183260.8695652173,37525000,52375000,38550000,7250000,375000,2014,18.728716762284538,4657740.0,15.354040909920927,18.728716762284538,unknown,0.0
Republic of Ireland,120,128025000,1066875.0,33200000,46325000,41550000,6650000,300000,2015,18.667736115312888,4701957.0,15.363489362995674,18.667736115312888,unknown,0.0
Republic of Ireland,130,139250000,1071153.8461538462,32425000,51825000,48100000,6600000,300000,2016,18.75178143677167,4762722.0,15.376329911503914,18.75178143677167,unknown,0.0
Republic of Ireland,138,149950000,1086594.2028985508,35450000,59350000,47550000,7300000,300000,2017,18.82581246315929,4827445.0,15.389827900159315,18.82581246315929,unknown,0.0
Republic of Ireland,149,153650000,1031208.0536912752,32325000,60575000,51800000,8650000,300000,2018,18.850187846540766,4898022.0,15.4043420081134,18.850187846540766,unknown,0.0
Republic of Ireland,155,175025000,1129193.5483870967,29000000,60750000,75500000,9475000,300000,2019,18.980439378827537,4976456.0,15.420228549073858,18.980439378827537,unknown,0.0
Republic of Ireland,168,201350000,1198511.9047619049,39500000,58700000,93600000,9250000,300000,2020,19.120555245261738,5039747.0,15.43286644037487,19.120555245261738,unknown,0.0
Republic of Ireland,175,193900000,1108000.0,45100000,51500000,89650000,7350000,300000,2021,19.08285312021288,5110585.0,15.446824437036392,19.08285312021288,unknown,0.0
Republic of Ireland,212,156930000,740235.8490566037,38210000,45600000,64960000,7860000,300000,2022,18.871310404014903,5212836.0,15.466634603443364,18.871310404014903,unknown,0.0
Republic of Ireland,227,194680000,857621.1453744493,38685000,43150000,84635000,27910000,300000,2023,19.086867742929527,5311538.0,15.485391993464479,19.086867742929527,unknown,0.0
Republic of Ireland,242,295830000,1222438.0165289256,106435000,51175000,101510000,36410000,300000,2024,19.50529552297662,5395790.0,15.501129577835643,19.50529552297662,unknown,0.0
Romania,2,1300000,650000.0,0,400000,900000,0,0,2004,14.077874822431765,21451748.0,16.881316691859514,14.077874822431765,unknown,0.0
Romania,11,32700000,2972727.272727273,25600000,2000000,3000000,2100000,0,2005,17.302885635867483,21319685.0,16.87514138229348,17.302885635867483,unknown,0.0
Romania,16,27950000,1746875.0,19450000,4200000,3000000,1300000,0,2006,17.14592775756538,21193760.0,16.86921735669319,17.14592775756538,unknown,0.0
Romania,20,33625000,1681250.0,22400000,5725000,3900000,1600000,0,2007,17.330780395886276,20882982.0,16.85444512687342,17.330780395886276,unknown,0.0
Romania,38,61150000,1609210.5263157894,37700000,10500000,10350000,2600000,0,2008,17.928840420097455,20537875.0,16.837781300442764,17.928840420097455,unknown,0.0
Romania,42,106200000,2528571.4285714286,49850000,12550000,39850000,3950000,0,2009,18.48083466677211,20367487.0,16.829450412894975,18.48083466677211,unknown,0.0
Romania,62,131625000,2122983.870967742,60300000,19325000,44875000,7125000,0,2010,18.695467528418412,20246871.0,16.823510821059088,18.695467528418412,unknown,0.0
Romania,69,115775000,1677898.5507246377,47475000,20925000,41075000,6300000,0,2011,18.56715921033109,20147528.0,16.81859215893043,18.56715921033109,unknown,0.0
Romania,83,119925000,1444879.5180722892,44025000,23050000,43450000,9400000,0,2012,18.602377105352403,20058035.0,16.814140379568443,18.602377105352403,unknown,0.0
Romania,94,131075000,1394414.8936170214,46875000,32050000,42000000,10150000,0,2013,18.69128023642287,19983693.0,16.810427148939663,18.69128023642287,unknown,0.0
Romania,102,130875000,1283088.2352941176,39650000,39550000,41675000,10000000,0,2014,18.689753227154974,19908979.0,16.80668139396204,18.689753227154974,unknown,0.0
Romania,108,134625000,1246527.7777777778,40225000,40650000,44850000,8900000,0,2015,18.718003693440828,19815616.0,16.801980871683394,18.718003693440828,unknown,0.0
Romania,116,124100000,1069827.5862068965,40250000,28500000,39950000,15400000,0,2016,18.636598250174835,19702267.0,16.796244263229596,18.636598250174835,unknown,0.0
Romania,128,117725000,919726.5625,38600000,29825000,33950000,15350000,0,2017,18.58386195409389,19588715.0,16.79046419307813,18.58386195409389,unknown,0.0
Romania,129,113925000,883139.5348837209,40625000,27675000,34200000,11425000,0,2018,18.55105089511422,19473970.0,16.784589260004093,18.55105089511422,unknown,0.0
Romania,133,127725000,960338.3458646616,42000000,34700000,32850000,18175000,0,2019,18.665390073181136,19371648.0,16.77932111178473,18.665390073181136,unknown,0.0
Romania,137,155425000,1134489.0510948906,50550000,49925000,33075000,21875000,0,2020,18.861673858119676,19265250.0,16.773813512859313,18.861673858119676,unknown,0.0
Romania,144,129125000,896701.3888888889,47050000,44800000,24925000,12350000,0,2021,18.676291485404075,19122059.0,16.76635314807408,18.676291485404075,unknown,0.0
Romania,148,139245000,940844.5945945946,46160000,55635000,27325000,10125000,0,2022,18.75174552948428,19048502.0,16.762499021274472,18.75174552948428,unknown,0.0
Romania,154,120370000,781623.3766233766,40260000,44860000,25700000,9550000,0,2023,18.60608089035592,19061062.0,16.763158173420887,18.60608089035592,unknown,0.0
Romania,157,122465000,780031.847133758,38260000,31435000,42595000,10175000,0,2024,18.62333583283924,19051804.0,16.762672353216125,18.62333583283924,unknown,0.0
Russia,43,57100000,1327906.9767441861,27800000,21100000,4600000,3600000,0,2005,17.86031467462624,143518814.0,18.78197669258398,17.86031467462624,unknown,0.0
Russia,55,108400000,1970909.0909090908,40450000,38950000,21150000,7850000,0,2006,18.50133864696982,143049637.0,18.7787022398829,18.50133864696982,unknown,0.0
Russia,58,114400000,1972413.7931034483,44150000,39200000,23200000,7850000,0,2007,18.55521163690997,142805114.0,18.776991419553443,18.55521163690997,unknown,0.0
Russia,199,218810000,1099547.7386934673,63050000,77075000,52335000,25950000,400000,2008,19.203714331306834,142742366.0,18.776551926961808,19.203714331306834,unknown,0.0
Russia,259,345180000,1332741.3127413127,95050000,116245000,95435000,38100000,350000,2009,19.659576578067533,142785348.0,18.776852997563484,19.659576578067533,unknown,0.0
Russia,325,448575000,1380230.7692307692,110100000,147600000,131125000,58550000,1200000,2010,19.921586449563005,142849468.0,18.77730196244791,19.921586449563005,unknown,0.0
Russia,386,433725000,1123639.896373057,105300000,143400000,126950000,56875000,1200000,2011,19.887921250676666,143018195.0,18.77848241789238,19.887921250676666,unknown,0.0
Russia,466,445600000,956223.1759656653,105975000,148350000,131375000,58700000,1200000,2012,19.914932246577347,143378447.0,18.780998174973107,19.914932246577347,unknown,0.0
Russia,520,494775000,951490.3846153846,113875000,164950000,150300000,64450000,1200000,2013,20.01961367174132,143805638.0,18.783973209714905,20.01961367174132,unknown,0.0
Russia,584,547400000,937328.7671232877,127950000,172225000,171600000,75225000,400000,2014,20.120690354570854,144237223.0,18.786969884039504,20.120690354570854,unknown,0.0
Russia,597,525650000,880485.7621440536,123925000,166000000,163725000,71600000,400000,2015,20.080146149986113,144640716.0,18.789763404817126,20.080146149986113,unknown,0.0
Russia,819,546550000,667338.2173382173,122425000,176875000,166200000,80600000,450000,2016,20.119136352704118,145015460.0,18.792350915390923,20.119136352704118,unknown,0.0
Russia,951,511875000,538249.2113564669,111125000,173800000,156225000,70275000,450000,2017,20.05359101257161,145293260.0,18.794264740678653,20.05359101257161,unknown,0.0
Russia,1023,543675000,531451.6129032258,119025000,192375000,157350000,74475000,450000,2018,20.113862199819327,145398106.0,18.794986096844053,20.113862199819327,unknown,0.0
Russia,1153,722250000,626409.3668690373,163050000,264650000,203025000,90925000,600000,2019,20.39788189731062,145453291.0,18.795365568981588,20.39788189731062,unknown,0.0
Russia,1229,808750000,658055.3295362083,197550000,283775000,228750000,98075000,600000,2020,20.511000403779384,145245148.0,18.79393354866331,20.511000403779384,unknown,0.0
Russia,1303,709750000,544704.5280122793,174625000,252625000,194225000,87675000,600000,2021,20.380423353317354,144746762.0,18.790496304564414,20.380423353317354,unknown,0.0
Russia,1378,730920000,530420.8998548621,180355000,268705000,193970000,87415000,475000,2022,20.409814572600666,144236933.0,18.78696787346078,20.409814572600666,unknown,0.0
Russia,1406,666365000,473943.8122332859,163980000,252670000,177120000,72120000,475000,2023,20.317348126429227,143826130.0,18.78411569745315,20.317348126429227,unknown,0.0
Russia,1439,674180000,468505.9068797776,166055000,258495000,177095000,72060000,475000,2024,20.32900769553633,143533851.0,18.782081460815373,20.32900769553633,unknown,0.0
Rwanda,1,350000,350000.0,0,0,350000,0,0,2005,12.765688433465597,9054528.0,16.018775522043754,12.765688433465597,unknown,0.0
Rwanda,1,400000,400000.0,0,0,400000,0,0,2006,12.89921982609012,9299246.0,16.04544387956789,12.89921982609012,unknown,0.0
Rwanda,1,400000,400000.0,0,0,400000,0,0,2007,12.89921982609012,9549933.0,16.072044696725495,12.89921982609012,unknown,0.0
Rwanda,1,400000,400000.0,0,0,400000,0,0,2008,12.89921982609012,9804269.0,16.098328461034228,12.89921982609012,unknown,0.0
Rwanda,1,400000,400000.0,0,0,400000,0,0,2009,12.89921982609012,10060432.0,16.124120664059795,12.89921982609012,unknown,0.0
Rwanda,1,400000,400000.0,0,0,400000,0,0,2010,12.89921982609012,10317553.0,16.149357177499,12.89921982609012,unknown,0.0
Rwanda,2,800000,400000.0,500000,0,300000,0,0,2011,13.592367006650065,10573733.0,16.173883464844014,13.592367006650065,unknown,0.0
Rwanda,2,850000,425000.0,500000,0,350000,0,0,2012,13.652991628466498,10829901.0,16.197821477661154,13.652991628466498,unknown,0.0
Rwanda,3,1200000,400000.0,700000,0,500000,0,0,2013,13.997832114758229,11093340.0,16.22185548621053,13.997832114758229,unknown,0.0
Rwanda,3,2500000,833333.3333333334,2000000,0,500000,0,0,2014,14.73180128983843,11364757.0,16.246027633605966,14.73180128983843,unknown,0.0
Rwanda,3,2300000,766666.6666666666,1800000,0,500000,0,0,2015,14.648419680899378,11640022.0,16.269959890300143,14.648419680899378,unknown,0.0
Rwanda,3,2450000,816666.6666666666,1800000,0,650000,0,0,2016,14.71159858252091,11919183.0,16.29365967698403,14.71159858252091,unknown,0.0
Rwanda,3,3000000,1000000.0,2500000,0,500000,0,0,2017,14.914122846632385,12202060.0,16.31711534790853,14.914122846632385,unknown,0.0
Rwanda,3,3000000,1000000.0,2500000,0,500000,0,0,2018,14.914122846632385,12487996.0,16.340278420869858,14.914122846632385,unknown,0.0
Rwanda,5,2500000,500000.0,1200000,700000,550000,50000,0,2019,14.73180128983843,12776103.0,16.36308703083572,14.73180128983843,unknown,0.0
Rwanda,5,1700000,340000.0,700000,600000,350000,50000,0,2020,14.346138809026444,13065837.0,16.385511519178735,14.346138809026444,unknown,0.0
Rwanda,5,1025000,205000.0,175000,450000,350000,50000,0,2021,13.840203170554645,13355260.0,16.4074208727006,13.840203170554645,unknown,0.0
Rwanda,5,850000,170000.0,100000,300000,400000,50000,0,2022,13.652991628466498,13651030.0,16.4293255346239,13.652991628466498,unknown,0.0
Rwanda,5,675000,135000.0,200000,100000,325000,50000,0,2023,13.422467969854667,13954471.0,16.451310516674035,13.422467969854667,unknown,0.0
Rwanda,6,1425000,237500.0,150000,900000,325000,50000,0,2024,14.169682371684887,14256567.0,16.472728200629085,14.169682371684887,unknown,0.0
Saint Kitts and Nevis,1,50000,50000.0,0,50000,0,0,0,2011,10.819778284410283,46886.0,10.755474402409464,10.819778284410283,unknown,0.0
Saint Kitts and Nevis,1,50000,50000.0,0,50000,0,0,0,2012,10.819778284410283,47033.0,10.758604761975464,10.819778284410283,unknown,0.0
Saint Kitts and Nevis,1,50000,50000.0,0,50000,0,0,0,2013,10.819778284410283,47069.0,10.759369889215188,10.819778284410283,unknown,0.0
Saint Kitts and Nevis,1,50000,50000.0,0,50000,0,0,0,2014,10.819778284410283,47089.0,10.75979470708092,10.819778284410283,unknown,0.0
Saint Kitts and Nevis,1,150000,150000.0,0,150000,0,0,0,2015,11.918390573078392,47087.0,10.759752233414586,11.918390573078392,unknown,0.0
Saint Kitts and Nevis,1,250000,250000.0,0,250000,0,0,0,2016,12.429216196844383,47075.0,10.759497353525353,12.429216196844383,unknown,0.0
Saint Kitts and Nevis,2,575000,287500.0,0,500000,75000,0,0,2017,13.262125319779487,47050.0,10.758966145013526,13.262125319779487,unknown,0.0
Saint Kitts and Nevis,2,1075000,537500.0,0,1000000,75000,0,0,2018,13.8878312195439,47008.0,10.758073078973604,13.8878312195439,unknown,0.0
Saint Kitts and Nevis,2,3075000,1537500.0,0,3000000,75000,0,0,2019,14.938815459222756,46952.0,10.75688108223817,14.938815459222756,unknown,0.0
Saint Kitts and Nevis,3,3100000,1033333.3333333334,25000,3000000,75000,0,0,2020,14.946912669455374,46870.0,10.755133090916752,14.946912669455374,unknown,0.0
Saint Kitts and Nevis,3,3300000,1100000.0,25000,3200000,75000,0,0,2021,15.009433026436708,46763.0,10.752847570927493,15.009433026436708,unknown,0.0
Saint Kitts and Nevis,3,1650000,550000.0,75000,1500000,75000,0,0,2022,14.316285845876763,46709.0,10.751692144575056,14.316285845876763,unknown,0.0
Saint Kitts and Nevis,4,1550000,387500.0,75000,1200000,275000,0,0,2023,14.253765488895429,46758.0,10.752740643071617,14.253765488895429,unknown,0.0
Saint Kitts and Nevis,4,1175000,293750.0,50000,1000000,125000,0,0,2024,13.976778705560397,46843.0,10.754556863483053,13.976778705560397,unknown,0.0
Saint Lucia,1,75000,75000.0,0,75000,0,0,0,2013,11.225243392518447,173369.0,12.063177549952686,11.225243392518447,unknown,0.0
Saint Lucia,1,50000,50000.0,0,50000,0,0,0,2014,10.819778284410283,174138.0,12.067603367304594,10.819778284410283,unknown,0.0
Saint Lucia,1,25000,25000.0,0,25000,0,0,0,2015,10.126631103850338,174905.0,12.071998248362508,10.126631103850338,unknown,0.0
Saint Lucia,2,275000,137500.0,0,25000,250000,0,0,2016,12.524526376648708,175646.0,12.076225884875608,12.524526376648708,unknown,0.0
Saint Lucia,2,275000,137500.0,0,25000,250000,0,0,2017,12.524526376648708,176342.0,12.080180570302911,12.524526376648708,unknown,0.0
Saint Lucia,2,275000,137500.0,0,25000,250000,0,0,2018,12.524526376648708,177017.0,12.084001052141662,12.524526376648708,unknown,0.0
Saint Lucia,2,775000,387500.0,0,25000,750000,0,0,2019,13.560618308335483,177661.0,12.087632519036884,13.560618308335483,unknown,0.0
Saint Lucia,3,575000,191666.66666666666,0,75000,500000,0,0,2020,13.262125319779487,178250.0,12.090942338276543,13.262125319779487,unknown,0.0
Saint Lucia,3,475000,158333.33333333334,0,75000,400000,0,0,2021,13.071070083016778,178522.0,12.09246712190698,13.071070083016778,unknown,0.0
Saint Lucia,3,475000,158333.33333333334,0,75000,400000,0,0,2022,13.071070083016778,178781.0,12.09391687209303,13.071070083016778,unknown,0.0
Saint Lucia,3,375000,125000.0,0,75000,300000,0,0,2023,12.834681304952548,179285.0,12.096731997421026,12.834681304952548,unknown,0.0
Saint Lucia,3,375000,125000.0,0,75000,300000,0,0,2024,12.834681304952548,179744.0,12.09928889533216,12.834681304952548,unknown,0.0
San Marino,1,50000,50000.0,50000,0,0,0,0,2016,10.819778284410283,33101.0,10.407318772389159,10.819778284410283,unknown,0.0
San Marino,1,50000,50000.0,50000,0,0,0,0,2017,10.819778284410283,33825.0,10.42895545303899,10.819778284410283,unknown,0.0
San Marino,1,75000,75000.0,75000,0,0,0,0,2018,11.225243392518447,34522.0,10.449352080946635,11.225243392518447,unknown,0.0
San Marino,1,125000,125000.0,125000,0,0,0,0,2019,11.736069016284437,34663.0,10.453428114630672,11.736069016284437,unknown,0.0
San Marino,1,175000,175000.0,175000,0,0,0,0,2020,12.072541252905651,34770.0,10.456510225001907,12.072541252905651,unknown,0.0
San Marino,1,225000,225000.0,225000,0,0,0,0,2021,12.323855681186558,34252.0,10.441500236146082,12.323855681186558,unknown,0.0
San Marino,1,200000,200000.0,200000,0,0,0,0,2022,12.206072645530174,33755.0,10.426883833475971,12.206072645530174,unknown,0.0
San Marino,1,100000,100000.0,100000,0,0,0,0,2023,11.512925464970229,33860.0,10.429989655687127,11.512925464970229,unknown,0.0
San Marino,1,50000,50000.0,50000,0,0,0,0,2024,10.819778284410283,33977.0,10.433439104100595,10.819778284410283,unknown,0.0
Saudi Arabia,1,250000,250000.0,0,0,250000,0,0,2009,12.429216196844383,24217654.0,17.002592429300343,12.429216196844383,unknown,0.0
Saudi Arabia,2,1100000,550000.0,0,0,1100000,0,0,2010,13.9108207377686,23978487.0,16.992667611327914,13.9108207377686,unknown,0.0
Saudi Arabia,3,2200000,733333.3333333334,0,600000,1600000,0,0,2011,14.603967918328545,25091867.0,17.038054327690542,14.603967918328545,unknown,0.0
Saudi Arabia,4,2300000,575000.0,100000,600000,1600000,0,0,2012,14.648419680899378,26168861.0,17.080080750441095,14.648419680899378,unknown,0.0
Saudi Arabia,6,2850000,475000.0,200000,600000,2050000,0,0,2013,14.862829552244833,27624004.0,17.13419566285358,14.862829552244833,unknown,0.0
Saudi Arabia,7,3500000,500000.0,700000,600000,2200000,0,0,2014,15.068273526459642,28309273.0,17.158699976786604,15.068273526459642,unknown,0.0
Saudi Arabia,7,2450000,350000.0,450000,600000,1400000,0,0,2015,14.71159858252091,29816382.0,17.210568531972225,14.71159858252091,unknown,0.0
Saudi Arabia,9,2650000,294444.44444444444,650000,600000,1400000,0,0,2016,14.790070197962406,30954198.0,17.24801918602287,14.790070197962406,unknown,0.0
Saudi Arabia,11,6375000,579545.4545454546,3150000,1575000,1650000,0,0,2017,15.667894649008764,30977355.0,17.248767011645107,15.667894649008764,unknown,0.0
Saudi Arabia,12,8150000,679166.6666666666,4200000,1950000,2000000,0,0,2018,15.913528485217045,30196281.0,17.22322932906668,15.913528485217045,unknown,0.0
Saudi Arabia,13,5400000,415384.6153846154,2250000,1150000,2000000,0,0,2019,15.501909511534503,30063799.0,17.21883231487594,15.501909511534503,unknown,0.0
Saudi Arabia,13,6325000,486538.46153846156,3375000,1150000,1800000,0,0,2020,15.660020592577858,31552510.0,17.26716370004697,15.660020592577858,unknown,0.0
Saudi Arabia,13,8000000,615384.6153846154,5350000,1050000,1600000,0,0,2021,15.89495209964411,30784383.0,17.242518073898243,15.89495209964411,unknown,0.0
Saudi Arabia,13,9675000,744230.7692307692,7350000,400000,1925000,0,0,2022,16.08505579688012,32175224.0,17.286707273349194,16.08505579688012,unknown,0.0
Saudi Arabia,14,6275000,448214.28571428574,3525000,175000,2575000,0,0,2023,15.652084042982121,33702731.0,17.33308943061481,15.652084042982121,unknown,0.0
Saudi Arabia,16,7975000,498437.5,3450000,525000,3950000,0,50000,2024,15.891822206635183,35300280.0,17.3794014538834,15.891822206635183,unknown,0.0
Scotland,94,38250000,406914.89361702127,9975000,13550000,8300000,6425000,0,2005,17.45965411823682,60401206.0,17.916519629593125,17.45965411823682,unknown,0.0
Scotland,108,54350000,503240.74074074073,13650000,19925000,13050000,7725000,0,2006,17.810955171531493,60846820.0,17.923870116377337,17.810955171531493,unknown,0.0
Scotland,130,80175000,616730.7692307692,21450000,28975000,21000000,8750000,0,2007,18.199722303543492,61322463.0,17.93165677750175,18.199722303543492,unknown,0.0
Scotland,145,136680000,942620.6896551724,30600000,43650000,41300000,21130000,0,2008,18.733152985211365,61806995.0,17.93952710372494,18.733152985211365,unknown,0.0
Scotland,195,183930000,943230.7692307692,41200000,61450000,59200000,21530000,550000,2009,19.03006580840698,62276270.0,17.947091012320875,19.03006580840698,unknown,0.0
Scotland,223,219125000,982623.3183856502,49200000,80775000,67650000,20600000,900000,2010,19.205152901205672,62766365.0,17.954929898787338,19.205152901205672,unknown,0.0
Scotland,250,230480000,921920.0,51875000,90030000,64350000,23150000,1075000,2011,19.25567464874055,63258810.0,17.962744964409705,19.25567464874055,unknown,0.0
Scotland,284,249825000,879665.4929577465,52400000,100450000,71675000,24300000,1000000,2012,19.33627123071213,63711000.0,17.969867790092547,19.33627123071213,unknown,0.0
Scotland,320,243300000,760312.5,67750000,91650000,67975000,14875000,1050000,2013,19.30980580775375,64139000.0,17.976563161212827,19.30980580775375,unknown,0.0
Scotland,376,221602000,589367.0212765958,70838000,86113000,53226000,10175000,1250000,2014,19.216393538067432,64620000.0,17.984034518360627,19.216393538067432,unknown,0.0
Scotland,416,223663000,537651.4423076923,68750000,88950000,52738000,11850000,1375000,2015,19.22565101269085,65088000.0,17.99125075839037,19.22565101269085,unknown,0.0
Scotland,451,237638000,526913.5254988914,72175000,96425000,54888000,11825000,2325000,2016,19.28625906532483,65607000.0,17.999192955538568,19.28625906532483,unknown,0.0
Scotland,486,262013000,539121.3991769548,87625000,102275000,56888000,12950000,2275000,2017,19.383904678815032,65966000.0,18.00465001573942,19.383904678815032,unknown,0.0
Scotland,514,272850000,530836.5758754864,92100000,103925000,59400000,14650000,2775000,2018,19.424432751596516,66289000.0,18.009534528872233,19.424432751596516,unknown,0.0
Scotland,581,371800000,639931.1531841652,101400000,128250000,117075000,22450000,2625000,2019,19.73386663325162,66631000.0,18.014680492680636,19.73386663325162,unknown,0.0
Scotland,635,513450000,808582.6771653544,128475000,185475000,176775000,20225000,2500000,2020,20.05666321160858,66744000.0,18.016374963564047,20.05666321160858,unknown,0.0
Scotland,651,478475000,734984.6390168971,116225000,175125000,170675000,14200000,2250000,2021,19.98611452088841,66984000.0,18.019964342866405,19.98611452088841,unknown,0.0
Scotland,729,529750000,726680.3840877915,110850000,207900000,195700000,14400000,900000,2022,20.087915755112682,67604000.0,18.029177710860257,20.087915755112682,unknown,0.0
Scotland,752,539910000,717965.4255319149,115075000,194825000,214335000,14725000,950000,2023,20.106913016965496,68492000.0,18.042227508091,20.106913016965496,unknown,0.0
Scotland,789,531285000,673365.0190114068,110100000,211750000,194360000,14150000,925000,2024,20.090809158385696,69226000.0,18.05288707256521,20.090809158385696,unknown,0.0
Senegal,15,20850000,1390000.0,10200000,1200000,9450000,0,0,2005,16.852864506209084,11235472.0,16.23458647429009,16.852864506209084,unknown,0.0
Senegal,24,35300000,1470833.3333333333,18950000,2450000,13650000,250000,0,2006,17.379393521903527,11500094.0,16.257865767213115,17.379393521903527,unknown,0.0
Senegal,34,47450000,1395588.2352941176,22975000,2975000,21250000,250000,0,2007,17.675187083020212,11770344.0,16.28109370565728,17.675187083020212,unknown,0.0
Senegal,49,87400000,1783673.469387755,43500000,10800000,32800000,300000,0,2008,18.286005840625762,12048959.0,16.30448882412761,18.286005840625762,unknown,0.0
Senegal,63,109200000,1733333.3333333333,49150000,15850000,43800000,400000,0,2009,18.50869162127508,12337389.0,16.328144965722913,18.50869162127508,unknown,0.0
Senegal,73,134725000,1845547.9452054794,59925000,21550000,52000000,1250000,0,2010,18.718746221783835,12635413.0,16.352013985250835,18.718746221783835,unknown,0.0
Senegal,93,157875000,1697580.6451612904,70950000,27175000,57850000,1900000,0,2011,18.87731413863493,12958897.0,16.377293137241818,18.87731413863493,unknown,0.0
Senegal,107,175850000,1643457.9439252336,89900000,30975000,53050000,1925000,0,2012,18.985141916884267,13310495.0,16.404063379762405,18.985141916884267,unknown,0.0
Senegal,131,202500000,1545801.5267175573,108350000,38300000,53750000,2100000,0,2013,19.12625044451087,13710849.0,16.433697975222938,19.12625044451087,unknown,0.0
Senegal,153,228825000,1495588.2352941176,109500000,53425000,63600000,2300000,0,2014,19.248468077235117,14152102.0,16.465373722257628,19.248468077235117,unknown,0.0
Senegal,168,260750000,1552083.3333333333,122425000,59175000,74800000,4350000,0,2015,19.379072651845156,14593331.0,16.496075201500506,19.379072651845156,unknown,0.0
Senegal,185,294325000,1590945.945945946,135325000,69150000,83750000,6100000,0,2016,19.500195156928534,15034521.0,16.52585951490158,19.500195156928534,unknown,0.0
Senegal,203,352925000,1738546.7980295566,163275000,88950000,94700000,6000000,0,2017,19.681766127734537,15475002.0,16.554736505775637,19.681766127734537,unknown,0.0
Senegal,217,419325000,1932373.271889401,194150000,99200000,119000000,6975000,0,2018,19.854156833545094,15914498.0,16.58274107563095,19.854156833545094,unknown,0.0
Senegal,232,558935000,2409202.5862068967,223460000,109175000,210625000,15675000,0,2019,20.141543745288672,16352922.0,16.609917154936138,20.141543745288672,unknown,0.0
Senegal,257,665200000,2588326.848249027,307075000,128125000,212250000,17750000,0,2020,20.315598305283046,16789219.0,16.63624751218863,20.315598305283046,unknown,0.0
Senegal,267,591675000,2216011.2359550563,268800000,105900000,177000000,39975000,0,2021,20.19846805561354,17220867.0,16.661632404128476,20.19846805561354,unknown,0.0
Senegal,284,545025000,1919102.1126760563,242750000,103925000,152000000,46350000,0,2022,20.116342223135085,17651103.0,16.686308832308825,20.116342223135085,unknown,0.0
Senegal,292,473910000,1622979.4520547944,212950000,92135000,132775000,36050000,0,2023,19.97652798821339,18077573.0,16.710182667192086,19.97652798821339,unknown,0.0
Senegal,316,483895000,1531313.2911392406,221850000,121045000,110950000,30050000,0,2024,19.997378498996795,18501984.0,16.733388527541653,19.997378498996795,unknown,0.0
Serbia,14,44900000,3207142.8571428573,7150000,31000000,5500000,1250000,0,2005,17.619948352712484,7440769.0,15.822484761683029,17.619948352712484,unknown,0.0
Serbia,25,61000000,2440000.0,12300000,32750000,13300000,2650000,0,2006,17.926384422137584,7411569.0,15.81855271574902,17.926384422137584,unknown,0.0
Serbia,46,90550000,1968478.2608695652,19750000,39050000,28050000,3700000,0,2007,18.321412742293695,7381579.0,15.814498130330763,18.321412742293695,unknown,0.0
Serbia,87,152125000,1748563.2183908045,37400000,58525000,48450000,7750000,0,2008,18.840213109271964,7350222.0,15.810241074814519,18.840213109271964,unknown,0.0
Serbia,122,199425000,1634631.1475409835,52575000,65575000,72650000,8625000,0,2009,19.11094878376147,7320807.0,15.806231125762501,19.11094878376147,unknown,0.0
Serbia,142,250925000,1767077.4647887324,66900000,84000000,87800000,12050000,175000,2010,19.340664647664138,7291436.0,15.802211066753754,19.340664647664138,unknown,0.0
Serbia,169,285150000,1687278.1065088757,73550000,80050000,117600000,13675000,275000,2011,19.468525915566822,7236519.0,15.794650847635014,19.468525915566822,unknown,0.0
Serbia,183,315225000,1722540.9836065574,80725000,85525000,133025000,15675000,275000,2012,19.568797227523564,7201497.0,15.789799479041276,19.568797227523564,unknown,0.0
Serbia,206,318100000,1544174.7572815535,76200000,85700000,140600000,15325000,275000,2013,19.577876356719372,7166553.0,15.784935343838887,19.577876356719372,unknown,0.0
Serbia,236,347450000,1472245.7627118644,77100000,111700000,141675000,16675000,300000,2014,19.66613132772461,7131787.0,15.780072392123786,19.66613132772461,unknown,0.0
Serbia,261,373750000,1431992.337164751,96650000,128025000,132500000,16400000,175000,2015,19.739097682669172,7095383.0,15.77495484879656,19.739097682669172,unknown,0.0
Serbia,279,406700000,1457706.093189964,107475000,158000000,124600000,16175000,450000,2016,19.823586370877454,7058322.0,15.769717904165933,19.823586370877454,unknown,0.0
Serbia,295,399275000,1353474.5762711863,101925000,160325000,119425000,17050000,550000,2017,19.805160960506647,7020858.0,15.76439599075569,19.805160960506647,unknown,0.0
Serbia,304,440200000,1448026.3157894737,91625000,207925000,119400000,21000000,250000,2018,19.902739727056634,6982604.0,15.758932471069352,19.902739727056634,unknown,0.0
Serbia,327,625175000,1911850.1529051987,164875000,264250000,167300000,28500000,250000,2019,20.25354216850799,6945235.0,15.753566370891129,20.25354216850799,unknown,0.0
Serbia,344,677875000,1970566.8604651163,172800000,303600000,167775000,33400000,300000,2020,20.334473463125498,6899126.0,15.746905294877921,20.334473463125498,unknown,0.0
Serbia,363,600075000,1653099.173553719,151975000,273325000,142025000,32450000,300000,2021,20.21256520536857,6834326.0,15.737468413182793,20.21256520536857,unknown,0.0
Serbia,374,589205000,1575414.4385026738,202960000,238695000,114575000,32675000,300000,2022,20.194284728599566,6664449.0,15.71229783750987,20.194284728599566,unknown,0.0
Serbia,380,583075000,1534407.894736842,207360000,212340000,129350000,33725000,300000,2023,20.18382638098068,6623183.0,15.706086628068325,20.18382638098068,unknown,0.0
Serbia,385,550960000,1431064.9350649351,179560000,190005000,141300000,39795000,300000,2024,20.127172769200715,6586476.0,15.700529013828483,20.127172769200715,unknown,0.0
Seychelles,1,250000,250000.0,0,0,250000,0,0,2007,12.429216196844383,85033.0,11.35079469542275,12.429216196844383,unknown,0.0
Seychelles,1,350000,350000.0,0,0,350000,0,0,2008,12.765688433465597,86956.0,11.37315752257707,12.765688433465597,unknown,0.0
Seychelles,1,600000,600000.0,0,0,600000,0,0,2009,13.304684934198283,87298.0,11.377082832057821,13.304684934198283,unknown,0.0
Seychelles,1,1500000,1500000.0,0,0,1500000,0,0,2010,14.22097566607244,89770.0,11.405006122750734,14.22097566607244,unknown,0.0
Seychelles,1,3000000,3000000.0,0,0,3000000,0,0,2011,14.914122846632385,87441.0,11.378719559198565,14.914122846632385,unknown,0.0
Seychelles,1,3000000,3000000.0,0,0,3000000,0,0,2012,14.914122846632385,88303.0,11.388529361099849,14.914122846632385,unknown,0.0
Seychelles,1,2250000,2250000.0,0,0,2250000,0,0,2013,14.626440774180603,89949.0,11.4069981220295,14.626440774180603,unknown,0.0
Seychelles,1,1500000,1500000.0,0,0,1500000,0,0,2014,14.22097566607244,91359.0,11.422552079120651,14.22097566607244,unknown,0.0
Seychelles,1,1000000,1000000.0,0,0,1000000,0,0,2015,13.815510557964274,93419.0,11.444850029652843,13.815510557964274,unknown,0.0
Seychelles,1,1500000,1500000.0,0,0,1500000,0,0,2016,14.22097566607244,94677.0,11.458226377447845,14.22097566607244,unknown,0.0
Seychelles,1,1500000,1500000.0,0,0,1500000,0,0,2017,14.22097566607244,95843.0,11.470466715029657,14.22097566607244,unknown,0.0
Seychelles,1,1500000,1500000.0,0,0,1500000,0,0,2018,14.22097566607244,96762.0,11.480009634208571,14.22097566607244,unknown,0.0
Seychelles,1,1000000,1000000.0,0,0,1000000,0,0,2019,13.815510557964274,97625.0,11.488888887141988,13.815510557964274,unknown,0.0
Seychelles,1,600000,600000.0,0,0,600000,0,0,2020,13.304684934198283,98462.0,11.497425965923277,13.304684934198283,unknown,0.0
Seychelles,1,400000,400000.0,0,0,400000,0,0,2021,12.89921982609012,99258.0,11.50547779983507,12.89921982609012,unknown,0.0
Seychelles,1,400000,400000.0,0,0,400000,0,0,2022,12.89921982609012,119878.0,11.694229837941414,12.89921982609012,unknown,0.0
Seychelles,1,200000,200000.0,0,0,200000,0,0,2023,12.206072645530174,119773.0,11.69335356363654,12.206072645530174,unknown,0.0
Seychelles,1,75000,75000.0,0,0,75000,0,0,2024,11.225243392518447,121354.0,11.706467173116646,11.225243392518447,unknown,0.0
Sierra Leone,1,50000,50000.0,0,0,50000,0,0,2005,10.819778284410283,5501712.0,15.520569874494667,10.819778284410283,unknown,0.0
Sierra Leone,1,200000,200000.0,0,0,200000,0,0,2006,12.206072645530174,5624466.0,15.54263656821497,12.206072645530174,unknown,0.0
Sierra Leone,1,450000,450000.0,0,0,450000,0,0,2007,13.017002861746503,5749352.0,15.564597710770727,13.017002861746503,unknown,0.0
Sierra Leone,1,800000,800000.0,0,0,800000,0,0,2008,13.592367006650065,5894722.0,15.589567932232615,13.592367006650065,unknown,0.0
Sierra Leone,1,2000000,2000000.0,0,0,2000000,0,0,2009,14.508657738524219,6055646.0,15.616501617965532,14.508657738524219,unknown,0.0
Sierra Leone,3,2325000,775000.0,175000,150000,2000000,0,0,2010,14.659230597003594,6222714.0,15.643716703954333,14.659230597003594,unknown,0.0
Sierra Leone,6,2875000,479166.6666666667,375000,1000000,1500000,0,0,2011,14.871563232213587,6387251.0,15.669814530346788,14.871563232213587,unknown,0.0
Sierra Leone,8,11575000,1446875.0,5675000,3100000,2800000,0,0,2012,16.26435815793657,6551080.0,15.695140479515498,16.26435815793657,unknown,0.0
Sierra Leone,11,13050000,1186363.6363636365,4200000,2600000,6250000,0,0,2013,16.384298691732976,6714051.0,15.719713052561184,16.384298691732976,unknown,0.0
Sierra Leone,12,14825000,1235416.6666666667,3075000,1900000,9850000,0,0,2014,16.511825502848062,6876385.0,15.743603635773121,16.511825502848062,unknown,0.0
Sierra Leone,14,12950000,925000.0,3450000,1200000,8300000,0,0,2015,16.37660634610982,7037655.0,15.766785576054325,16.37660634610982,unknown,0.0
Sierra Leone,16,12075000,754687.5,2625000,1050000,8400000,0,0,2016,16.306647757502912,7205328.0,15.790331310321283,16.306647757502912,unknown,0.0
Sierra Leone,19,12575000,661842.1052631579,3225000,900000,8450000,0,0,2017,16.347221273950076,7379299.0,15.814189205615293,16.347221273950076,unknown,0.0
Sierra Leone,19,8250000,434210.5263157895,3125000,925000,4200000,0,0,2018,15.925723758310864,7554563.0,15.837662309527618,15.925723758310864,unknown,0.0
Sierra Leone,20,6800000,340000.0,4575000,875000,1350000,0,0,2019,15.732433170146335,7731991.0,15.86087695531589,15.732433170146335,unknown,0.0
Sierra Leone,22,9075000,412500.0,6425000,875000,1775000,0,0,2020,16.02103393811519,7912558.0,15.883961675581478,16.02103393811519,unknown,0.0
Sierra Leone,22,13400000,609090.9090909091,7475000,675000,5250000,0,0,2021,16.41076526492114,8094602.0,15.906707977733232,16.41076526492114,unknown,0.0
Sierra Leone,22,13825000,628409.0909090909,7775000,550000,5500000,0,0,2022,16.441989105372674,8276807.0,15.928967823968513,16.441989105372674,unknown,0.0
Sierra Leone,23,10760000,467826.0869565217,6825000,485000,3450000,0,0,2023,16.19134611269791,8460512.0,15.950920249845701,16.19134611269791,unknown,0.0
Sierra Leone,23,9285000,403695.652173913,6125000,610000,2550000,0,0,2024,16.043910752768944,8642022.0,15.972147141177787,16.043910752768944,unknown,0.0
Slovakia,3,2850000,950000.0,2250000,0,600000,0,0,2005,14.862829552244833,5372807.0,15.496861048723355,14.862829552244833,unknown,0.0
Slovakia,7,9200000,1314285.7142857143,2050000,100000,6700000,350000,0,2006,16.034714042019267,5373054.0,15.496907019911712,16.034714042019267,unknown,0.0
Slovakia,13,16595000,1276538.4615384615,7550000,450000,8150000,445000,0,2007,16.62461200313621,5374622.0,15.497198803923645,16.62461200313621,unknown,0.0
Slovakia,19,34525000,1817105.2631578948,12900000,6900000,13230000,1495000,0,2008,17.35719425725963,5379233.0,15.498056356918841,17.35719425725963,unknown,0.0
Slovakia,29,63445000,2187758.620689655,18400000,18075000,22900000,4070000,0,2009,17.96568394681315,5386406.0,15.499388930129118,17.96568394681315,unknown,0.0
Slovakia,35,77600000,2217142.8571428573,21100000,21150000,27400000,7950000,0,2010,18.167077985153448,5391428.0,15.500320842861019,18.167077985153448,unknown,0.0
Slovakia,51,98150000,1924509.8039215687,30050000,30500000,29100000,8500000,0,2011,18.402007478686745,5398384.0,15.501610207488255,18.402007478686745,unknown,0.0
Slovakia,52,104900000,2017307.6923076923,30175000,35400000,31250000,8075000,0,2012,18.468518073366525,5407579.0,15.503312046041517,18.468518073366525,unknown,0.0
Slovakia,63,115175000,1828174.603174603,32800000,36200000,39600000,6575000,0,2013,18.561963268786254,5413393.0,15.50438662613644,18.561963268786254,unknown,0.0
Slovakia,70,123575000,1765357.142857143,30150000,51900000,35075000,6450000,0,2014,18.632358817157296,5418649.0,15.505357080352276,18.632358817157296,unknown,0.0
Slovakia,78,116125000,1488782.0512820513,26200000,48200000,35000000,6725000,0,2015,18.57017775509828,5423801.0,15.506307419138757,18.57017775509828,unknown,0.0
Slovakia,84,111700000,1329761.9047619049,22775000,52300000,31325000,5300000,0,2016,18.53132726403943,5430798.0,15.507596642438328,18.53132726403943,unknown,0.0
Slovakia,94,119300000,1269148.9361702127,23225000,69000000,22625000,4450000,0,2017,18.597151887068144,5439232.0,15.509148432395202,18.597151887068144,unknown,0.0
Slovakia,99,145750000,1472222.2222222222,19600000,74725000,46550000,4875000,0,2018,18.797403383194876,5446771.0,15.510533513991314,18.797403383194876,unknown,0.0
Slovakia,101,191875000,1899752.4752475247,23600000,83725000,76050000,8500000,0,2019,19.072354676305736,5454147.0,15.511886794719723,19.072354676305736,unknown,0.0
Slovakia,103,189575000,1840533.9805825243,21750000,73775000,81700000,12350000,0,2020,19.060295282551273,5458827.0,15.512744489475873,19.060295282551273,unknown,0.0
Slovakia,105,158675000,1511190.4761904762,18225000,52250000,70550000,17650000,0,2021,18.88236864315681,5447247.0,15.510620901399763,18.88236864315681,unknown,0.0
Slovakia,107,165000000,1542056.074766355,16025000,46825000,87700000,14450000,0,2022,18.921456031864853,5431752.0,15.507772291802878,18.921456031864853,unknown,0.0
Slovakia,108,177450000,1643055.5555555555,14925000,61625000,89825000,11075000,0,2023,18.99419943705678,5426740.0,15.506849143292765,18.99419943705678,unknown,0.0
Slovakia,108,195470000,1809907.4074074074,23585000,65675000,98775000,7435000,0,2024,19.090917472929206,5422069.0,15.505988034891164,19.090917472929206,unknown,0.0
Slovenia,2,550000,275000.0,0,0,550000,0,0,2005,13.217673557208654,2000474.0,14.508894710444157,13.217673557208654,unknown,0.0
Slovenia,8,4950000,618750.0,200000,1500000,3000000,250000,0,2006,15.414898134544874,2006868.0,14.512085855809866,15.414898134544874,unknown,0.0
Slovenia,12,6475000,539583.3333333334,200000,3050000,2900000,275000,50000,2007,15.683459165549875,2018122.0,14.517677933965235,15.683459165549875,unknown,0.0
Slovenia,23,13385000,581956.5217391305,600000,5625000,5910000,1200000,50000,2008,16.40964523493659,2021316.0,14.519259342401579,16.40964523493659,unknown,0.0
Slovenia,36,18560000,515555.55555555556,2850000,8200000,6385000,1000000,125000,2009,16.736519285322327,2039669.0,14.528298097753687,16.736519285322327,unknown,0.0
Slovenia,56,29700000,530357.1428571428,4175000,12400000,9900000,2925000,300000,2010,17.20665760377293,2048583.0,14.532658892600047,17.20665760377293,unknown,0.0
Slovenia,58,39875000,687500.0,5975000,18825000,11525000,3200000,350000,2011,17.501260119069283,2052843.0,14.534736219623344,17.501260119069283,unknown,0.0
Slovenia,63,55000000,873015.873015873,12100000,24975000,13150000,4425000,350000,2012,17.822843743196746,2057159.0,14.536836462682349,17.822843743196746,unknown,0.0
Slovenia,75,59325000,791000.0,16250000,22825000,14125000,5875000,250000,2013,17.898541360286103,2059953.0,14.538193724971505,17.898541360286103,unknown,0.0
Slovenia,83,70725000,852108.4337349398,16350000,31800000,13525000,8800000,250000,2014,18.074309675151905,2061980.0,14.539177244190956,18.074309675151905,unknown,0.0
Slovenia,87,81450000,936206.8965517242,15200000,36875000,15675000,13450000,250000,2015,18.21549989301233,2063531.0,14.539929151081072,18.21549989301233,unknown,0.0
Slovenia,93,98875000,1063172.0430107526,18975000,37175000,16600000,25925000,200000,2016,18.40936698405209,2065042.0,14.540661123153487,18.40936698405209,unknown,0.0
Slovenia,95,133825000,1408684.2105263157,20600000,51050000,20150000,41825000,200000,2017,18.71204353424372,2066388.0,14.541312713545977,18.71204353424372,unknown,0.0
Slovenia,107,148400000,1386915.8878504673,18600000,51800000,21025000,56875000,100000,2018,18.815421888697553,2073894.0,14.544938557497325,18.815421888697553,unknown,0.0
Slovenia,115,190175000,1653695.652173913,22400000,60625000,20925000,86175000,50000,2019,19.06345525884764,2088385.0,14.551901597960658,19.06345525884764,unknown,0.0
Slovenia,119,218600000,1836974.7899159663,27550000,67050000,19875000,104075000,50000,2020,19.202754133706712,2102419.0,14.558599144522308,19.202754133706712,unknown,0.0
Slovenia,122,187675000,1538319.6721311475,29825000,46275000,18025000,93500000,50000,2021,19.05022230142334,2108079.0,14.561287664222007,19.05022230142334,unknown,0.0
Slovenia,131,159880000,1220458.0152671756,32735000,43275000,20020000,63800000,50000,2022,18.889934091807397,2112076.0,14.563181908009335,18.889934091807397,unknown,0.0
Slovenia,132,149130000,1129772.7272727273,43010000,38250000,24095000,43725000,50000,2023,18.820328966738966,2120461.0,14.567144075838945,18.820328966738966,unknown,0.0
Slovenia,136,159495000,1172757.3529411764,55835000,39500000,25660000,38450000,50000,2024,18.887523131735435,2127400.0,14.570411134799702,18.887523131735435,unknown,0.0
South Africa,2,5250000,2625000.0,0,5250000,0,0,0,2005,15.473738634567807,49490033.0,17.717281853729222,15.473738634567807,unknown,0.0
South Africa,2,3750000,1875000.0,0,3750000,0,0,0,2006,15.137266397946593,49998277.0,17.72749910279866,15.137266397946593,unknown,0.0
South Africa,2,4075000,2037500.0,0,4075000,0,0,0,2007,15.2203813046571,50528584.0,17.73804975391878,15.2203813046571,unknown,0.0
South Africa,2,3075000,1537500.0,0,3075000,0,0,0,2008,14.938815459222756,51114599.0,17.749580709087212,14.938815459222756,unknown,0.0
South Africa,8,8575000,1071875.0,800000,7625000,150000,0,0,2009,15.964361551016278,51728516.0,17.76151975415278,15.964361551016278,unknown,0.0
South Africa,14,12975000,926785.7142857143,925000,10450000,1600000,0,0,2010,16.378534987016227,52344051.0,17.77334884985494,16.378534987016227,unknown,0.0
South Africa,19,19000000,1000000.0,2300000,12900000,3650000,150000,0,2011,16.759949537130716,52995205.0,17.78571199572547,16.759949537130716,unknown,0.0
South Africa,22,23750000,1079545.4545454546,2525000,16525000,4200000,500000,0,2012,16.983093088444924,53782567.0,17.80045993916458,16.983093088444924,unknown,0.0
South Africa,27,22125000,819444.4444444445,3175000,13650000,4800000,500000,0,2013,16.91221874885827,54678791.0,17.81698645911472,16.91221874885827,unknown,0.0
South Africa,30,27400000,913333.3333333334,5825000,15050000,5525000,1000000,0,2014,17.126053571358298,55594838.0,17.83360091318413,17.126053571358298,unknown,0.0
South Africa,32,29475000,921093.75,5475000,17125000,5675000,1200000,0,2015,17.199053004387707,56723537.0,17.853699797200182,17.199053004387707,unknown,0.0
South Africa,36,27700000,769444.4444444445,5175000,17100000,4425000,1000000,0,2016,17.136942971157566,57259551.0,17.86310501617842,17.136942971157566,unknown,0.0
South Africa,38,28500000,750000.0,7550000,16200000,3950000,800000,0,2017,17.16541464523888,57635162.0,17.869643390805354,17.16541464523888,unknown,0.0
South Africa,42,28425000,676785.7142857143,8025000,16075000,3475000,850000,0,2018,17.162779597600874,58613001.0,17.886467090008196,17.162779597600874,unknown,0.0
South Africa,44,35800000,813636.3636363636,15100000,16175000,3625000,900000,0,2019,17.39345845137093,59587885.0,17.90296283956098,17.39345845137093,unknown,0.0
South Africa,46,39975000,869021.7391304348,20275000,15375000,3625000,700000,0,2020,17.503764816684292,60562381.0,17.91918448270105,17.503764816684292,unknown,0.0
South Africa,46,31525000,685326.0869565217,14475000,14675000,2075000,300000,0,2021,17.26629143981526,61502603.0,17.93459005708431,17.26629143981526,unknown,0.0
South Africa,48,27050000,563541.6666666666,11675000,13150000,1925000,300000,0,2022,17.113197563256765,62378410.0,17.94872977988032,17.113197563256765,unknown,0.0
South Africa,50,24825000,496500.0,11250000,11125000,2175000,275000,0,2023,17.02736176789551,63212384.0,17.962010789288605,17.02736176789551,unknown,0.0
South Africa,50,34050000,681000.0,22525000,8975000,2375000,175000,0,2024,17.343340590559794,64007187.0,17.974505931894125,17.343340590559794,unknown,0.0
South Korea,2,4500000,2250000.0,0,4000000,500000,0,0,2005,15.319587954740548,48184561.0,17.69054921650692,15.319587954740548,unknown,0.0
South Korea,3,10000000,3333333.3333333335,1000000,8000000,1000000,0,0,2006,16.11809565095832,48438292.0,17.695801215911906,16.11809565095832,unknown,0.0
South Korea,3,12000000,4000000.0,1000000,10000000,1000000,0,0,2007,16.300417207752275,48683638.0,17.70085355624111,16.300417207752275,unknown,0.0
South Korea,3,11500000,3833333.3333333335,1000000,10000000,500000,0,0,2008,16.25785759333348,49054708.0,17.70844672305962,16.25785759333348,unknown,0.0
South Korea,5,12350000,2470000.0,3400000,8350000,600000,0,0,2009,16.32916662103826,49307835.0,17.713593551334977,16.32916662103826,unknown,0.0
South Korea,6,24850000,4141666.6666666665,7200000,15500000,2150000,0,0,2010,17.028368310506913,49554112.0,17.71857580217899,17.028368310506913,unknown,0.0
South Korea,13,34500000,2653846.153846154,14850000,16950000,2700000,0,0,2011,17.356469882001587,49936638.0,17.726265519764812,17.356469882001587,unknown,0.0
South Korea,14,43225000,3087500.0,22225000,18700000,2300000,0,0,2012,17.58192958953363,50199853.0,17.731522656370817,17.58192958953363,unknown,0.0
South Korea,18,45975000,2554166.6666666665,23925000,18500000,3550000,0,0,2013,17.643608328454658,50428893.0,17.736074842592465,17.643608328454658,unknown,0.0
South Korea,24,47225000,1967708.3333333333,28250000,14775000,4000000,0,200000,2014,17.670433971351848,50746659.0,17.7423563412068,17.670433971351848,unknown,0.0
South Korea,25,48000000,1920000.0,24925000,15775000,7100000,0,200000,2015,17.686711568872166,51014947.0,17.74762922618088,17.686711568872166,unknown,0.0
South Korea,28,65375000,2334821.4285714286,36550000,19325000,9400000,0,100000,2016,17.99565048034936,51217803.0,17.75159774441469,17.99565048034936,unknown,0.0
South Korea,29,63400000,2186206.896551724,38100000,18550000,6600000,0,150000,2017,17.964974419407454,51361911.0,17.754407424597705,17.964974419407454,unknown,0.0
South Korea,34,69625000,2047794.1176470588,45700000,17475000,6300000,0,150000,2018,18.05863425621172,51585058.0,17.75874261487384,18.05863425621172,unknown,0.0
South Korea,38,101725000,2676973.6842105263,77050000,17850000,6625000,0,200000,2019,18.437783651852026,51764822.0,17.76222136455961,18.437783651852026,unknown,0.0
South Korea,42,155050000,3691666.6666666665,106700000,41100000,7150000,0,100000,2020,18.85925820351073,51836239.0,17.76360005722208,18.85925820351073,unknown,0.0
South Korea,44,161325000,3666477.272727273,116900000,37850000,6500000,0,75000,2021,18.898931521786178,51769539.0,17.762312484067333,18.898931521786178,unknown,0.0
South Korea,47,150075000,3193085.1063829786,103000000,35725000,11250000,0,100000,2022,18.826645727102182,51672569.0,17.760437618400346,18.826645727102182,unknown,0.0
South Korea,47,172925000,3679255.3191489363,92475000,40350000,40000000,0,100000,2023,18.968368532450924,51712619.0,17.76121239093359,18.968368532450924,unknown,0.0
South Korea,47,203325000,4326063.829787234,85775000,51725000,65725000,0,100000,2024,19.130316242017113,51751065.0,17.761955569608137,19.130316242017113,unknown,0.0
South Sudan,1,150000,150000.0,150000,0,0,0,0,2022,11.918390573078392,11021177.0,16.21532916179333,11.918390573078392,unknown,0.0
South Sudan,1,150000,150000.0,150000,0,0,0,0,2023,11.918390573078392,11483374.0,16.25641080811386,11.918390573078392,unknown,0.0
South Sudan,1,150000,150000.0,150000,0,0,0,0,2024,11.918390573078392,11943408.0,16.295690052337832,11.918390573078392,unknown,0.0
Spain,130,405825000,3121730.769230769,105900000,133350000,107325000,58850000,400000,2005,19.821432590161184,43653155.0,17.59178611713384,19.821432590161184,unknown,0.0
Spain,136,449475000,3304963.2352941176,100300000,140050000,146375000,62350000,400000,2006,19.923590792976633,44397319.0,17.60868964269645,19.923590792976633,unknown,0.0
Spain,197,555625000,2820431.4720812184,140700000,183875000,160950000,69700000,400000,2007,20.135604164232443,45226803.0,17.62720045578097,20.135604164232443,unknown,0.0
Spain,328,891750000,2718750.0,222000000,294750000,274200000,100400000,400000,2008,20.608696382203274,45954106.0,17.643153760771607,20.608696382203274,unknown,0.0
Spain,378,1155475000,3056812.1693121693,299300000,407450000,322225000,125800000,700000,2009,20.867777351789094,46362946.0,17.65201112057734,20.867777351789094,unknown,0.0
Spain,432,1416800000,3279629.6296296297,351000000,534050000,386050000,144500000,1200000,2010,21.0716666444329,46576897.0,17.65661520362785,21.0716666444329,unknown,0.0
Spain,500,1682550000,3365100.0,421250000,655000000,436900000,166500000,2900000,2011,21.243576336723617,46742697.0,17.660168587592565,21.243576336723617,unknown,0.0
Spain,557,1740300000,3124416.5170556554,418550000,694250000,450200000,172800000,4500000,2012,21.277323349104403,46773055.0,17.66081784721818,21.277323349104403,unknown,0.0
Spain,654,1963500000,3002293.5779816513,496950000,792950000,503400000,167000000,3200000,2013,21.397994431982337,46604197.0,17.657201159418005,21.397994431982337,unknown,0.0
Spain,755,2044950000,2708543.046357616,500025000,865750000,533425000,142750000,3000000,2014,21.438639176264523,46460733.0,17.654118062194566,21.438639176264523,unknown,0.0
Spain,821,2173200000,2647015.834348356,549275000,864400000,614575000,140450000,4500000,2015,21.49946657264164,46422303.0,17.653290569816026,21.49946657264164,unknown,0.0
Spain,923,2309975000,2502681.4734561215,588050000,899200000,663275000,154650000,4800000,2016,21.560502538910725,46458139.0,17.65406222854216,21.560502538910725,unknown,0.0
Spain,1149,2445100000,2128024.369016536,605925000,939950000,726575000,166350000,6300000,2017,21.617351858832375,46571232.0,17.656493569407864,21.617351858832375,unknown,0.0
Spain,1292,3049075000,2359965.1702786377,678400000,1219600000,953100000,193975000,4000000,2018,21.838104102878926,46782011.0,17.661009306652936,21.838104102878926,unknown,0.0
Spain,1396,3931150000,2816010.0286532952,825575000,1503650000,1303400000,295025000,3500000,2019,22.092197840887586,47118501.0,17.668176284407693,22.092197840887586,unknown,0.0
Spain,1500,4258150000,2838766.6666666665,1043875000,1521925000,1355675000,334475000,2200000,2020,22.172100630603698,47359424.0,17.673276386303904,22.172100630603698,unknown,0.0
Spain,1632,3710250000,2273437.5,960600000,1306150000,1184725000,257175000,1600000,2021,22.034365096740203,47443821.0,17.675056853255118,22.034365096740203,unknown,0.0
Spain,1712,3637660000,2124801.4018691587,961750000,1308260000,1135275000,231175000,1200000,2022,22.014606454730952,47786102.0,17.68224540204672,22.014606454730952,unknown,0.0
Spain,1825,3624190000,1985857.5342465753,913500000,1302370000,1147845000,259725000,750000,2023,22.010896652008903,48352528.0,17.694029063915565,22.010896652008903,unknown,0.0
Spain,1902,3738940000,1965793.9011566772,956525000,1365820000,1138695000,277200000,700000,2024,22.042067985741223,48848840.0,17.7042411900094,22.042067985741223,unknown,0.0
Suriname,1,100000,100000.0,0,100000,0,0,0,2006,11.512925464970229,524997.0,13.171147827271719,11.512925464970229,unknown,0.0
Suriname,2,1200000,600000.0,0,600000,600000,0,0,2007,13.997832114758229,531016.0,13.182547431596863,13.997832114758229,unknown,0.0
Suriname,4,4400000,1100000.0,0,850000,3550000,0,0,2008,15.29711509888849,537245.0,13.194209507807193,15.29711509888849,unknown,0.0
Suriname,8,4600000,575000.0,0,1425000,3175000,0,0,2009,15.341566861459324,543568.0,13.205910092712573,15.341566861459324,unknown,0.0
Suriname,11,7050000,640909.0909090909,50000,3800000,3200000,0,0,2010,15.768538174788452,549923.0,13.217533547407738,15.768538174788452,unknown,0.0
Suriname,16,7775000,485937.5,400000,3750000,3625000,0,0,2011,15.866424016029573,556269.0,13.22900726918261,15.866424016029573,unknown,0.0
Suriname,16,11375000,710937.5,1300000,5150000,4925000,0,0,2012,16.246928522801287,562633.0,13.240382829556575,16.246928522801287,unknown,0.0
Suriname,22,17275000,785227.2727272727,2900000,6950000,7325000,100000,0,2013,16.664770927618008,569020.0,13.25167086187563,16.664770927618008,unknown,0.0
Suriname,25,20525000,821000.0,3650000,9500000,7275000,100000,0,2014,16.837154213302767,575373.0,13.262773805119584,16.837154213302767,unknown,0.0
Suriname,30,29950000,998333.3333333334,5900000,9900000,13400000,750000,0,2015,17.215039882525733,581627.0,13.273584627782775,17.215039882525733,unknown,0.0
Suriname,33,35400000,1072727.2727272727,6900000,13250000,12700000,2550000,0,2016,17.382222378104004,587757.0,13.284068876157,17.382222378104004,unknown,0.0
Suriname,35,38150000,1090000.0,7225000,14000000,14850000,2075000,0,2017,17.45703631569474,593713.0,13.294151316599805,17.45703631569474,unknown,0.0
Suriname,41,46200000,1126829.268292683,12100000,12250000,20000000,1850000,0,2018,17.64849035605197,599513.0,13.303872937951876,17.64849035605197,unknown,0.0
Suriname,43,50275000,1169186.046511628,15475000,12550000,20550000,1700000,0,2019,17.73301849362299,605768.0,13.314252353466339,17.73301849362299,unknown,0.0
Suriname,45,57075000,1268333.3333333333,21425000,9550000,24075000,2025000,0,2020,17.859876750380135,612317.0,13.32500540124852,17.859876750380135,unknown,0.0
Suriname,48,51625000,1075520.8333333333,20150000,7700000,22350000,1425000,0,2021,17.75951660924547,617896.0,13.33407543748871,17.75951660924547,unknown,0.0
Suriname,50,45000000,900000.0,19625000,5500000,18575000,1300000,0,2022,17.622173047734595,623164.0,13.342565005502998,17.622173047734595,unknown,0.0
Suriname,51,56075000,1099509.8039215687,32850000,5050000,16475000,1700000,0,2023,17.842200638370546,628886.0,13.35170527919302,17.842200638370546,unknown,0.0
Suriname,51,58275000,1142647.0588235294,34150000,5650000,16625000,1850000,0,2024,17.880683742886095,634431.0,13.360483813178273,17.880683742886095,unknown,0.0
Sweden,11,48750000,4431818.181818182,27000000,8000000,9250000,4500000,0,2005,17.70221575540813,9029572.0,16.01601552670619,17.70221575540813,unknown,0.0
Sweden,23,65425000,2844565.217391304,37275000,11850000,12300000,4000000,0,2006,17.996415006380484,9080505.0,16.02164036577101,17.996415006380484,unknown,0.0
Sweden,42,73175000,1742261.9047619049,34115000,17320000,15575000,6165000,0,2007,18.108364390542224,9148092.0,16.029055890917263,18.108364390542224,unknown,0.0
Sweden,54,107855000,1997314.8148148148,59555000,23950000,18475000,5875000,0,2008,18.496298290410955,9219637.0,16.036846223824966,18.496298290410955,unknown,0.0
Sweden,75,151225000,2016333.3333333333,79275000,30900000,35250000,5800000,0,2009,18.834279351957253,9298515.0,16.045365267954335,18.834279351957253,unknown,0.0
Sweden,92,182525000,1983967.391304348,87575000,40450000,44200000,10300000,0,2010,19.022397707906425,9378126.0,16.053890514241985,19.022397707906425,unknown,0.0
Sweden,104,174940000,1682115.3846153845,67815000,48625000,46275000,12225000,0,2011,18.97995361595598,9449213.0,16.06144201557864,18.97995361595598,unknown,0.0
Sweden,122,212230000,1739590.1639344261,83690000,60665000,54775000,13100000,0,2012,19.173181150211825,9519374.0,16.068839648302987,19.173181150211825,unknown,0.0
Sweden,143,217990000,1524405.5944055945,89150000,65700000,51300000,11840000,0,2013,19.1999597481416,9600379.0,16.07731313482545,19.1999597481416,unknown,0.0
Sweden,154,212405000,1379253.2467532468,76925000,69690000,53900000,11890000,0,2014,19.17400538754463,9696110.0,16.08723533211137,19.17400538754463,unknown,0.0
Sweden,175,211030000,1205885.7142857143,72600000,70605000,54875000,12950000,0,2015,19.167510861428497,9799186.0,16.097809878966537,19.167510861428497,unknown,0.0
Sweden,193,211765000,1097227.9792746115,71025000,66465000,61150000,13125000,0,2016,19.170987727240185,9923085.0,16.110374418817567,19.170987727240185,unknown,0.0
Sweden,205,217340000,1060195.1219512196,68425000,64665000,71850000,12400000,0,2017,19.19697350559898,10057698.0,16.12384886941319,19.19697350559898,unknown,0.0
Sweden,217,247165000,1139009.2165898618,86925000,59690000,86825000,13725000,0,2018,19.325566687763082,10175214.0,16.135465321012795,19.325566687763082,unknown,0.0
Sweden,224,277915000,1240691.9642857143,95075000,60365000,101550000,20925000,0,2019,19.442825869506517,10278887.0,16.145602543647346,19.442825869506517,unknown,0.0
Sweden,232,330890000,1426250.0,113375000,87790000,110700000,19025000,0,2020,19.617296551824733,10353442.0,16.152829582776178,19.617296551824733,unknown,0.0
Sweden,247,337575000,1366700.4048582995,122950000,105575000,94375000,14675000,0,2021,19.63729826581138,10415811.0,16.158835498104573,19.63729826581138,unknown,0.0
Sweden,268,360925000,1346735.0746268656,150650000,99300000,100450000,10525000,0,2022,19.70418073848015,10486941.0,16.165641326787558,19.70418073848015,unknown,0.0
Sweden,277,416625000,1504061.3718411552,182325000,126025000,96625000,11650000,0,2023,19.847697094592178,10536632.0,16.170368505420207,19.847697094592178,unknown,0.0
Sweden,286,523425000,1830157.3426573426,230925000,172200000,108825000,11475000,0,2024,20.0759043115356,10569709.0,16.173502826720043,20.0759043115356,unknown,0.0
Switzerland,17,8495000,499705.8823529412,0,2320000,5525000,650000,0,2005,15.954988313088169,7437115.0,15.8219935627903,15.954988313088169,unknown,0.0
Switzerland,23,24675000,1072826.0869565217,50000,12025000,9700000,2900000,0,2006,17.021301143283818,7483934.0,15.828269147523763,17.021301143283818,unknown,0.0
Switzerland,27,38850000,1438888.888888889,200000,19150000,14950000,4550000,0,2007,17.47521863477793,7551117.0,15.837206057301994,17.47521863477793,unknown,0.0
Switzerland,33,60275000,1826515.1515151516,225000,28400000,26700000,4950000,0,2008,17.91442798203151,7647675.0,15.849912238040572,17.91442798203151,unknown,0.0
Switzerland,45,80525000,1789444.4444444445,4150000,40300000,26825000,9250000,0,2009,18.204078253181535,7743831.0,15.86240708435331,18.204078253181535,unknown,0.0
Switzerland,55,95350000,1733636.3636363635,6675000,43200000,29325000,16150000,0,2010,18.373064890010703,7824909.0,15.872822664929897,18.373064890010703,unknown,0.0
Switzerland,67,118475000,1768283.5820895522,10775000,57400000,33900000,16400000,0,2011,18.590212525817925,7912398.0,15.883941454356219,18.590212525817925,unknown,0.0
Switzerland,73,147100000,2015068.493150685,15275000,72400000,48825000,10600000,0,2012,18.806623185571667,7996861.0,15.894559647644897,18.806623185571667,unknown,0.0
Switzerland,83,166850000,2010240.9638554216,17350000,76625000,59250000,13625000,0,2013,18.932605763161657,8089346.0,15.906058445223021,18.932605763161657,unknown,0.0
Switzerland,89,217900000,2448314.606741573,30600000,91375000,76450000,19475000,0,2014,19.19954679991485,8188649.0,15.918259484957348,19.19954679991485,unknown,0.0
Switzerland,109,245750000,2254587.1559633026,44275000,87300000,89325000,24850000,0,2015,19.31982531699155,8282396.0,15.929642856482122,19.31982531699155,unknown,0.0
Switzerland,120,273700000,2280833.3333333335,56550000,94125000,90350000,32675000,0,2016,19.427543174010907,8373338.0,15.940563168220848,19.427543174010907,unknown,0.0
Switzerland,124,282625000,2279233.870967742,57875000,104200000,92050000,28500000,0,2017,19.459631488562408,8451840.0,15.949894727108234,19.459631488562408,unknown,0.0
Switzerland,131,288700000,2203816.7938931296,53825000,116750000,89475000,28650000,0,2018,19.480898644633164,8514329.0,15.95726106685996,19.480898644633164,unknown,0.0
Switzerland,140,410900000,2935000.0,64375000,154925000,155125000,36475000,0,2019,19.833860433853637,8575280.0,15.964394203544403,19.833860433853637,unknown,0.0
Switzerland,148,459550000,3105067.5675675673,82250000,170800000,160125000,46375000,0,2020,19.945758307768394,8638167.0,15.971700965494877,19.945758307768394,unknown,0.0
Switzerland,153,411600000,2690196.0784313725,81575000,152650000,137200000,40175000,0,2021,19.835562561924167,8704546.0,15.979355975889842,19.835562561924167,unknown,0.0
Switzerland,163,396550000,2432822.0858895704,84050000,136025000,131075000,45400000,0,2022,19.798312694493603,8777088.0,15.987655247728846,19.798312694493603,unknown,0.0
Switzerland,166,397050000,2391867.4698795183,89850000,133200000,123175000,50825000,0,2023,19.799572775305496,8888822.0,16.000305090273624,19.799572775305496,unknown,0.0
Switzerland,169,429700000,2542603.550295858,95200000,132175000,129425000,72900000,0,2024,19.878597848745223,9005582.0,16.013355165264404,19.878597848745223,unknown,0.0
Syria,1,500000,500000.0,0,0,0,0,500000,2007,13.122363377404328,20884125.0,16.85449985893807,13.122363377404328,unknown,0.0
Syria,1,800000,800000.0,0,0,0,0,800000,2008,13.592367006650065,21636564.0,16.8898952192987,13.592367006650065,unknown,0.0
Syria,1,1500000,1500000.0,0,0,0,0,1500000,2009,14.22097566607244,21976969.0,16.905505599341762,14.22097566607244,unknown,0.0
Syria,1,1000000,1000000.0,0,0,0,0,1000000,2010,13.815510557964274,22482421.0,16.928244272920534,13.815510557964274,unknown,0.0
Syria,1,400000,400000.0,0,0,0,0,400000,2011,12.89921982609012,22878098.0,16.945690591649804,12.89921982609012,unknown,0.0
Syria,2,575000,287500.0,0,75000,0,0,500000,2012,13.262125319779487,22759763.0,16.940504754162916,13.262125319779487,unknown,0.0
Syria,2,2125000,1062500.0,0,125000,0,0,2000000,2013,14.569282360340654,21666917.0,16.89129709297121,14.569282360340654,unknown,0.0
Syria,3,2400000,800000.0,0,400000,0,0,2000000,2014,14.690979295318174,20273659.0,16.824833015211166,14.690979295318174,unknown,0.0
Syria,3,3850000,1283333.3333333333,0,1050000,0,0,2800000,2015,15.163583706263967,19424618.0,16.782051788644953,15.163583706263967,unknown,0.0
Syria,4,4900000,1225000.0,0,3100000,0,0,1800000,2016,15.404745763080856,19193834.0,16.77009963958631,15.404745763080856,unknown,0.0
Syria,5,16275000,3255000.0,0,15775000,0,0,500000,2017,16.605140746058908,19224668.0,16.771704804026115,16.605140746058908,unknown,0.0
Syria,6,16650000,2775000.0,0,16400000,50000,0,200000,2018,16.627920774390727,19577845.0,16.789909127722424,16.627920774390727,unknown,0.0
Syria,7,21100000,3014285.714285714,250000,20450000,200000,0,200000,2019,16.864783598446294,20353534.0,16.828765115709224,16.864783598446294,unknown,0.0
Syria,8,12000000,1500000.0,200000,11250000,450000,0,100000,2020,16.300417207752275,21049429.0,16.862383991834015,16.300417207752275,unknown,0.0
Syria,8,15100000,1887500.0,475000,13925000,600000,0,100000,2021,16.530205301785152,21628839.0,16.8895381210379,16.530205301785152,unknown,0.0
Syria,9,24400000,2711111.111111111,800000,21700000,1800000,0,100000,2022,17.01009369026343,22462173.0,16.927343252371994,17.01009369026343,unknown,0.0
Syria,9,23750000,2638888.888888889,1200000,20250000,2200000,0,100000,2023,16.983093088444924,23594623.0,16.976529405053544,16.983093088444924,unknown,0.0
Syria,9,19300000,2144444.4444444445,1350000,15500000,2350000,0,100000,2024,16.775615653875114,24672760.0,17.021210359021207,16.775615653875114,unknown,0.0
São Tomé and Príncipe,1,300000,300000.0,0,0,300000,0,0,2011,12.611537753638338,185649.0,12.131613073110783,12.611537753638338,unknown,0.0
São Tomé and Príncipe,2,1050000,525000.0,800000,0,250000,0,0,2012,13.864300722133706,189439.0,12.15182235194763,13.864300722133706,unknown,0.0
São Tomé and Príncipe,2,1200000,600000.0,800000,0,400000,0,0,2013,13.997832114758229,193148.0,12.17121201339417,13.997832114758229,unknown,0.0
São Tomé and Príncipe,3,3000000,1000000.0,2600000,0,400000,0,0,2014,14.914122846632385,196767.0,12.189775566613108,14.914122846632385,unknown,0.0
São Tomé and Príncipe,3,2900000,966666.6666666666,2500000,0,400000,0,0,2015,14.880221294956703,200291.0,12.207526588043311,14.880221294956703,unknown,0.0
São Tomé and Príncipe,3,2250000,750000.0,1850000,0,400000,0,0,2016,14.626440774180603,203689.0,12.224349599774955,14.626440774180603,unknown,0.0
São Tomé and Príncipe,3,1800000,600000.0,1500000,0,300000,0,0,2017,14.403297222866392,206970.0,12.240329134208263,14.403297222866392,unknown,0.0
São Tomé and Príncipe,4,1825000,456250.0,1525000,0,300000,0,0,2018,14.417090544998729,210187.0,12.255752889651369,14.417090544998729,unknown,0.0
São Tomé and Príncipe,4,1500000,375000.0,1300000,0,200000,0,0,2019,14.22097566607244,213392.0,12.270886128862175,14.22097566607244,unknown,0.0
São Tomé and Príncipe,4,1425000,356250.0,1275000,0,150000,0,0,2020,14.169682371684887,217435.0,12.28965523427143,14.169682371684887,unknown,0.0
São Tomé and Príncipe,5,1050000,210000.0,850000,0,200000,0,0,2021,13.864300722133706,221961.0,12.310256969745963,13.864300722133706,unknown,0.0
São Tomé and Príncipe,5,825000,165000.0,575000,0,250000,0,0,2022,13.623138665316818,226305.0,12.329638925942284,13.623138665316818,unknown,0.0
São Tomé and Príncipe,5,700000,140000.0,450000,0,250000,0,0,2023,13.458835614025542,230871.0,12.349614391958927,13.458835614025542,unknown,0.0
São Tomé and Príncipe,5,625000,125000.0,175000,0,450000,0,0,2024,13.345506928718539,235536.0,12.369619046997794,13.345506928718539,unknown,0.0
Tahiti,1,2500000,2500000.0,2500000,0,0,0,0,2005,14.73180128983843,259507.0,12.466538956176093,14.73180128983843,unknown,0.0
Tahiti,1,2000000,2000000.0,2000000,0,0,0,0,2006,14.508657738524219,263223.0,12.480756860633601,14.508657738524219,unknown,0.0
Tahiti,1,3000000,3000000.0,3000000,0,0,0,0,2007,14.914122846632385,266438.0,12.49289685011852,14.914122846632385,unknown,0.0
Tahiti,1,3500000,3500000.0,3500000,0,0,0,0,2008,15.068273526459642,268379.0,12.500155439587942,15.068273526459642,unknown,0.0
Tahiti,1,3300000,3300000.0,3300000,0,0,0,0,2009,15.009433026436708,269481.0,12.504253165918238,15.009433026436708,unknown,0.0
Tahiti,1,4700000,4700000.0,4700000,0,0,0,0,2010,15.363073066680286,270580.0,12.508323082157352,15.363073066680286,unknown,0.0
Tahiti,1,5000000,5000000.0,5000000,0,0,0,0,2011,15.424948470398375,271727.0,12.51255316478704,15.424948470398375,unknown,0.0
Tahiti,1,1250000,1250000.0,1250000,0,0,0,0,2012,14.038654109278484,273084.0,12.51753471914722,14.038654109278484,unknown,0.0
Tahiti,1,500000,500000.0,500000,0,0,0,0,2013,13.122363377404328,274728.0,12.523536796266422,13.122363377404328,unknown,0.0
Tahiti,1,400000,400000.0,400000,0,0,0,0,2014,12.89921982609012,276387.0,12.529557336484459,12.89921982609012,unknown,0.0
Tahiti,1,400000,400000.0,400000,0,0,0,0,2015,12.89921982609012,277866.0,12.534894262078007,12.89921982609012,unknown,0.0
Tahiti,1,400000,400000.0,400000,0,0,0,0,2016,12.89921982609012,279178.0,12.539604850204137,12.89921982609012,unknown,0.0
Tahiti,1,400000,400000.0,400000,0,0,0,0,2017,12.89921982609012,280087.0,12.542855548175414,12.89921982609012,unknown,0.0
Tahiti,1,400000,400000.0,400000,0,0,0,0,2018,12.89921982609012,279815.0,12.541883949497798,12.89921982609012,unknown,0.0
Tahiti,1,400000,400000.0,400000,0,0,0,0,2019,12.89921982609012,279034.0,12.539088917177997,12.89921982609012,unknown,0.0
Tahiti,1,400000,400000.0,400000,0,0,0,0,2020,12.89921982609012,279209.0,12.539715884307839,12.89921982609012,unknown,0.0
Tahiti,1,400000,400000.0,400000,0,0,0,0,2021,12.89921982609012,279792.0,12.541801748953441,12.89921982609012,unknown,0.0
Tahiti,1,400000,400000.0,400000,0,0,0,0,2022,12.89921982609012,280378.0,12.543893971720681,12.89921982609012,unknown,0.0
Tahiti,1,400000,400000.0,400000,0,0,0,0,2023,12.89921982609012,281118.0,12.546529788996072,12.89921982609012,unknown,0.0
Tahiti,1,400000,400000.0,400000,0,0,0,0,2024,12.89921982609012,281807.0,12.54897771845048,12.89921982609012,unknown,0.0
Tajikistan,1,200000,200000.0,0,0,200000,0,0,2008,12.206072645530174,7338403.0,15.808631801985959,12.206072645530174,unknown,0.0
Tajikistan,1,200000,200000.0,0,0,200000,0,0,2009,12.206072645530174,7490230.0,15.82911006263208,12.206072645530174,unknown,0.0
Tajikistan,2,275000,137500.0,0,0,275000,0,0,2010,12.524526376648708,7652141.0,15.850496035927662,12.524526376648708,unknown,0.0
Tajikistan,2,275000,137500.0,0,0,275000,0,0,2011,12.524526376648708,7824785.0,15.872806817974679,12.524526376648708,unknown,0.0
Tajikistan,3,525000,175000.0,0,200000,325000,0,0,2012,13.17115354157376,8014084.0,15.896711051780395,13.17115354157376,unknown,0.0
Tajikistan,4,675000,168750.0,0,250000,425000,0,0,2013,13.422467969854667,8216724.0,15.921682147448147,13.422467969854667,unknown,0.0
Tajikistan,4,1100000,275000.0,0,600000,500000,0,0,2014,13.9108207377686,8425552.0,15.946779551344239,13.9108207377686,unknown,0.0
Tajikistan,4,1000000,250000.0,0,500000,500000,0,0,2015,13.815510557964274,8643840.0,15.972357486488505,13.815510557964274,unknown,0.0
Tajikistan,4,1050000,262500.0,0,500000,550000,0,0,2016,13.864300722133706,8865631.0,15.997692673750361,13.864300722133706,unknown,0.0
Tajikistan,4,850000,212500.0,0,300000,550000,0,0,2017,13.652991628466498,9085946.0,16.022239382074492,13.652991628466498,unknown,0.0
Tajikistan,5,1225000,245000.0,0,600000,500000,125000,0,2018,14.018451401960965,9307333.0,16.046313142048568,14.018451401960965,unknown,0.0
Tajikistan,5,1450000,290000.0,0,700000,600000,150000,0,2019,14.187074114396758,9529966.0,16.069951707943012,14.187074114396758,unknown,0.0
Tajikistan,5,1650000,330000.0,0,800000,550000,300000,0,2020,14.316285845876763,9749310.0,16.092707071239,14.316285845876763,unknown,0.0
Tajikistan,6,1875000,312500.0,25000,1100000,450000,300000,0,2021,14.444119217386648,9966908.0,16.114780963446474,14.444119217386648,unknown,0.0
Tajikistan,6,2075000,345833.3333333333,25000,1400000,300000,350000,0,2022,14.545471711646936,10182222.0,16.13615381638882,14.545471711646936,unknown,0.0
Tajikistan,6,2000000,333333.3333333333,150000,1400000,250000,200000,0,2023,14.508657738524219,10389799.0,16.15633501736374,14.508657738524219,unknown,0.0
Tajikistan,6,2150000,358333.3333333333,300000,1300000,250000,300000,0,2024,14.580978400103845,10590927.0,16.175508249157353,14.580978400103845,unknown,0.0
Tanzania,1,500000,500000.0,500000,0,0,0,0,2013,13.122363377404328,48824128.0,17.70373517486451,13.122363377404328,unknown,0.0
Tanzania,1,500000,500000.0,500000,0,0,0,0,2014,13.122363377404328,50351512.0,17.73453920646942,13.122363377404328,unknown,0.0
Tanzania,1,500000,500000.0,500000,0,0,0,0,2015,13.122363377404328,52020962.0,17.76715731070114,13.122363377404328,unknown,0.0
Tanzania,1,500000,500000.0,500000,0,0,0,0,2016,13.122363377404328,53824013.0,17.801230263842672,13.122363377404328,unknown,0.0
Tanzania,1,1500000,1500000.0,1500000,0,0,0,0,2017,14.22097566607244,55652890.0,17.834644566053505,14.22097566607244,unknown,0.0
Tanzania,1,3000000,3000000.0,3000000,0,0,0,0,2018,14.914122846632385,57437145.0,17.86620177742996,14.914122846632385,unknown,0.0
Tanzania,1,6500000,6500000.0,6500000,0,0,0,0,2019,15.687312734865866,59174891.0,17.89600787136854,15.687312734865866,unknown,0.0
Tanzania,1,12000000,12000000.0,12000000,0,0,0,0,2020,16.300417207752275,60972798.0,17.92593838825303,16.300417207752275,unknown,0.0
Tanzania,2,8100000,4050000.0,8100000,0,0,0,0,2021,15.907374619642667,62830412.0,17.95594978173468,15.907374619642667,unknown,0.0
Tanzania,4,4550000,1137500.0,4400000,150000,0,0,0,2022,15.330637790927133,64711821.0,17.985454447573986,15.330637790927133,unknown,0.0
Tanzania,4,3400000,850000.0,2850000,550000,0,0,0,2023,15.03928598958639,66617606.0,18.014479454929518,15.03928598958639,unknown,0.0
Tanzania,4,3750000,937500.0,2950000,800000,0,0,0,2024,15.137266397946593,68560157.0,18.04322212221617,15.137266397946593,unknown,0.0
Thailand,1,200000,200000.0,200000,0,0,0,0,2008,12.206072645530174,67619830.0,18.029411841191756,12.206072645530174,unknown,0.0
Thailand,1,200000,200000.0,200000,0,0,0,0,2009,12.206072645530174,68121080.0,18.036797268007714,12.206072645530174,unknown,0.0
Thailand,1,200000,200000.0,200000,0,0,0,0,2010,12.206072645530174,68579447.0,18.043503441391152,12.206072645530174,unknown,0.0
Thailand,2,300000,150000.0,200000,0,0,100000,0,2011,12.611537753638338,69007208.0,18.04972152087369,12.611537753638338,unknown,0.0
Thailand,2,300000,150000.0,200000,0,0,100000,0,2012,12.611537753638338,69436098.0,18.055917434341204,12.611537753638338,unknown,0.0
Thailand,3,325000,108333.33333333333,200000,0,25000,100000,0,2013,12.691580461311874,69845114.0,18.06179069132801,12.691580461311874,unknown,0.0
Thailand,3,325000,108333.33333333333,200000,0,25000,100000,0,2014,12.691580461311874,70216367.0,18.06709198996938,12.691580461311874,unknown,0.0
Thailand,3,1300000,433333.3333333333,1000000,0,200000,100000,0,2015,14.077874822431765,70540795.0,18.071701752909977,14.077874822431765,unknown,0.0
Thailand,3,1300000,433333.3333333333,800000,0,300000,200000,0,2016,14.077874822431765,70859841.0,18.076214413537947,14.077874822431765,unknown,0.0
Thailand,3,1200000,400000.0,700000,0,200000,300000,0,2017,13.997832114758229,71160187.0,18.080444048639286,13.997832114758229,unknown,0.0
Thailand,3,1200000,400000.0,650000,0,150000,400000,0,2018,13.997832114758229,71376079.0,18.083473343164187,13.997832114758229,unknown,0.0
Thailand,4,1950000,487500.0,650000,0,500000,800000,0,2019,14.48333993053993,71522271.0,18.08551944168111,14.48333993053993,unknown,0.0
Thailand,5,2100000,420000.0,1050000,0,550000,500000,0,2020,14.557447902693651,71641484.0,18.087184849626773,14.557447902693651,unknown,0.0
Thailand,5,2175000,435000.0,1175000,0,600000,400000,0,2021,14.592539222504922,71727332.0,18.08838243237392,14.592539222504922,unknown,0.0
Thailand,8,2450000,306250.0,1400000,0,800000,250000,0,2022,14.71159858252091,71735329.0,18.088493917828778,14.71159858252091,unknown,0.0
Thailand,9,2525000,280555.55555555556,1150000,300000,875000,200000,0,2023,14.741751620691597,71702435.0,18.088035265941585,14.741751620691597,unknown,0.0
Thailand,9,2600000,288888.8888888889,1350000,300000,800000,150000,0,2024,14.77102200299171,71668011.0,18.08755505538743,14.77102200299171,unknown,0.0
Togo,1,150000,150000.0,150000,0,0,0,0,2001,11.918390573078392,5277382.0,15.478940699383115,11.918390573078392,unknown,0.0
Togo,1,150000,150000.0,150000,0,0,0,0,2002,11.918390573078392,5413274.0,15.504364643378496,11.918390573078392,unknown,0.0
Togo,1,150000,150000.0,150000,0,0,0,0,2003,11.918390573078392,5552167.0,15.529698859967127,11.918390573078392,unknown,0.0
Togo,1,150000,150000.0,150000,0,0,0,0,2004,11.918390573078392,5696508.0,15.555363913490426,11.918390573078392,unknown,0.0
Togo,3,6900000,2300000.0,6150000,0,0,750000,0,2005,15.747031969567487,5844631.0,15.581034020014373,15.747031969567487,unknown,0.0
Togo,4,8450000,2112500.0,7700000,0,0,750000,0,2006,15.949676999333356,6010668.0,15.609046448421422,15.949676999333356,unknown,0.0
Togo,7,16000000,2285714.285714286,14900000,600000,100000,400000,0,2007,16.588099280204055,6188344.0,15.638178080597301,16.588099280204055,unknown,0.0
Togo,8,18300000,2287500.0,17400000,600000,100000,200000,0,2008,16.722411617811648,6368812.0,15.666923510940133,16.722411617811648,unknown,0.0
Togo,12,31650000,2637500.0,29500000,1700000,150000,300000,0,2009,17.270248706554458,6551865.0,15.695260299907165,17.270248706554458,unknown,0.0
Togo,12,37475000,3122916.6666666665,33600000,3000000,375000,500000,0,2010,17.439184601952935,6732590.0,15.722470471569629,17.439184601952935,unknown,0.0
Togo,13,37400000,2876923.076923077,32700000,3500000,950000,250000,0,2011,17.43718126238476,6916474.0,15.749416660163215,17.43718126238476,unknown,0.0
Togo,16,35025000,2189062.5,27950000,5750000,825000,500000,0,2012,17.371572650187346,7100736.0,15.775708998610844,17.371572650187346,unknown,0.0
Togo,18,32550000,1808333.3333333333,24600000,6075000,875000,1000000,0,2013,17.29828792661885,7285442.0,15.801388668385895,17.29828792661885,unknown,0.0
Togo,22,27275000,1239772.7272727273,18425000,6750000,1100000,1000000,0,2014,17.12148108968341,7472450.0,15.826733481916774,17.12148108968341,unknown,0.0
Togo,23,26450000,1150000.0,18800000,5450000,1200000,1000000,0,2015,17.090766716268583,7663195.0,15.851939556581664,17.090766716268583,unknown,0.0
Togo,25,21550000,862000.0,15350000,4250000,1450000,500000,0,2016,16.88588637451403,7858289.0,15.877079456230312,16.88588637451403,unknown,0.0
Togo,28,23025000,822321.4285714285,15250000,4750000,2775000,250000,0,2017,16.952091140105644,8057140.0,15.902069212802981,16.952091140105644,unknown,0.0
Togo,29,32850000,1132758.6206896552,18975000,4300000,9325000,250000,0,2018,17.307462302894894,8258778.0,15.92678719266406,17.307462302894894,unknown,0.0
Togo,29,45975000,1585344.8275862068,25650000,3075000,17000000,250000,0,2019,17.643608328454658,8463068.0,15.95122231359574,17.643608328454658,unknown,0.0
Togo,32,56150000,1754687.5,25925000,2950000,27025000,250000,0,2020,17.843537239148727,8669720.0,15.975347052964171,17.843537239148727,unknown,0.0
Togo,35,48100000,1374285.7142857143,18325000,1925000,27350000,500000,0,2021,17.68879273507599,8878379.0,15.999129553259934,17.68879273507599,unknown,0.0
Togo,36,41075000,1140972.2222222222,24125000,1750000,14700000,500000,0,2022,17.530910221887606,9089738.0,16.022656642855985,17.530910221887606,unknown,0.0
Togo,41,34075000,831097.5609756098,20275000,2800000,10650000,350000,0,2023,17.34407453554687,9304337.0,16.045991193504896,17.34407453554687,unknown,0.0
Togo,42,29975000,713690.4761904762,18300000,3275000,8100000,300000,0,2024,17.215874258877854,9515236.0,16.06840486134752,17.215874258877854,unknown,0.0
Trinidad and Tobago,2,100000,50000.0,100000,0,0,0,0,2005,11.512925464970229,1294494.0,14.073630443168781,11.512925464970229,unknown,0.0
Trinidad and Tobago,2,500000,250000.0,500000,0,0,0,0,2006,13.122363377404328,1297944.0,14.076292032018094,13.122363377404328,unknown,0.0
Trinidad and Tobago,2,1050000,525000.0,1050000,0,0,0,0,2007,13.864300722133706,1303188.0,14.080324128124447,13.864300722133706,unknown,0.0
Trinidad and Tobago,3,9550000,3183333.3333333335,9250000,300000,0,0,0,2008,16.07205171245691,1308587.0,14.084458487087518,16.07205171245691,unknown,0.0
Trinidad and Tobago,3,9550000,3183333.3333333335,9250000,300000,0,0,0,2009,16.07205171245691,1310106.0,14.085618607934343,16.07205171245691,unknown,0.0
Trinidad and Tobago,6,12595000,2099166.6666666665,11525000,1050000,20000,0,0,2010,16.348810467768846,1317714.0,14.091408975050022,16.348810467768846,unknown,0.0
Trinidad and Tobago,6,13100000,2183333.3333333335,11775000,1300000,25000,0,0,2011,16.38812278817138,1328019.0,14.099198916145085,16.38812278817138,unknown,0.0
Trinidad and Tobago,6,11900000,1983333.3333333333,10275000,1600000,25000,0,0,2012,16.292048958081757,1335194.0,14.104587157610858,16.292048958081757,unknown,0.0
Trinidad and Tobago,6,7825000,1304166.6666666667,5275000,2300000,250000,0,0,2013,15.872834294390492,1340557.0,14.10859575720136,15.872834294390492,unknown,0.0
Trinidad and Tobago,6,8575000,1429166.6666666667,4275000,3300000,1000000,0,0,2014,15.964361551016278,1345343.0,14.112159557093724,15.964361551016278,unknown,0.0
Trinidad and Tobago,6,7175000,1195833.3333333333,3275000,2400000,1500000,0,0,2015,15.786113319609958,1349667.0,14.11536845332072,15.786113319609958,unknown,0.0
Trinidad and Tobago,7,5475000,782142.8571428572,2875000,1600000,1000000,0,0,2016,15.515702833666838,1353895.0,14.118496181441447,15.515702833666838,unknown,0.0
Trinidad and Tobago,7,4400000,628571.4285714285,2200000,1600000,600000,0,0,2017,15.29711509888849,1356633.0,14.120516452717936,15.29711509888849,unknown,0.0
Trinidad and Tobago,7,4900000,700000.0,1700000,2700000,500000,0,0,2018,15.404745763080856,1359193.0,14.12240169923831,15.404745763080856,unknown,0.0
Trinidad and Tobago,7,4100000,585714.2857142857,1400000,1700000,1000000,0,0,2019,15.226497531674536,1363985.0,14.125921120257628,15.226497531674536,unknown,0.0
Trinidad and Tobago,8,5200000,650000.0,2000000,2300000,900000,0,0,2020,15.464169183551656,1366725.0,14.127927925022366,15.464169183551656,unknown,0.0
Trinidad and Tobago,8,5700000,712500.0,3800000,1350000,550000,0,0,2021,15.555976732804778,1367558.0,14.128537225541566,15.555976732804778,unknown,0.0
Trinidad and Tobago,10,6800000,680000.0,5000000,1200000,600000,0,0,2022,15.732433170146335,1365805.0,14.12725455636053,15.732433170146335,unknown,0.0
Trinidad and Tobago,10,7250000,725000.0,6100000,600000,550000,0,0,2023,15.796512026830857,1367510.0,14.128502125865795,15.796512026830857,unknown,0.0
Trinidad and Tobago,11,14550000,1322727.2727272727,13050000,700000,800000,0,0,2024,16.493101551581777,1368333.0,14.129103768595167,16.493101551581777,unknown,0.0
Tunisia,7,7850000,1121428.5714285714,1250000,300000,6300000,0,0,2005,15.876024089758591,10255472.0,16.14332197475806,15.876024089758591,unknown,0.0
Tunisia,9,9400000,1044444.4444444445,975000,450000,7975000,0,0,2006,16.056220247240233,10346410.0,16.15215015760246,16.056220247240233,unknown,0.0
Tunisia,9,10275000,1141666.6666666667,1250000,1100000,7925000,0,0,2007,16.14522431834657,10441702.0,16.161318153951264,16.14522431834657,unknown,0.0
Tunisia,16,17100000,1068750.0,2900000,4300000,9650000,0,250000,2008,16.654589021472887,10542635.0,16.170938069832697,16.654589021472887,unknown,0.0
Tunisia,20,24700000,1235000.0,7775000,4550000,12075000,0,300000,2009,17.022313801598205,10650681.0,16.18113439173737,17.022313801598205,unknown,0.0
Tunisia,25,33775000,1351000.0,12425000,5400000,15650000,0,300000,2010,17.335231441810535,10765980.0,16.191901720401148,17.335231441810535,unknown,0.0
Tunisia,37,43025000,1162837.8378378379,19400000,4800000,18525000,0,300000,2011,17.577291900061876,10886035.0,16.202991333109825,17.577291900061876,unknown,0.0
Tunisia,40,47925000,1198125.0,21700000,7750000,18275000,0,200000,2012,17.685147846895983,11009647.0,16.21428244642284,17.685147846895983,unknown,0.0
Tunisia,50,53700000,1074000.0,20925000,11275000,21075000,250000,175000,2013,17.798923559479093,11141361.0,16.226174957352864,17.798923559479093,unknown,0.0
Tunisia,54,55450000,1026851.8518518518,24675000,12300000,18050000,250000,175000,2014,17.83099227176065,11274288.0,16.238035292800305,17.83099227176065,unknown,0.0
Tunisia,58,63700000,1098275.8620689656,27450000,14050000,19900000,2000000,300000,2015,17.96969512054239,11402264.0,16.24932249013828,17.96969512054239,unknown,0.0
Tunisia,63,63350000,1005555.5555555555,25100000,13850000,21550000,2500000,350000,2016,17.964185464731422,11528674.0,16.26034788129522,17.964185464731422,unknown,0.0
Tunisia,70,62975000,899642.8571428572,25675000,15000000,20550000,1250000,500000,2017,17.95824838020295,11650498.0,16.27085948384348,17.95824838020295,unknown,0.0
Tunisia,76,60500000,796052.6315789474,23625000,18325000,17050000,1000000,500000,2018,17.91815392300107,11765514.0,16.280683268097043,17.91815392300107,unknown,0.0
Tunisia,79,95525000,1209177.2151898735,39750000,32525000,21850000,1000000,400000,2019,18.37489855129724,11875081.0,16.289952728914347,18.37489855129724,unknown,0.0
Tunisia,84,104500000,1244047.619047619,35125000,33525000,34750000,900000,200000,2020,18.46469762936914,11974057.0,16.298252950770117,18.46469762936914,unknown,0.0
Tunisia,86,79950000,929651.1627906977,21975000,29200000,28175000,475000,125000,2021,18.196911997244236,12048622.0,16.304460854515224,18.196911997244236,unknown,0.0
Tunisia,91,87600000,962637.3626373627,22250000,39675000,25075000,550000,50000,2022,18.28829155590662,12119334.0,16.31031258660056,18.28829155590662,unknown,0.0
Tunisia,92,90100000,979347.8260869565,19050000,46125000,24375000,500000,50000,2023,18.316430722578566,12200431.0,16.316981836948322,18.316430722578566,unknown,0.0
Tunisia,97,107785000,1111185.5670103093,22100000,60200000,24885000,550000,50000,2024,18.49564906018967,12277109.0,16.32324702951405,18.49564906018967,unknown,0.0
Turkey,89,126420000,1420449.4382022473,44100000,32490000,40100000,9730000,0,2005,18.655120255008427,69329557.0,18.054381881167984,18.655120255008427,unknown,0.0
Turkey,119,144105000,1210966.3865546219,42900000,47575000,43645000,9985000,0,2006,18.786052758494087,70045349.0,18.064653433111182,18.786052758494087,unknown,0.0
Turkey,151,167560000,1109668.8741721853,47765000,54225000,54370000,11200000,0,2007,18.936852054043108,70158112.0,18.06626199574594,18.936852054043108,unknown,0.0
Turkey,221,267400000,1209954.7511312217,73525000,77100000,94700000,22075000,0,2008,19.404256222632117,71051678.0,18.07891802939951,19.404256222632117,unknown,0.0
Turkey,321,358025000,1115342.6791277258,107050000,104700000,120525000,25750000,0,2009,19.69611337432904,72039206.0,18.092721056556655,19.69611337432904,unknown,0.0
Turkey,378,393900000,1042063.4920634921,114725000,120300000,130975000,27900000,0,2010,19.791607627941133,73142150.0,18.107915365932982,19.791607627941133,unknown,0.0
Turkey,436,423625000,971616.9724770642,120400000,134700000,137925000,30575000,25000,2011,19.86435918789149,74223629.0,18.1225931075779,19.86435918789149,unknown,0.0
Turkey,517,509720000,985918.7620889748,130945000,172610000,167415000,38700000,50000,2012,20.04937211330835,75175827.0,18.135340287776028,20.04937211330835,unknown,0.0
Turkey,605,558225000,922685.9504132231,142925000,190125000,181800000,43275000,100000,2013,20.14027266487836,76147624.0,18.14818443524283,20.14027266487836,unknown,0.0
Turkey,762,556025000,729691.6010498687,144800000,183850000,186600000,40625000,150000,2014,20.13632381523278,77181884.0,18.16167532424485,20.13632381523278,unknown,0.0
Turkey,859,690925000,804336.4377182771,193125000,217900000,230450000,49250000,200000,2015,20.353541837491015,78218479.0,18.175016481947893,20.353541837491015,unknown,0.0
Turkey,951,760025000,799185.0683491062,224450000,232875000,241875000,60525000,300000,2016,20.448861885440472,79277962.0,18.188470741298378,20.448861885440472,unknown,0.0
Turkey,1058,691250000,653355.3875236295,204125000,210475000,225050000,51400000,200000,2017,20.35401211080082,80312698.0,18.201438298420424,20.35401211080082,unknown,0.0
Turkey,1132,540500000,477473.49823321553,158225000,173350000,168475000,40300000,150000,2018,20.108005195043535,81407204.0,18.21497432828527,20.108005195043535,unknown,0.0
Turkey,1271,482325000,379484.65774980333,151825000,163275000,136500000,30575000,150000,2019,19.99412871865331,82579440.0,18.229271297096247,19.99412871865331,unknown,0.0
Turkey,1425,563000000,395087.7192982456,145300000,170225000,206750000,40575000,150000,2020,20.148790186103966,83384680.0,18.23897515740978,20.148790186103966,unknown,0.0
Turkey,1539,677525000,440237.166991553,150200000,212300000,252300000,62575000,150000,2021,20.333957010406333,84147318.0,18.24807960643542,20.333957010406333,unknown,0.0
Turkey,1609,712135000,442594.77936606586,156640000,218560000,255755000,81030000,150000,2022,20.383778058144735,84979913.0,18.257925468880117,20.383778058144735,unknown,0.0
Turkey,1692,773425000,457106.9739952719,183135000,268700000,247405000,74035000,150000,2023,20.46633926141462,85325965.0,18.261989362391304,20.46633926141462,unknown,0.0
Turkey,1813,772605000,426147.2697186983,199290000,269895000,242535000,60735000,150000,2024,20.465278479829667,85518661.0,18.26424516740227,20.465278479829667,unknown,0.0
Turkmenistan,1,75000,75000.0,75000,0,0,0,0,2013,11.225243392518447,5939341.0,15.597108742423282,11.225243392518447,unknown,0.0
Turkmenistan,1,200000,200000.0,200000,0,0,0,0,2014,12.206072645530174,6075283.0,15.619739130468009,12.206072645530174,unknown,0.0
Turkmenistan,1,200000,200000.0,200000,0,0,0,0,2015,12.206072645530174,6215770.0,15.642600169058055,12.206072645530174,unknown,0.0
Turkmenistan,1,100000,100000.0,100000,0,0,0,0,2016,11.512925464970229,6360041.0,15.665545381836406,11.512925464970229,unknown,0.0
Turkmenistan,1,100000,100000.0,100000,0,0,0,0,2017,11.512925464970229,6507061.0,15.688398452952928,11.512925464970229,unknown,0.0
Turkmenistan,1,100000,100000.0,100000,0,0,0,0,2018,11.512925464970229,6655524.0,15.710957744502826,11.512925464970229,unknown,0.0
Turkmenistan,1,100000,100000.0,100000,0,0,0,0,2019,11.512925464970229,6803944.0,15.733013002011344,11.512925464970229,unknown,0.0
Turkmenistan,1,250000,250000.0,250000,0,0,0,0,2020,12.429216196844383,6949912.0,15.75423955559031,12.429216196844383,unknown,0.0
Turkmenistan,1,200000,200000.0,200000,0,0,0,0,2021,12.206072645530174,7092043.0,15.774484009327624,12.206072645530174,unknown,0.0
Turkmenistan,1,150000,150000.0,150000,0,0,0,0,2022,11.918390573078392,7230193.0,15.793776288107845,11.918390573078392,unknown,0.0
Turkmenistan,1,100000,100000.0,100000,0,0,0,0,2023,11.512925464970229,7364438.0,15.812173298110597,11.512925464970229,unknown,0.0
Turkmenistan,1,100000,100000.0,100000,0,0,0,0,2024,11.512925464970229,7494498.0,15.829679709290387,11.512925464970229,unknown,0.0
Uganda,1,600000,600000.0,600000,0,0,0,0,2010,13.304684934198283,32390802.0,17.29338505156959,13.304684934198283,unknown,0.0
Uganda,1,800000,800000.0,800000,0,0,0,0,2011,13.592367006650065,33354543.0,17.322704542937604,13.592367006650065,unknown,0.0
Uganda,3,825000,275000.0,775000,0,50000,0,0,2012,13.623138665316818,34337438.0,17.35174680377792,13.623138665316818,unknown,0.0
Uganda,3,875000,291666.6666666667,825000,0,50000,0,0,2013,13.681979165339751,35337042.0,17.380442320164228,13.681979165339751,unknown,0.0
Uganda,7,1750000,250000.0,1400000,0,350000,0,0,2014,14.375126345899696,36395539.0,17.409956770151442,14.375126345899696,unknown,0.0
Uganda,8,1900000,237500.0,1025000,0,875000,0,0,2015,14.457364444136669,37531446.0,17.440689699545633,14.457364444136669,unknown,0.0
Uganda,10,4975000,497500.0,1700000,50000,3225000,0,0,2016,15.41993592857483,38799152.0,17.47390894868456,15.41993592857483,unknown,0.0
Uganda,12,5500000,458333.3333333333,1500000,800000,3200000,0,0,2017,15.520258650202699,40177388.0,17.508814907771583,15.520258650202699,unknown,0.0
Uganda,12,5975000,497916.6666666667,1075000,900000,4000000,0,0,2018,15.603094655781849,41565831.0,17.542789017529863,15.603094655781849,unknown,0.0
Uganda,12,6025000,502083.3333333333,1175000,1100000,3750000,0,0,2019,15.611428037340993,42999637.0,17.57670223176174,15.611428037340993,unknown,0.0
Uganda,14,7850000,560714.2857142857,1525000,2450000,3875000,0,0,2020,15.876024089758591,44457152.0,17.6100364068687,15.876024089758591,unknown,0.0
Uganda,15,7050000,470000.0,1350000,2900000,2800000,0,0,2021,15.768538174788452,45910930.0,17.642213773044848,15.768538174788452,unknown,0.0
Uganda,15,6675000,445000.0,1650000,1850000,3175000,0,0,2022,15.713879762250587,47312719.0,17.672289717949116,15.713879762250587,unknown,0.0
Uganda,17,5775000,339705.8823529412,1425000,1700000,2650000,0,0,2023,15.569048814372131,48656601.0,17.700298040845357,15.569048814372131,unknown,0.0
Uganda,17,4775000,280882.35294117645,1400000,1100000,2275000,0,0,2024,15.378904531896968,50015092.0,17.72783535784789,15.378904531896968,unknown,0.0
Ukraine,15,16400000,1093333.3333333333,7550000,6300000,50000,2500000,0,2005,16.612791892794426,47585556.0,17.678039827774633,16.612791892794426,unknown,0.0
Ukraine,17,26600000,1564705.8823529412,12100000,11950000,50000,2500000,0,2006,17.096421773751928,47278694.0,17.67157030800717,17.096421773751928,unknown,0.0
Ukraine,22,41150000,1870454.5454545454,16700000,19550000,1800000,3100000,0,2007,17.532734485087353,47062798.0,17.666993395509653,17.532734485087353,unknown,0.0
Ukraine,123,112050000,910975.6097560975,35650000,35975000,28225000,12200000,0,2008,18.53445575821121,46819175.0,17.661803399196867,18.53445575821121,unknown,0.0
Ukraine,239,185480000,776066.9456066946,49625000,66840000,48695000,20320000,0,2009,19.038457617487534,46623731.0,17.657620218399682,19.038457617487534,unknown,0.0
Ukraine,313,225100000,719169.3290734824,58300000,76425000,69225000,21150000,0,2010,19.232055305876962,46456003.0,17.654016250611257,19.232055305876962,unknown,0.0
Ukraine,347,246650000,710806.916426513,62275000,81600000,79800000,22975000,0,2011,19.32348088564402,46307853.0,17.650822115905207,19.32348088564402,unknown,0.0
Ukraine,367,267500000,728882.8337874659,71450000,87300000,85550000,23200000,0,2012,19.404630124300336,46210056.0,17.64870799470462,19.404630124300336,unknown,0.0
Ukraine,388,294075000,757925.2577319588,73450000,93725000,98225000,28675000,0,2013,19.499345394810778,46126770.0,17.646904033572444,19.499345394810778,unknown,0.0
Ukraine,417,318975000,764928.0575539569,79975000,99250000,105275000,34375000,100000,2014,19.58062328777208,45972380.0,17.643551339337606,19.58062328777208,unknown,0.0
Ukraine,525,321950000,613238.0952380953,87050000,98675000,101775000,34250000,200000,2015,19.589906811948467,45784896.0,17.639464813035094,19.589906811948467,unknown,0.0
Ukraine,640,350800000,548125.0,93900000,120175000,104000000,32525000,200000,2016,19.6757268184623,45616832.0,17.63578732918257,19.6757268184623,unknown,0.0
Ukraine,689,332625000,482764.87663280114,89975000,113400000,101625000,27425000,200000,2017,19.622526287262126,45436041.0,17.63181620270121,19.622526287262126,unknown,0.0
Ukraine,748,328950000,439772.7272727273,91175000,112925000,100000000,24650000,200000,2018,19.611416321496282,45208907.0,17.6268046829113,19.611416321496282,unknown,0.0
Ukraine,855,380575000,445116.9590643275,108250000,124825000,117950000,29250000,300000,2019,19.757193824909592,44957458.0,17.621227222805405,19.757193824909592,unknown,0.0
Ukraine,910,430850000,473461.53846153844,126725000,126750000,149925000,27125000,325000,2020,19.88127055965005,44680014.0,17.615036845504527,19.88127055965005,unknown,0.0
Ukraine,1018,431375000,423747.5442043222,115500000,129525000,156325000,29725000,300000,2021,19.88248833938244,44298640.0,17.60646453476985,19.88248833938244,unknown,0.0
Ukraine,1123,507635000,452034.7284060552,124625000,152785000,185850000,44100000,275000,2022,20.045273243358086,41048766.0,17.530271332509532,20.045273243358086,unknown,0.0
Ukraine,1205,545260000,452497.92531120335,150400000,144385000,198655000,51545000,275000,2023,20.116773303088745,37732836.0,17.446041254766374,20.116773303088745,unknown,0.0
Ukraine,1257,645010000,513134.44709626096,178150000,155140000,239925000,71520000,275000,2024,20.284776378515833,37860221.0,17.44941154102371,20.284776378515833,unknown,0.0
United Arab Emirates,1,200000,200000.0,0,0,200000,0,0,2012,12.206072645530174,7391448.0,15.815834214190641,12.206072645530174,unknown,0.0
United Arab Emirates,1,150000,150000.0,0,0,150000,0,0,2013,11.918390573078392,7693031.0,15.855825412070285,11.918390573078392,unknown,0.0
United Arab Emirates,1,150000,150000.0,0,0,150000,0,0,2014,11.918390573078392,8059440.0,15.90235463316085,11.918390573078392,unknown,0.0
United Arab Emirates,1,150000,150000.0,0,0,150000,0,0,2015,11.918390573078392,8505237.0,15.95619264938505,11.918390573078392,unknown,0.0
United Arab Emirates,1,350000,350000.0,0,0,350000,0,0,2016,12.765688433465597,8935095.0,16.005497338863854,12.765688433465597,unknown,0.0
United Arab Emirates,1,350000,350000.0,0,0,350000,0,0,2017,12.765688433465597,9223225.0,16.037235317453195,12.765688433465597,unknown,0.0
United Arab Emirates,1,200000,200000.0,0,0,200000,0,0,2018,12.206072645530174,9346701.0,16.05053400477963,12.206072645530174,unknown,0.0
United Arab Emirates,1,200000,200000.0,0,0,200000,0,0,2019,12.206072645530174,9445785.0,16.061079168222147,12.206072645530174,unknown,0.0
United Arab Emirates,1,300000,300000.0,0,0,300000,0,0,2020,12.611537753638338,9401038.0,16.0563306666757,12.611537753638338,unknown,0.0
United Arab Emirates,1,100000,100000.0,0,0,100000,0,0,2021,11.512925464970229,9575152.0,16.074681967578613,11.512925464970229,unknown,0.0
United Arab Emirates,1,100000,100000.0,0,0,100000,0,0,2022,11.512925464970229,10074977.0,16.125565382916005,11.512925464970229,unknown,0.0
United Arab Emirates,1,50000,50000.0,0,0,50000,0,0,2023,10.819778284410283,10483751.0,16.16533709266647,10.819778284410283,unknown,0.0
United Arab Emirates,2,250000,125000.0,0,0,250000,0,0,2024,12.429216196844383,10986400.0,16.21216870219821,12.429216196844383,unknown,0.0
United States,8,11000000,1375000.0,1000000,1500000,2650000,5850000,0,2005,16.213405830762646,295516599.0,19.504235565821638,16.213405830762646,unknown,0.0
United States,9,16675000,1852777.7777777778,1050000,2000000,8450000,5175000,0,2006,16.62942114976596,298379912.0,19.513878104993,16.62942114976596,unknown,0.0
United States,12,21000000,1750000.0,1100000,4600000,9950000,5350000,0,2007,16.860032995687696,301231207.0,19.523388657420725,16.860032995687696,unknown,0.0
United States,14,27550000,1967857.142857143,1825000,7000000,10450000,8275000,0,2008,17.131513093563196,304093966.0,19.53284731029355,17.131513093563196,unknown,0.0
United States,21,45725000,2177380.9523809524,8850000,15000000,9750000,12125000,0,2009,17.638155752241204,306771529.0,19.54161382328158,17.638155752241204,unknown,0.0
United States,27,53700000,1988888.888888889,11225000,16275000,11475000,14725000,0,2010,17.798923559479093,309378227.0,19.5500751219399,17.798923559479093,unknown,0.0
United States,38,58725000,1545394.7368421052,14600000,16700000,11675000,15750000,0,2011,17.88837608850925,311839461.0,19.557999065271545,17.88837608850925,unknown,0.0
United States,45,66550000,1478888.888888889,19300000,16775000,16550000,13925000,0,2012,18.013464102805393,314339099.0,19.56598289428526,18.013464102805393,unknown,0.0
United States,46,76575000,1664673.9130434783,25775000,20125000,21775000,8900000,0,2013,18.153781210683114,316726282.0,19.573548495119628,18.153781210683114,unknown,0.0
United States,50,81100000,1622000.0,28800000,24300000,18200000,9800000,0,2014,18.21119351908564,319257560.0,19.581508733097717,18.21119351908564,unknown,0.0
United States,55,78050000,1419090.9090909092,25600000,24675000,18175000,9600000,0,2015,18.172860204925716,321815121.0,19.589487780231543,18.172860204925716,unknown,0.0
United States,65,74225000,1141923.076923077,23100000,22000000,19700000,9425000,0,2016,18.122611578614098,324353340.0,19.597344035088433,18.122611578614098,unknown,0.0
United States,79,91675000,1160443.0379746836,32075000,22300000,29350000,7950000,0,2017,18.333760271921665,326608609.0,19.60427309761435,18.333760271921665,unknown,0.0
United States,101,143775000,1423514.8514851485,70975000,27200000,38400000,7200000,0,2018,18.78376013556409,328529577.0,19.610137428365576,18.78376013556409,unknown,0.0
United States,115,194175000,1688478.2608695652,85550000,47925000,48700000,12000000,0,2019,19.084270372269984,330226227.0,19.61528851391572,19.084270372269984,unknown,0.0
United States,129,255125000,1977713.1782945737,95550000,77975000,65050000,16550000,0,2020,19.357264179094283,331577720.0,19.619372789583306,19.357264179094283,unknown,0.0
United States,145,337075000,2324655.172413793,104025000,141250000,79575000,12225000,0,2021,19.635816015484412,332099760.0,19.62094596367282,19.635816015484412,unknown,0.0
United States,150,417050000,2780333.3333333335,105350000,197700000,100000000,14000000,0,2022,19.848716676651893,334017321.0,19.626703408877766,19.848716676651893,unknown,0.0
United States,160,449460000,2809125.0,114475000,202175000,111000000,21810000,0,2023,19.92355742015212,336806231.0,19.635018340755135,19.92355742015212,unknown,0.0
United States,164,463975000,2829115.8536585364,127575000,185375000,128875000,22150000,0,2024,19.955341229428644,340110988.0,19.64478255760019,19.955341229428644,unknown,0.0
Uruguay,5,17250000,3450000.0,0,14750000,1500000,1000000,0,2005,16.663322701441643,3285771.0,15.005111885558708,16.663322701441643,unknown,0.0
Uruguay,7,17750000,2535714.285714286,0,12250000,4000000,1500000,0,2006,16.691896073885697,3289506.0,15.006247959491935,16.691896073885697,unknown,0.0
Uruguay,12,20500000,1708333.3333333333,250000,10450000,8300000,1500000,0,2007,16.835935444108635,3295153.0,15.007963158831615,16.835935444108635,unknown,0.0
Uruguay,27,65230000,2415925.925925926,18000000,22500000,22430000,2300000,0,2008,17.99343004377228,3302177.0,15.010092505902012,17.99343004377228,unknown,0.0
Uruguay,36,112225000,3117361.111111111,29700000,31925000,49200000,1400000,0,2009,18.53601634263227,3310091.0,15.012486239422465,18.53601634263227,unknown,0.0
Uruguay,49,143300000,2924489.7959183673,49050000,35450000,54800000,4000000,0,2010,18.7804508927984,3318580.0,15.015047538554926,18.7804508927984,unknown,0.0
Uruguay,77,209375000,2719155.8441558443,83625000,44025000,71100000,10625000,0,2011,19.159637460543603,3326825.0,15.017528953677303,19.159637460543603,unknown,0.0
Uruguay,90,241800000,2686666.6666666665,96050000,49350000,82175000,14225000,0,2012,19.303621496144967,3335401.0,15.020103469983686,19.303621496144967,unknown,0.0
Uruguay,100,263525000,2635250.0,107700000,56500000,84575000,14750000,0,2013,19.389658798105526,3345337.0,15.023077993853944,19.389658798105526,unknown,0.0
Uruguay,114,306325000,2687061.403508772,149650000,52400000,86575000,17700000,0,2014,19.540157187799785,3356334.0,15.02635986485908,19.540157187799785,unknown,0.0
Uruguay,128,337550000,2637109.375,170150000,52600000,94050000,20750000,0,2015,19.637224205452153,3368017.0,15.029834701837554,19.637224205452153,unknown,0.0
Uruguay,139,382225000,2749820.143884892,189475000,62450000,109225000,21075000,0,2016,19.76151999841095,3379283.0,15.033174114778898,19.76151999841095,unknown,0.0
Uruguay,146,406350000,2783219.178082192,187625000,66525000,135150000,17050000,0,2017,19.82272541516349,3388438.0,15.035879606209265,19.82272541516349,unknown,0.0
Uruguay,151,460875000,3052152.317880795,197500000,117275000,132700000,13400000,0,2018,19.948637414518583,3394534.0,15.037677048876358,19.948637414518583,unknown,0.0
Uruguay,156,583225000,3738621.794871795,213975000,193950000,167600000,7700000,0,2019,20.184083604680975,3397206.0,15.038463887046799,20.184083604680975,unknown,0.0
Uruguay,167,603250000,3612275.4491017964,171300000,250750000,174100000,7100000,0,2020,20.217842262469414,3398968.0,15.03898241410025,20.217842262469414,unknown,0.0
Uruguay,177,572300000,3233333.3333333335,160825000,239400000,166275000,5800000,0,2021,20.165173887379332,3396695.0,15.038313458007293,20.165173887379332,unknown,0.0
Uruguay,185,525175000,2838783.7837837837,149375000,187225000,181725000,6850000,0,2022,20.07924209834602,3390913.0,15.036609764630022,20.07924209834602,unknown,0.0
Uruguay,188,610610000,3247925.5319148935,170475000,228750000,203385000,8000000,0,2023,20.229969015464714,3388081.0,15.035774242378563,20.229969015464714,unknown,0.0
Uruguay,190,643455000,3386605.263157895,158550000,255095000,220210000,9600000,0,2024,20.282362652485304,3386588.0,15.03533348283026,20.282362652485304,unknown,0.0
Uzbekistan,1,2500000,2500000.0,2500000,0,0,0,0,2005,14.73180128983843,26356975.0,17.087243503805578,14.73180128983843,unknown,0.0
Uzbekistan,3,2800000,933333.3333333334,2700000,0,100000,0,0,2006,14.845129975145433,26699043.0,17.100138280031484,14.845129975145433,unknown,0.0
Uzbekistan,3,2800000,933333.3333333334,2700000,0,100000,0,0,2007,14.845129975145433,27076008.0,17.11415858007521,14.845129975145433,unknown,0.0
Uzbekistan,3,5200000,1733333.3333333333,4200000,0,1000000,0,0,2008,15.464169183551656,27494774.0,17.129506508213964,15.464169183551656,unknown,0.0
Uzbekistan,3,4600000,1533333.3333333333,3200000,0,1400000,0,0,2009,15.341566861459324,27939328.0,17.145545859964834,15.341566861459324,unknown,0.0
Uzbekistan,6,3700000,616666.6666666666,1300000,600000,1800000,0,0,2010,15.123843377614453,28385506.0,17.161389220744795,15.123843377614453,unknown,0.0
Uzbekistan,6,5350000,891666.6666666666,1950000,1100000,2300000,0,0,2011,15.49260711887219,28823196.0,17.17669103759889,15.49260711887219,unknown,0.0
Uzbekistan,6,10150000,1691666.6666666667,2700000,4950000,2500000,0,0,2012,16.13298426345207,29261903.0,17.191796989035385,16.13298426345207,unknown,0.0
Uzbekistan,6,10250000,1708333.3333333333,1950000,6300000,2000000,0,0,2013,16.14278826354869,29724065.0,17.207467545042196,16.14278826354869,unknown,0.0
Uzbekistan,9,10050000,1116666.6666666667,1350000,6700000,2000000,0,0,2014,16.12308319246936,30222994.0,17.2241135833627,16.12308319246936,unknown,0.0
Uzbekistan,9,12950000,1438888.888888889,1350000,6600000,5000000,0,0,2015,16.37660634610982,30749346.0,17.241379283697945,16.37660634610982,unknown,0.0
Uzbekistan,9,16950000,1883333.3333333333,1700000,9250000,6000000,0,0,2016,16.645778391790735,31284568.0,17.25863549878482,16.645778391790735,unknown,0.0
Uzbekistan,15,19400000,1293333.3333333333,4625000,8450000,6250000,75000,0,2017,16.780783624033557,31819178.0,17.27557974773069,16.780783624033557,unknown,0.0
Uzbekistan,17,17525000,1030882.3529411765,5475000,7600000,4350000,100000,0,2018,16.679138990884926,32373490.0,17.292850435969612,16.679138990884926,unknown,0.0
Uzbekistan,18,17800000,988888.8888888889,6450000,8650000,2600000,100000,0,2019,16.694709015262312,32964701.0,17.310947880262404,16.694709015262312,unknown,0.0
Uzbekistan,20,21175000,1058750.0,12575000,6600000,1950000,50000,0,2020,16.868331798502393,33586372.0,17.32963094741934,16.868331798502393,unknown,0.0
Uzbekistan,21,21350000,1016666.6666666666,13700000,5550000,2050000,50000,0,2021,16.87656229763891,34243696.0,17.34901304733752,16.87656229763891,unknown,0.0
Uzbekistan,24,27925000,1163541.6666666667,19325000,6100000,2450000,50000,0,2022,17.14503290291954,34938955.0,17.369112953808493,17.14503290291954,unknown,0.0
Uzbekistan,26,22125000,850961.5384615385,14250000,4750000,3075000,50000,0,2023,16.91221874885827,35652307.0,17.389324415213284,16.91221874885827,unknown,0.0
Uzbekistan,26,25375000,975961.5384615385,15275000,5750000,4300000,50000,0,2024,17.049274995326225,36361859.0,17.409030953579343,17.049274995326225,unknown,0.0
Venezuela,1,1500000,1500000.0,0,1500000,0,0,0,2005,14.22097566607244,26785804.0,17.10338260364715,14.22097566607244,unknown,0.0
Venezuela,1,1500000,1500000.0,0,1500000,0,0,0,2006,14.22097566607244,27224686.0,17.1196346931998,14.22097566607244,unknown,0.0
Venezuela,3,2100000,700000.0,0,1500000,600000,0,0,2007,14.557447902693651,27649363.0,17.135113247692555,14.557447902693651,unknown,0.0
Venezuela,8,5800000,725000.0,200000,2100000,2000000,1500000,0,2008,15.573368475516649,28053696.0,17.149630945958656,15.573368475516649,unknown,0.0
Venezuela,10,19400000,1940000.0,900000,10000000,7000000,1500000,0,2009,16.780783624033557,28438298.0,17.163247315820186,16.780783624033557,unknown,0.0
Venezuela,19,27750000,1460526.3157894737,2700000,12950000,10300000,1800000,0,2010,17.138746398156716,28813101.0,17.176340737505765,17.138746398156716,unknown,0.0
Venezuela,23,38550000,1676086.956521739,7700000,16850000,12200000,1800000,0,2011,17.467466657973613,29185212.0,17.189172700599126,17.467466657973613,unknown,0.0
Venezuela,25,49175000,1967000.0,16500000,17775000,13000000,1900000,0,2012,17.7108959222394,29553826.0,17.201723768900468,17.7108959222394,unknown,0.0
Venezuela,30,56875000,1895833.3333333333,18725000,18950000,17300000,1900000,0,2013,17.85636643523539,29912198.0,17.213776915034135,17.85636643523539,unknown,0.0
Venezuela,32,49400000,1543750.0,20550000,11800000,14450000,2600000,0,2014,17.715460982158152,30254079.0,17.225141576325836,17.715460982158152,unknown,0.0
Venezuela,34,56675000,1666911.7647058824,28825000,9950000,15500000,2400000,0,2015,17.852843754357867,30573972.0,17.235659616731876,17.852843754357867,unknown,0.0
Venezuela,40,54300000,1357500.0,30250000,10600000,11850000,1600000,0,2016,17.810034784904165,30765720.0,17.24191164110082,17.810034784904165,unknown,0.0
Venezuela,59,72800000,1233898.3050847459,39375000,16125000,14825000,2475000,0,2017,18.103226513166913,30565323.0,17.235376689031856,18.103226513166913,unknown,0.0
Venezuela,65,72350000,1113076.923076923,37225000,16550000,14875000,3700000,0,2018,18.097026011041766,29807592.0,17.210273684129188,18.097026011041766,unknown,0.0
Venezuela,67,78475000,1171268.656716418,42650000,17000000,13400000,5425000,0,2019,18.17829066069229,28938098.0,17.180669554823986,18.17829066069229,unknown,0.0
Venezuela,73,90825000,1244178.082191781,51975000,16325000,15850000,6675000,0,2020,18.32444513607154,28444077.0,17.16345050705543,18.32444513607154,unknown,0.0
Venezuela,74,93275000,1260472.972972973,51075000,23875000,13450000,4875000,0,2021,18.351062677071496,28237826.0,17.15617298462314,18.351062677071496,unknown,0.0
Venezuela,77,86125000,1118506.4935064935,43200000,25950000,12200000,4775000,0,2022,18.271310287298096,28213017.0,17.15529402515048,18.271310287298096,unknown,0.0
Venezuela,81,61585000,760308.6419753087,28285000,16500000,10875000,5925000,0,2023,17.935928892357722,28300854.0,17.158402538836604,17.935928892357722,unknown,0.0
Venezuela,82,69475000,847256.0975609756,25975000,28200000,10875000,4425000,0,2024,18.05647753359284,28405543.0,17.162094860143405,18.05647753359284,unknown,0.0
Vietnam,1,25000,25000.0,25000,0,0,0,0,2017,10.126631103850338,95176977.0,18.371248632278718,10.126631103850338,unknown,0.0
Vietnam,1,25000,25000.0,25000,0,0,0,0,2018,10.126631103850338,96237319.0,18.382327771802938,10.126631103850338,unknown,0.0
Vietnam,1,25000,25000.0,25000,0,0,0,0,2019,10.126631103850338,97173776.0,18.39201143879097,10.126631103850338,unknown,0.0
Vietnam,2,350000,175000.0,200000,0,150000,0,0,2020,12.765688433465597,98079191.0,18.40128578174948,12.765688433465597,unknown,0.0
Vietnam,2,450000,225000.0,250000,0,200000,0,0,2021,13.017002861746503,98935098.0,18.409974617357538,13.017002861746503,unknown,0.0
Vietnam,2,450000,225000.0,250000,0,200000,0,0,2022,13.017002861746503,99680655.0,18.417482184009117,13.017002861746503,unknown,0.0
Vietnam,2,550000,275000.0,275000,0,275000,0,0,2023,13.217673557208654,100352192.0,18.42419647651564,13.217673557208654,unknown,0.0
Vietnam,2,550000,275000.0,250000,0,300000,0,0,2024,13.217673557208654,100987686.0,18.430509146580512,13.217673557208654,unknown,0.0
Wales,10,41625000,4162500.0,12000000,29100000,250000,275000,0,2005,17.544211506264883,60401206.0,17.916519629593125,17.544211506264883,unknown,0.0
Wales,11,30100000,2736363.6363636362,9000000,18950000,1650000,500000,0,2006,17.220035729719104,60846820.0,17.923870116377337,17.220035729719104,unknown,0.0
Wales,15,27975000,1865000.0,9150000,15650000,1700000,1475000,0,2007,17.146821812162262,61322463.0,17.93165677750175,17.146821812162262,unknown,0.0
Wales,19,51100000,2689473.6842105263,27000000,16275000,6050000,1775000,0,2008,17.74929505517393,61806995.0,17.93952710372494,17.74929505517393,unknown,0.0
Wales,24,49125000,2046875.0,17450000,21250000,6750000,3675000,0,2009,17.7098786281537,62276270.0,17.947091012320875,17.7098786281537,unknown,0.0
Wales,30,58800000,1960000.0,18750000,25700000,8850000,5500000,0,2010,17.889652412868855,62766365.0,17.954929898787338,17.889652412868855,unknown,0.0
Wales,38,72625000,1911184.2105263157,26975000,26450000,12800000,6400000,0,2011,18.10081977313635,63258810.0,17.962744964409705,18.10081977313635,unknown,0.0
Wales,41,81000000,1975609.756097561,31475000,28025000,15575000,5925000,0,2012,18.209959712636714,63711000.0,17.969867790092547,18.209959712636714,unknown,0.0
Wales,43,122375000,2845930.2325581396,48275000,42625000,22350000,9125000,0,2013,18.62260065881495,64139000.0,17.976563161212827,18.62260065881495,unknown,0.0
Wales,47,164400000,3497872.340425532,87925000,43050000,27150000,6275000,0,2014,18.917813040586353,64620000.0,17.984034518360627,18.917813040586353,unknown,0.0
Wales,57,185175000,3248684.210526316,88525000,54400000,33425000,8825000,0,2015,19.036811881863628,65088000.0,17.99125075839037,19.036811881863628,unknown,0.0
Wales,64,190675000,2979296.875,88225000,55175000,38725000,8550000,0,2016,19.066080966014578,65607000.0,17.999192955538568,19.066080966014578,unknown,0.0
Wales,72,219125000,3043402.777777778,100750000,63375000,43225000,11775000,0,2017,19.205152901205672,65966000.0,18.00465001573942,19.205152901205672,unknown,0.0
Wales,78,224000000,2871794.871794872,86825000,73200000,49050000,14925000,0,2018,19.227156609819314,66289000.0,18.009534528872233,19.227156609819314,unknown,0.0
Wales,83,286525000,3452108.43373494,112025000,88050000,64550000,21900000,0,2019,19.473336350347036,66631000.0,18.014680492680636,19.473336350347036,unknown,0.0
Wales,88,312625000,3552556.8181818184,150125000,79950000,65525000,17025000,0,2020,19.56051494716206,66744000.0,18.016374963564047,19.56051494716206,unknown,0.0
Wales,92,226450000,2461413.0434782607,91875000,52025000,68275000,14275000,0,2021,19.238034727966497,66984000.0,18.019964342866405,19.238034727966497,unknown,0.0
Wales,105,189500000,1804761.9047619049,81200000,38000000,57200000,13100000,0,2022,19.059899582486754,67604000.0,18.029177710860257,19.059899582486754,unknown,0.0
Wales,116,216350000,1865086.2068965517,95150000,32775000,75175000,13250000,0,2023,19.192408024635167,68492000.0,18.042227508091,19.192408024635167,unknown,0.0
Wales,123,225650000,1834552.8455284552,112550000,36100000,69200000,7800000,0,2024,19.234495684237285,69226000.0,18.05288707256521,19.234495684237285,unknown,0.0
Zambia,1,300000,300000.0,300000,0,0,0,0,2005,12.611537753638338,11718819.0,16.276706569117625,12.611537753638338,unknown,0.0
Zambia,1,300000,300000.0,300000,0,0,0,0,2006,12.611537753638338,12129553.0,16.311155429458044,12.611537753638338,unknown,0.0
Zambia,1,300000,300000.0,300000,0,0,0,0,2007,12.611537753638338,12565085.0,16.34643249375987,12.611537753638338,unknown,0.0
Zambia,1,850000,850000.0,850000,0,0,0,0,2008,13.652991628466498,13021324.0,16.38209887928279,13.652991628466498,unknown,0.0
Zambia,2,975000,487500.0,975000,0,0,0,0,2009,13.790192749979985,13490389.0,16.41748806394313,13.790192749979985,unknown,0.0
Zambia,4,1450000,362500.0,1300000,0,150000,0,0,2010,14.187074114396758,13965594.0,16.452107291365532,14.187074114396758,unknown,0.0
Zambia,5,3825000,765000.0,3675000,0,150000,0,0,2011,15.157069025242773,14437796.0,16.485360048200622,15.157069025242773,unknown,0.0
Zambia,5,5600000,1120000.0,5350000,0,250000,0,0,2012,15.538277155705378,14913629.0,16.517786050820987,15.538277155705378,unknown,0.0
Zambia,7,7600000,1085714.2857142857,6650000,350000,600000,0,0,2013,15.84365880525656,15398997.0,16.549812935392687,15.84365880525656,unknown,0.0
Zambia,7,7150000,1021428.5714285715,6200000,350000,600000,0,0,2014,15.78262291467019,15895315.0,16.581534969683364,15.78262291467019,unknown,0.0
Zambia,8,8950000,1118750.0,6250000,500000,2200000,0,0,2015,16.007164090251038,16399089.0,16.61273634247105,16.007164090251038,unknown,0.0
Zambia,8,8200000,1025000.0,6050000,400000,1750000,0,0,2016,15.919644712234481,16914423.0,16.64367724787998,15.919644712234481,unknown,0.0
Zambia,9,7700000,855555.5555555555,5500000,400000,1800000,0,0,2017,15.856730886823913,17441320.0,16.674352661654304,15.856730886823913,unknown,0.0
Zambia,15,8975000,598333.3333333334,5675000,1150000,2150000,0,0,2018,16.009953492338617,17973569.0,16.70441284783206,16.009953492338617,unknown,0.0
Zambia,15,11975000,798333.3333333334,5975000,3600000,2400000,0,0,2019,16.298331701261255,18513839.0,16.73402906444963,16.298331701261255,unknown,0.0
Zambia,17,22100000,1300000.0,12800000,7300000,2000000,0,0,2020,16.911088166487982,19059395.0,16.76307071381876,16.911088166487982,unknown,0.0
Zambia,18,40750000,2263888.888888889,24525000,14875000,1350000,0,0,2021,17.522966397651146,19603607.0,16.791224137881436,17.522966397651146,unknown,0.0
Zambia,18,54475000,3026388.888888889,30975000,22100000,1400000,0,0,2022,17.813252438794958,20152938.0,16.818860642179853,17.813252438794958,unknown,0.0
Zambia,19,53650000,2823684.210526316,31425000,20900000,1325000,0,0,2023,17.79799202704098,20723965.0,16.846801318052236,17.79799202704098,unknown,0.0
Zambia,19,52300000,2752631.5789473685,30375000,20975000,950000,0,0,2024,17.772506929035153,21314956.0,16.87491954390533,17.772506929035153,unknown,0.0
Zimbabwe,1,300000,300000.0,0,300000,0,0,0,2007,12.611537753638338,12804058.0,16.365272709896058,12.611537753638338,unknown,0.0
Zimbabwe,1,400000,400000.0,0,400000,0,0,0,2008,12.89921982609012,12959149.0,16.377312583152207,12.89921982609012,unknown,0.0
Zimbabwe,1,600000,600000.0,0,600000,0,0,0,2009,13.304684934198283,13142790.0,16.3913838772493,13.304684934198283,unknown,0.0
Zimbabwe,5,2150000,430000.0,1250000,900000,0,0,0,2010,14.580978400103845,13356548.0,16.40751730945254,14.580978400103845,unknown,0.0
Zimbabwe,6,3500000,583333.3333333334,2550000,950000,0,0,0,2011,15.068273526459642,13595424.0,16.425243823499116,15.068273526459642,unknown,0.0
Zimbabwe,8,4625000,578125.0,2450000,2100000,75000,0,0,2012,15.346986928928663,13817887.0,16.44147447025826,15.346986928928663,unknown,0.0
Zimbabwe,8,4500000,562500.0,2150000,2250000,100000,0,0,2013,15.319587954740548,14013808.0,16.455553687233632,15.319587954740548,unknown,0.0
Zimbabwe,8,4150000,518750.0,2100000,1750000,300000,0,0,2014,15.238618892206881,14207359.0,16.469270627768427,15.238618892206881,unknown,0.0
Zimbabwe,11,4300000,390909.0909090909,2300000,1400000,600000,0,0,2015,15.27412558066379,14399013.0,16.482670220530476,15.27412558066379,unknown,0.0
Zimbabwe,14,6975000,498214.28571428574,2175000,2250000,2550000,0,0,2016,15.757842885671703,14600294.0,16.49655222346212,15.757842885671703,unknown,0.0
Zimbabwe,16,10525000,657812.5,2025000,4450000,4050000,0,0,2017,16.16926393753272,14812482.0,16.51098076166901,16.16926393753272,unknown,0.0
Zimbabwe,17,14225000,836764.7058823529,2800000,6975000,4450000,0,0,2018,16.47051153797667,15034452.0,16.52585492545318,16.47051153797667,unknown,0.0
Zimbabwe,18,20250000,1125000.0,4525000,11775000,3950000,0,0,2019,16.823665351516823,15271368.0,16.541490260608427,16.823665351516823,unknown,0.0
Zimbabwe,20,19950000,997500.0,3875000,12375000,3700000,0,0,2020,16.808739701300148,15526888.0,16.55808378869584,16.808739701300148,unknown,0.0
Zimbabwe,21,21025000,1001190.4761904762,8025000,10775000,2225000,0,0,2021,16.861222763823285,15797210.0,16.575343900126228,16.861222763823285,unknown,0.0
Zimbabwe,22,26575000,1207954.5454545454,9825000,11200000,5550000,0,0,2022,17.095481482192287,16069056.0,16.59240599298888,17.095481482192287,unknown,0.0
Zimbabwe,23,25675000,1116304.347826087,6775000,10950000,7950000,0,0,2023,17.061028313778895,16340822.0,16.60917695212838,17.061028313778895,unknown,0.0
Zimbabwe,24,32300000,1345833.3333333333,3900000,18050000,10350000,0,0,2024,17.290577788192884,16634373.0,16.626981775110302,17.290577788192884,unknown,0.0
